零件号,零件名称,包装袋情况,干燥剂情况,零件质量要求,包装等级分类,单车用量,零件分类,零件重量（KG）,零件种类
H97A7903012AB,后PS天线,,,1. 核心防护：防损伤、防污损、防丢失；2. 外观要求：表面无划痕、无锈蚀、无破损；3. 尺寸要求：符合设计图纸要求；4. 通用要求：无明显质量缺陷,C,2,采购件,0.042,总装
H97A6309002AA,车体上背门限位器,,,1. 核心防护：防损伤、防污损、防丢失；2. 外观要求：表面无划痕、无锈蚀、无破损；3. 尺寸要求：符合设计图纸要求；4. 通用要求：无明显质量缺陷,C,2,采购件,,总装
H97Y8202901AABH08,右外后视镜合件,,,1. 核心防护：防损伤、防污损、防丢失；2. 外观要求：表面无划痕、无锈蚀、无破损；3. 尺寸要求：符合设计图纸要求；4. 通用要求：无明显质量缺陷,B,1,采购件,1.69,总装
H97A5511798AA,防撞卡扣,,,1. 核心防护：防腐蚀、防丢失、防损伤；2. 材质要求：无锈蚀、无裂纹、无变形；,C,2,采购件,,总装
H97C5001029CA,门槛连接梁总成,,,1. 核心防护：防变形、防划伤、防碰撞；2. 尺寸要求：关键尺寸偏差≤±0.5mm；3. 表面要求：无凹陷、无划痕、无锈蚀；4. 材质要求：符合设计强度标准,C,1,采购件,,总装
HQ32406L1,六角法兰面承面带齿螺母,,,1. 核心防护：防腐蚀、防丢失、防损伤；2. 材质要求：无锈蚀、无裂纹、无变形；,C,7,采购件,,总装
H97A8403004AA,右翼子板装饰板,,,1. 核心防护：防变形、防划伤、防碰撞；2. 尺寸要求：关键尺寸偏差≤±0.5mm；3. 表面要求：无凹陷、无划痕、无锈蚀；4. 材质要求：符合设计强度标准,B,1,采购件,0.233,总装
Q673C23F62B,B型钢带式弹性软管夹箍,,,1. 核心防护：防挤压、防破损、防老化；2. 密封要求：接口密封良好，无泄漏风险；3. 材质要求：无裂纹、无气泡、无破损；4. 尺寸要求：内径、壁厚符合设计要求,C,7,采购件,,总装
H97C3617800AA,ESC执行机构总成,,,1. 核心防护：防损伤、防污损、防丢失；2. 外观要求：表面无划痕、无锈蚀、无破损；3. 尺寸要求：符合设计图纸要求；4. 通用要求：无明显质量缺陷,C,1,采购件,2.2,总装
HQY37601A,密封卡扣,,,1. 核心防护：防腐蚀、防丢失、防损伤；2. 材质要求：无锈蚀、无裂纹、无变形；,C,3,采购件,0.001,总装
H97A5512911ABBKGA,右后门槛迎宾护板合件,,,1. 核心防护：防变形、防划伤、防碰撞；2. 尺寸要求：关键尺寸偏差≤±0.5mm；3. 表面要求：无凹陷、无划痕、无锈蚀；4. 材质要求：符合设计强度标准,B,1,采购件,0.25,总装
H97A3716008AA,后组合灯移动侧右侧板,,,1. 核心防护：防变形、防划伤、防碰撞；2. 尺寸要求：关键尺寸偏差≤±0.5mm；3. 表面要求：无凹陷、无划痕、无锈蚀；4. 材质要求：符合设计强度标准,C,1,采购件,0.06,总装
H97X3101055AA,左下裙边装饰件总成,,,1. 核心防护：防损伤、防污损、防丢失；2. 外观要求：表面无划痕、无锈蚀、无破损；3. 尺寸要求：符合设计图纸要求；4. 通用要求：无明显质量缺陷,B,1,采购件,,
H97X2312007XA,前底盘模块总成,防锈袋,有,1. 核心防护：防震动、防潮湿、防静电、防冲击；2. 电气要求：绝缘性能良好，无短路风险；3. 外观要求：外壳无破损，接口无变形；4. 存储要求：温度-20~50℃，湿度≤60%,A,1,自制件,,
H97E5016060AA,堵盖20*28,,,1. 核心防护：防损伤、防污损、防丢失；2. 外观要求：表面无划痕、无锈蚀、无破损；3. 尺寸要求：符合设计图纸要求；4. 通用要求：无明显质量缺陷,C,1,采购件,0.005,总装
H97A3506017AA,制动管隔离扎带,,,1. 核心防护：防挤压、防破损、防老化；2. 密封要求：接口密封良好，无泄漏风险；3. 材质要求：无裂纹、无气泡、无破损；4. 尺寸要求：内径、壁厚符合设计要求,C,1,采购件,,总装
Q673C23F62K,钢带式弹性软管夹箍-预张开式,,,1. 核心防护：防挤压、防破损、防老化；2. 密封要求：接口密封良好，无泄漏风险；3. 材质要求：无裂纹、无气泡、无破损；4. 尺寸要求：内径、壁厚符合设计要求,C,5,采购件,,总装
H97A5512910ABBKGA,左后门槛迎宾护板合件,,,1. 核心防护：防变形、防划伤、防碰撞；2. 尺寸要求：关键尺寸偏差≤±0.5mm；3. 表面要求：无凹陷、无划痕、无锈蚀；4. 材质要求：符合设计强度标准,B,1,采购件,0.25,总装
H97A5520114AB,右后侧围安装支架,,,1. 核心防护：防损伤、防污损、防丢失；2. 外观要求：表面无划痕、无锈蚀、无破损；3. 尺寸要求：符合设计图纸要求；4. 通用要求：无明显质量缺陷,C,1,采购件,0.115,总装
H97D5006177AA,左翼子板摄像头防护板总成,,,1. 核心防护：防变形、防划伤、防碰撞；2. 尺寸要求：关键尺寸偏差≤±0.5mm；3. 表面要求：无凹陷、无划痕、无锈蚀；4. 材质要求：符合设计强度标准,C,1,采购件,0.046,总装
H97A7903011AB,前PS天线,,,1. 核心防护：防损伤、防污损、防丢失；2. 外观要求：表面无划痕、无锈蚀、无破损；3. 尺寸要求：符合设计图纸要求；4. 通用要求：无明显质量缺陷,C,1,采购件,0.025,总装
H97D3900001AA,随车工具盒,,,1. 核心防护：防污损、防丢失、防损坏；2. 内容要求：资料完整，无缺页、无破损；3. 外观要求：工具无锈蚀，表面无损伤；4. 完整性：数量齐全，无缺失,C,1,采购件,,总装
HQY71625,7/16英制螺栓（25）,,,1. 核心防护：防腐蚀、防丢失、防损伤；2. 材质要求：无锈蚀、无裂纹、无变形；,C,6,采购件,0.033,总装
H97A5301004AA,前围下板总成,防锈袋,有,1. 核心防护：防变形、防划伤、防碰撞；2. 尺寸要求：关键尺寸偏差≤±0.5mm；3. 表面要求：无凹陷、无划痕、无锈蚀；4. 材质要求：符合设计强度标准,A,1,焊装件,,总装
H97A1174001AA,碳罐脱附管2号,,,1. 核心防护：防挤压、防破损、防老化；2. 密封要求：接口密封良好，无泄漏风险；3. 材质要求：无裂纹、无气泡、无破损；4. 尺寸要求：内径、壁厚符合设计要求,C,1,采购件,0.102,总装
HQY215B0618L2,内六角花形大半圆头螺钉和平垫圈组合件,,,1. 核心防护：防腐蚀、防丢失、防损伤；2. 材质要求：无锈蚀、无裂纹、无变形；,C,3,采购件,,总装
H97D1303043AA,三通比例阀到三通水管,,,1. 核心防护：防挤压、防破损、防老化；2. 密封要求：接口密封良好，无泄漏风险；3. 材质要求：无裂纹、无气泡、无破损；4. 尺寸要求：内径、壁厚符合设计要求,C,1,采购件,,总装
HQ18612100T10L1QD,带导向六角法兰面螺栓和带齿垫圈组合件,,,1. 核心防护：防腐蚀、防丢失、防损伤；2. 材质要求：无锈蚀、无裂纹、无变形；,C,8,采购件,,总装
HQY401B14,平垫圈,,,1. 核心防护：防腐蚀、防丢失、防损伤；2. 材质要求：无锈蚀、无裂纹、无变形；,C,2,采购件,,总装
H97C5505043AAAG16,副仪表板小储物盒,,,1. 核心防护：防变形、防划伤、防碰撞；2. 尺寸要求：关键尺寸偏差≤±0.5mm；3. 表面要求：无凹陷、无划痕、无锈蚀；4. 材质要求：符合设计强度标准,C,1,采购件,0.3,总装
H97C5001028AA,副仪表板后安装支架总成,防锈袋,,1. 核心防护：防变形、防划伤、防碰撞；2. 尺寸要求：关键尺寸偏差≤±0.5mm；3. 表面要求：无凹陷、无划痕、无锈蚀；4. 材质要求：符合设计强度标准,C,1,采购件,0.653,总装
H97A5533002AA,后吹足管道前段总成（右）,,,1. 核心防护：防挤压、防破损、防老化；2. 密封要求：接口密封良好，无泄漏风险；3. 材质要求：无裂纹、无气泡、无破损；4. 尺寸要求：内径、壁厚符合设计要求,C,1,采购件,,
H97B3610800CA,整车控制器总成,,,1. 核心防护：防震动、防潮湿、防静电、防冲击；2. 电气要求：绝缘性能良好，无短路风险；3. 外观要求：外壳无破损，接口无变形；4. 存储要求：温度-20~50℃，湿度≤60%,B,1,采购件,0.55,总装
H97D1303027AA,蓄水瓶进水软管,,,1. 核心防护：防挤压、防破损、防老化；2. 密封要求：接口密封良好，无泄漏风险；3. 材质要求：无裂纹、无气泡、无破损；4. 尺寸要求：内径、壁厚符合设计要求,C,1,采购件,0.465,总装
HQY1470610T8X1,十字槽六角头法兰面螺栓,,,1. 核心防护：防腐蚀、防丢失、防损伤；2. 材质要求：无锈蚀、无裂纹、无变形；,C,8,采购件,,总装
HQ1840635,六角法兰面螺栓,,,1. 核心防护：防腐蚀、防丢失、防损伤；2. 材质要求：无锈蚀、无裂纹、无变形；,C,1,采购件,0.2,总装
H97A5001086AA,右后排安全带导向杆总成,,,1. 核心防护：防损伤、防污损、防丢失；2. 外观要求：表面无划痕、无锈蚀、无破损；3. 尺寸要求：符合设计图纸要求；4. 通用要求：无明显质量缺陷,C,1,采购件,,总装
H97D1303116AA,电机水泵进水管总成,,,1. 核心防护：防挤压、防破损、防老化；2. 密封要求：接口密封良好，无泄漏风险；3. 材质要求：无裂纹、无气泡、无破损；4. 尺寸要求：内径、壁厚符合设计要求,C,1,采购件,,总装
H97A3602812BB,蓄电池传感器,,,1. 核心防护：防震动、防潮湿、防静电、防冲击；2. 电气要求：绝缘性能良好，无短路风险；3. 外观要求：外壳无破损，接口无变形；4. 存储要求：温度-20~50℃，湿度≤60%,C,1,采购件,0.07,总装
H97A6207027AA,左后门防水膜,,,1. 核心防护：防损伤、防污损、防丢失；2. 外观要求：表面无划痕、无锈蚀、无破损；3. 尺寸要求：符合设计图纸要求；4. 通用要求：无明显质量缺陷,C,1,采购件,0.044,总装
H97X3629821AB,自动泊车控制器,,,1. 核心防护：防震动、防潮湿、防静电、防冲击；2. 电气要求：绝缘性能良好，无短路风险；3. 外观要求：外壳无破损，接口无变形；4. 存储要求：温度-20~50℃，湿度≤60%,C,1,采购件,0.571,总装
H97D2312005AA,前电机左悬置支架,,,1. 核心防护：防震动、防潮湿、防静电、防冲击；2. 电气要求：绝缘性能良好，无短路风险；3. 外观要求：外壳无破损，接口无变形；4. 存储要求：温度-20~50℃，湿度≤60%,C,1,采购件,0.58,总装
H97D5206005AA,左后角窗玻璃总成,,,1. 核心防护：防冲击、防划伤、防破碎；2. 外观要求：无气泡、无划痕、无杂质；,B,1,采购件,1.2275,总装
1108312-RA01,加速踏板螺栓堵盖2,,,1. 核心防护：防变形、防划伤、防碰撞；2. 尺寸要求：关键尺寸偏差≤±0.5mm；3. 表面要求：无凹陷、无划痕、无锈蚀；4. 材质要求：符合设计强度标准,C,1,采购件,0.009,总装
HQY1860616N1,搭铁螺栓,,,1. 核心防护：防腐蚀、防丢失、防损伤；2. 材质要求：无锈蚀、无裂纹、无变形；,C,35,采购件,,总装
HQ140B0626L2LSA,六角头螺栓和平垫圈组合件,,,1. 核心防护：防腐蚀、防丢失、防损伤；2. 材质要求：无锈蚀、无裂纹、无变形；,C,5,采购件,0.019,总装
H97A5207009AA,前管路总成2,,,1. 核心防护：防挤压、防破损、防老化；2. 密封要求：接口密封良好，无泄漏风险；3. 材质要求：无裂纹、无气泡、无破损；4. 尺寸要求：内径、壁厚符合设计要求,C,1,采购件,,总装
H97C5501010AABEGA,中护板总成,,,1. 核心防护：防变形、防划伤、防碰撞；2. 尺寸要求：关键尺寸偏差≤±0.5mm；3. 表面要求：无凹陷、无划痕、无锈蚀；4. 材质要求：符合设计强度标准,B,1,采购件,0.185,总装
H97A3925001AA,前徽标标牌,,,,,,,,
H97A5016016AA,橡胶堵盖Φ16,,,1. 核心防护：防老化、防挤压、防变形；2. 材质要求：无裂纹、无异味、无破损；3. 尺寸要求：关键尺寸偏差≤±1.0mm；4. 性能要求：弹性符合设计标准,C,32,采购件,0.001,总装
H97D1311006AA,发动机副水箱通气管,,,1. 核心防护：防挤压、防破损、防老化；2. 密封要求：接口密封良好，无泄漏风险；3. 材质要求：无裂纹、无气泡、无破损；4. 尺寸要求：内径、壁厚符合设计要求,C,1,采购件,,总装
Q215B0625T1F71,内六角花形盘头螺钉,,,1. 核心防护：防腐蚀、防丢失、防损伤；2. 材质要求：无锈蚀、无裂纹、无变形；,C,10,采购件,,总装
H97D3724109AA,副仪表台线束总成,,,1. 核心防护：防损伤、防污损、防丢失；2. 外观要求：表面无划痕、无锈蚀、无破损；3. 尺寸要求：符合设计图纸要求；4. 通用要求：无明显质量缺陷,C,1,采购件,,总装
H97B1104006BA,空气过滤器导管1号,,,1. 核心防护：防挤压、防破损、防老化；2. 密封要求：接口密封良好，无泄漏风险；3. 材质要求：无裂纹、无气泡、无破损；4. 尺寸要求：内径、壁厚符合设计要求,C,1,采购件,0.4,总装
H973602003,门压力传感器,,,1. 核心防护：防震动、防潮湿、防静电、防冲击；2. 电气要求：绝缘性能良好，无短路风险；3. 外观要求：外壳无破损，接口无变形；4. 存储要求：温度-20~50℃，湿度≤60%,C,2,采购件,0.02,总装
H97X3629833AA,前右角雷达,,,,,,,,
H97C9325010AA,电池包后高压线束总成,,,1. 核心防护：防震动、防潮湿、防静电、防冲击；2. 电气要求：绝缘性能良好，无短路风险；3. 外观要求：外壳无破损，接口无变形；4. 存储要求：温度-20~50℃，湿度≤60%,C,1,采购件,1.65,总装
H97X3629005AA,后左角雷达安装支架,,,1. 核心防护：防损伤、防污损、防丢失；2. 外观要求：表面无划痕、无锈蚀、无破损；3. 尺寸要求：符合设计图纸要求；4. 通用要求：无明显质量缺陷,C,1,采购件,0.15,总装
H97A5016007AA,堵盖Φ20,,,1. 核心防护：防损伤、防污损、防丢失；2. 外观要求：表面无划痕、无锈蚀、无破损；3. 尺寸要求：符合设计图纸要求；4. 通用要求：无明显质量缺陷,C,12,采购件,0.002,总装
H97C1104008AB,进油管3号总成,,,1. 核心防护：防挤压、防破损、防老化；2. 密封要求：接口密封良好，无泄漏风险；3. 材质要求：无裂纹、无气泡、无破损；4. 尺寸要求：内径、壁厚符合设计要求,C,1,采购件,0.08,总装
H97X3629809AA,后右角雷达,,,1. 核心防护：防损伤、防污损、防丢失；2. 外观要求：表面无划痕、无锈蚀、无破损；3. 尺寸要求：符合设计图纸要求；4. 通用要求：无明显质量缺陷,C,1,采购件,1.085,总装
Q2714816,十字槽盘头自攻螺钉-C型,,,1. 核心防护：防腐蚀、防丢失、防损伤；2. 材质要求：无锈蚀、无裂纹、无变形；,C,28,采购件,,总装
H97A5006130AA,前风窗玻璃右装饰条总成,,,1. 核心防护：防冲击、防划伤、防破碎；2. 外观要求：无气泡、无划痕、无杂质；,C,1,采购件,,总装
H97A6205011AA,后门外开拉丝总成,,,1. 核心防护：防损伤、防污损、防丢失；2. 外观要求：表面无划痕、无锈蚀、无破损；3. 尺寸要求：符合设计图纸要求；4. 通用要求：无明显质量缺陷,C,2,采购件,0.0377,总装
H97D3730105AC,后电机搭铁线束,,,1. 核心防护：防震动、防潮湿、防静电、防冲击；2. 电气要求：绝缘性能良好，无短路风险；3. 外观要求：外壳无破损，接口无变形；4. 存储要求：温度-20~50℃，湿度≤60%,C,1,采购件,,总装
H97C2803021BA,左前雷达支架1,,,,,,,,
H97C1103009EA,油箱隔热板,,,1. 核心防护：防变形、防划伤、防碰撞；2. 尺寸要求：关键尺寸偏差≤±0.5mm；3. 表面要求：无凹陷、无划痕、无锈蚀；4. 材质要求：符合设计强度标准,C,1,采购件,,总装
H97C7912005AA,车辆控制屏总成,,,1. 核心防护：防损伤、防污损、防丢失；2. 外观要求：表面无划痕、无锈蚀、无破损；3. 尺寸要求：符合设计图纸要求；4. 通用要求：无明显质量缺陷,B,1,采购件,0.65,总装
H97A5525006AAGZS1,右遮阳板底座盖板,,,1. 核心防护：防变形、防划伤、防碰撞；2. 尺寸要求：关键尺寸偏差≤±0.5mm；3. 表面要求：无凹陷、无划痕、无锈蚀；4. 材质要求：符合设计强度标准,C,1,采购件,,总装
H97A1307001BB,水泵总成,,,1. 核心防护：防损伤、防污损、防丢失；2. 外观要求：表面无划痕、无锈蚀、无破损；3. 尺寸要求：符合设计图纸要求；4. 通用要求：无明显质量缺陷,C,2,采购件,,总装
H97A3602022AD,右前轮速传感器总成,,,1. 核心防护：防震动、防潮湿、防静电、防冲击；2. 电气要求：绝缘性能良好，无短路风险；3. 外观要求：外壳无破损，接口无变形；4. 存储要求：温度-20~50℃，湿度≤60%,C,1,采购件,,总装
H97A6105006AA,锁芯连杆,,,1. 核心防护：防损伤、防污损、防丢失；2. 外观要求：表面无划痕、无锈蚀、无破损；3. 尺寸要求：符合设计图纸要求；4. 通用要求：无明显质量缺陷,C,1,采购件,0.007,总装
H97A5701008AB,顶盖外板,防锈袋,有,1. 核心防护：防变形、防划伤、防碰撞；2. 尺寸要求：关键尺寸偏差≤±0.5mm；3. 表面要求：无凹陷、无划痕、无锈蚀；4. 材质要求：符合设计强度标准,A,1,焊装自制件,9.191,焊装件
HQY18516110T10L1,六角法兰面螺栓,,,1. 核心防护：防腐蚀、防丢失、防损伤；2. 材质要求：无锈蚀、无裂纹、无变形；,C,2,采购件,0.2,总装
H97A6208009AA,左后门外开手柄壳体,,,1. 核心防护：防变形、防划伤、防碰撞；2. 尺寸要求：关键尺寸偏差≤±0.5mm；3. 表面要求：无凹陷、无划痕、无锈蚀；4. 材质要求：符合设计强度标准,C,1,采购件,,
H97A5020020AB,前机舱封板右加强板总成,防锈袋,有,1. 核心防护：防变形、防划伤、防碰撞；2. 尺寸要求：关键尺寸偏差≤±0.5mm；3. 表面要求：无凹陷、无划痕、无锈蚀；4. 材质要求：符合设计强度标准,A,1,焊装件,,
H97C5501105AABEGA,左下护板总成,,,1. 核心防护：防变形、防划伤、防碰撞；2. 尺寸要求：关键尺寸偏差≤±0.5mm；3. 表面要求：无凹陷、无划痕、无锈蚀；4. 材质要求：符合设计强度标准,C,1,采购件,,总装
H97D5006179AA,右翼子板摄像头防护板总成,,,1. 核心防护：防变形、防划伤、防碰撞；2. 尺寸要求：关键尺寸偏差≤±0.5mm；3. 表面要求：无凹陷、无划痕、无锈蚀；4. 材质要求：符合设计强度标准,C,1,采购件,,总装
H97D6207008AA,右后门窗台外密封条总成,,,1. 核心防护：防损伤、防污损、防丢失；2. 外观要求：表面无划痕、无锈蚀、无破损；3. 尺寸要求：符合设计图纸要求；4. 通用要求：无明显质量缺陷,C,1,采购件,0.371,总装
H97A6305002BA,背门锁扣总成,,,1. 核心防护：防损伤、防污损、防丢失；2. 外观要求：表面无划痕、无锈蚀、无破损；3. 尺寸要求：符合设计图纸要求；4. 通用要求：无明显质量缺陷,C,1,采购件,0.19,焊装件
H97X3101043AAPK01,左前轮眉上饰板,,,,,,,,
H97A5519003AB,前地板后地毯总成,,,1. 核心防护：防变形、防划伤、防碰撞；2. 尺寸要求：关键尺寸偏差≤±0.5mm；3. 表面要求：无凹陷、无划痕、无锈蚀；4. 材质要求：符合设计强度标准,B,1,采购件,5.178,总装
HQY39705,簧片螺母,,,,,,,,总装
6106200-RA01,前门上铰链总成（右）,,,1. 核心防护：防损伤、防污损、防丢失；2. 外观要求：表面无划痕、无锈蚀、无破损；3. 尺寸要求：符合设计图纸要求；4. 通用要求：无明显质量缺陷,C,3,采购件,,
H97A8402014AA,发动机罩后密封条总成,,,1. 核心防护：防损伤、防污损、防丢失；2. 外观要求：表面无划痕、无锈蚀、无破损；3. 尺寸要求：符合设计图纸要求；4. 通用要求：无明显质量缺陷,C,1,采购件,,总装
H97X3724306AJ,左前舱线束,,,1. 核心防护：防损伤、防污损、防丢失；2. 外观要求：表面无划痕、无锈蚀、无破损；3. 尺寸要求：符合设计图纸要求；4. 通用要求：无明显质量缺陷,B,1,采购件,,总装
H97D3724120AA,后背门转接线束总成,,,1. 核心防护：防损伤、防污损、防丢失；2. 外观要求：表面无划痕、无锈蚀、无破损；3. 尺寸要求：符合设计图纸要求；4. 通用要求：无明显质量缺陷,C,1,采购件,,总装
H97A6309014AA,背门右撑杆下支架总成-带球头销,,,1. 核心防护：防腐蚀、防丢失、防损伤；2. 材质要求：无锈蚀、无裂纹、无变形；,C,1,采购件,0.08,总装
H97X5200005AA,前风窗玻璃总成,PE袋,,1. 核心防护：防冲击、防划伤、防破碎；2. 外观要求：无气泡、无划痕、无杂质；,A,1,采购件,4.249,总装
H97A5301058AA,前防撞梁连接板（右）,,,1. 核心防护：防变形、防划伤、防碰撞；2. 尺寸要求：关键尺寸偏差≤±0.5mm；3. 表面要求：无凹陷、无划痕、无锈蚀；4. 材质要求：符合设计强度标准,B,1,采购件,,总装
HQ1840625,六角法兰面螺栓,,,1. 核心防护：防腐蚀、防丢失、防损伤；2. 材质要求：无锈蚀、无裂纹、无变形；,C,6,采购件,0.2,总装
H56A1300014AA,插销式尼龙双管夹,,,1. 核心防护：防挤压、防破损、防老化；2. 密封要求：接口密封良好，无泄漏风险；3. 材质要求：无裂纹、无气泡、无破损；4. 尺寸要求：内径、壁厚符合设计要求,C,1,采购件,0.02,总装
H97A3615806BA,香氛发生器,,,1. 核心防护：防损伤、防污损、防丢失；2. 外观要求：表面无划痕、无锈蚀、无破损；3. 尺寸要求：符合设计图纸要求；4. 通用要求：无明显质量缺陷,C,1,采购件,0.239,总装
HQY27A0385,内六角花形盘头自攻螺钉,,,1. 核心防护：防腐蚀、防丢失、防损伤；2. 材质要求：无锈蚀、无裂纹、无变形；,C,6,采购件,,总装
HQY1861060T10L1QD,带导向六角法兰面螺栓,,,1. 核心防护：防腐蚀、防丢失、防损伤；2. 材质要求：无锈蚀、无裂纹、无变形；,C,4,采购件,0.131,总装
HQY1861050T10L1,六角法兰面螺栓,,,1. 核心防护：防腐蚀、防丢失、防损伤；2. 材质要求：无锈蚀、无裂纹、无变形；,C,2,采购件,0.2,总装
H97A3718903AC,右后门外开手柄合件,,,1. 核心防护：防损伤、防污损、防丢失；2. 外观要求：表面无划痕、无锈蚀、无破损；3. 尺寸要求：符合设计图纸要求；4. 通用要求：无明显质量缺陷,B,1,采购件,0.678,总装
HQ1840618,六角法兰面螺栓,,,1. 核心防护：防腐蚀、防丢失、防损伤；2. 材质要求：无锈蚀、无裂纹、无变形；,C,2,采购件,0.2,总装
H97A7909002BA,高音扬声器,,,1. 核心防护：防损伤、防污损、防丢失；2. 外观要求：表面无划痕、无锈蚀、无破损；3. 尺寸要求：符合设计图纸要求；4. 通用要求：无明显质量缺陷,C,2,采购件,0.149,总装
H97C2803019AA,前保险杠中支撑板,,,,,,,,
H37A5001226BA,蓄电池撑杆,,,1. 核心防护：防震动、防潮湿、防静电、防冲击；2. 电气要求：绝缘性能良好，无短路风险；3. 外观要求：外壳无破损，接口无变形；4. 存储要求：温度-20~50℃，湿度≤60%,C,2,采购件,0.046,总装
HQY37206135,六角平头铆螺母,,,1. 核心防护：防腐蚀、防丢失、防损伤；2. 材质要求：无锈蚀、无裂纹、无变形；,C,6,采购件,,总装
H97C5505019AABKAA,上面板总成,,,1. 核心防护：防变形、防划伤、防碰撞；2. 尺寸要求：关键尺寸偏差≤±0.5mm；3. 表面要求：无凹陷、无划痕、无锈蚀；4. 材质要求：符合设计强度标准,C,1,采购件,0.9445,总装
H97D3714001AAJG08,左后顶灯总成,,,1. 核心防护：防损伤、防污损、防丢失；2. 外观要求：表面无划痕、无锈蚀、无破损；3. 尺寸要求：符合设计图纸要求；4. 通用要求：无明显质量缺陷,C,1,采购件,0.032,总装
H53A3629001AB,带数据传输USB充电器,,,1. 核心防护：防震动、防潮湿、防静电、防冲击；2. 电气要求：绝缘性能良好，无短路风险；3. 外观要求：外壳无破损，接口无变形；4. 存储要求：温度-20~50℃，湿度≤60%,C,1,采购件,0.04,总装
H97A6103011BA,左前门玻璃总成,无,,1. 核心防护：防冲击、防划伤、防破碎；2. 外观要求：无气泡、无划痕、无杂质；,A,1,采购件,4.072,总装
1104234-RA51,燃油管单管夹,,,1. 核心防护：防挤压、防破损、防老化；2. 密封要求：接口密封良好，无泄漏风险；3. 材质要求：无裂纹、无气泡、无破损；4. 尺寸要求：内径、壁厚符合设计要求,C,1,采购件,0.005,总装
H97C3609006AG,手机无线充电控制器,,,1. 核心防护：防震动、防潮湿、防静电、防冲击；2. 电气要求：绝缘性能良好，无短路风险；3. 外观要求：外壳无破损，接口无变形；4. 存储要求：温度-20~50℃，湿度≤60%,C,1,采购件,0.257,总装
H97E5001060AC,机舱组合杆总成,,,1. 核心防护：防损伤、防污损、防丢失；2. 外观要求：表面无划痕、无锈蚀、无破损；3. 尺寸要求：符合设计图纸要求；4. 通用要求：无明显质量缺陷,B,1,采购件,4.094,总装
H97A5515015ABJK05,后背门左侧装饰板总成,,,1. 核心防护：防变形、防划伤、防碰撞；2. 尺寸要求：关键尺寸偏差≤±0.5mm；3. 表面要求：无凹陷、无划痕、无锈蚀；4. 材质要求：符合设计强度标准,C,1,采购件,0.259,总装
H97C1303141AA,中冷低温散热器出水管,,,1. 核心防护：防挤压、防破损、防老化；2. 密封要求：接口密封良好，无泄漏风险；3. 材质要求：无裂纹、无气泡、无破损；4. 尺寸要求：内径、壁厚符合设计要求,C,1,采购件,,
HQY32006,搭铁螺母,,,1. 核心防护：防腐蚀、防丢失、防损伤；2. 材质要求：无锈蚀、无裂纹、无变形；,C,1,采购件,,总装
H97A8405035AA,右遮缝装饰件,,,1. 核心防护：防损伤、防污损、防丢失；2. 外观要求：表面无划痕、无锈蚀、无破损；3. 尺寸要求：符合设计图纸要求；4. 通用要求：无明显质量缺陷,C,1,采购件,,总装
H97C1101003AB,燃油箱带油泵总成,,,1. 核心防护：防损伤、防污损、防丢失；2. 外观要求：表面无划痕、无锈蚀、无破损；3. 尺寸要求：符合设计图纸要求；4. 通用要求：无明显质量缺陷,B,1,采购件,,总装
H97Y3714005AAJK05,前顶灯总成,,,1. 核心防护：防损伤、防污损、防丢失；2. 外观要求：表面无划痕、无锈蚀、无破损；3. 尺寸要求：符合设计图纸要求；4. 通用要求：无明显质量缺陷,C,1,采购件,0.77,总装
HQY39705,簧片螺母,,,1. 核心防护：防腐蚀、防丢失、防损伤；2. 材质要求：无锈蚀、无裂纹、无变形；,C,5,采购件,,总装
H97A8404011AA,排水管护套,,,1. 核心防护：防挤压、防破损、防老化；2. 密封要求：接口密封良好，无泄漏风险；3. 材质要求：无裂纹、无气泡、无破损；4. 尺寸要求：内径、壁厚符合设计要求,C,2,采购件,0.0015,总装
H97D3506002AA,制动管路2号总成,,,1. 核心防护：防挤压、防破损、防老化；2. 密封要求：接口密封良好，无泄漏风险；3. 材质要求：无裂纹、无气泡、无破损；4. 尺寸要求：内径、壁厚符合设计要求,C,1,采购件,0.104,总装
H97A2800010CN,车架右前段总成,防锈袋,有,1. 核心防护：防损伤、防污损、防丢失；2. 外观要求：表面无划痕、无锈蚀、无破损；3. 尺寸要求：符合设计图纸要求；4. 通用要求：无明显质量缺陷,A,1,焊装件,,焊装件
H97C3619812AG,车载充电机总成6.6KW,,,1. 核心防护：防震动、防潮湿、防静电、防冲击；2. 电气要求：绝缘性能良好，无短路风险；3. 外观要求：外壳无破损，接口无变形；4. 存储要求：温度-20~50℃，湿度≤60%,B,1,采购件,10.5,总装
HQY1470620T8X1,十字槽六角头法兰面螺栓,,,1. 核心防护：防腐蚀、防丢失、防损伤；2. 材质要求：无锈蚀、无裂纹、无变形；,C,4,采购件,,总装
H97A5526008AAJG08,后排右安全拉手,,,1. 核心防护：防损伤、防污损、防丢失；2. 外观要求：表面无划痕、无锈蚀、无破损；3. 尺寸要求：符合设计图纸要求；4. 通用要求：无明显质量缺陷,C,1,采购件,0.13,总装
H97C1311003AA,电机副水箱通气管,,,1. 核心防护：防挤压、防破损、防老化；2. 密封要求：接口密封良好，无泄漏风险；3. 材质要求：无裂纹、无气泡、无破损；4. 尺寸要求：内径、壁厚符合设计要求,C,1,采购件,0.061,总装
HQY1401265T10L2QD,带导向六角法兰面螺栓和平垫圈组合件,,,1. 核心防护：防腐蚀、防丢失、防损伤；2. 材质要求：无锈蚀、无裂纹、无变形；,C,12,采购件,,总装
H97A5515020ABJK05,后背门右侧装饰板总成,,,1. 核心防护：防变形、防划伤、防碰撞；2. 尺寸要求：关键尺寸偏差≤±0.5mm；3. 表面要求：无凹陷、无划痕、无锈蚀；4. 材质要求：符合设计强度标准,C,1,采购件,,总装
H97A5013003AA,前罩隔音垫,,,1. 核心防护：防损伤、防污损、防丢失；2. 外观要求：表面无划痕、无锈蚀、无破损；3. 尺寸要求：符合设计图纸要求；4. 通用要求：无明显质量缺陷,C,1,采购件,0.527,总装
HQY1851285T10L1D,六角法兰面螺栓,,,1. 核心防护：防腐蚀、防丢失、防损伤；2. 材质要求：无锈蚀、无裂纹、无变形；,C,2,采购件,0.2,总装
H97D1303074AA,低温散热器出水管总成,,,1. 核心防护：防挤压、防破损、防老化；2. 密封要求：接口密封良好，无泄漏风险；3. 材质要求：无裂纹、无气泡、无破损；4. 尺寸要求：内径、壁厚符合设计要求,C,1,采购件,,总装
H97C1203001AA,前端排气管总成,,,1. 核心防护：防挤压、防破损、防老化；2. 密封要求：接口密封良好，无泄漏风险；3. 材质要求：无裂纹、无气泡、无破损；4. 尺寸要求：内径、壁厚符合设计要求,C,1,采购件,3.45,总装
H97A1103001AA,油箱盖总成,,,1. 核心防护：防损伤、防污损、防丢失；2. 外观要求：表面无划痕、无锈蚀、无破损；3. 尺寸要求：符合设计图纸要求；4. 通用要求：无明显质量缺陷,C,1,采购件,0.06,总装
H97C2803110AA,泡棉,,,,,,,,
HQY140B0640L1SA,六角头螺栓和平垫圈组合件,,,1. 核心防护：防腐蚀、防丢失、防损伤；2. 材质要求：无锈蚀、无裂纹、无变形；,C,2,采购件,0.019,总装
H97D1109016AA,空滤器支撑3,,,1. 核心防护：防损伤、防污损、防丢失；2. 外观要求：表面无划痕、无锈蚀、无破损；3. 尺寸要求：符合设计图纸要求；4. 通用要求：无明显质量缺陷,C,1,采购件,,总装
H97A6104008AA,右前门玻璃升降器总成,,,1. 核心防护：防冲击、防划伤、防破碎；2. 外观要求：无气泡、无划痕、无杂质；,B,1,采购件,1.55,总装
H97A3602806AD,脚踢控制器,,,,,,,,
H56A8402039AA,发动机罩缓冲块,,,1. 核心防护：防老化、防挤压、防变形；2. 材质要求：无裂纹、无异味、无破损；3. 尺寸要求：关键尺寸偏差≤±1.0mm；4. 性能要求：弹性符合设计标准,C,4,采购件,0.11,总装
H97X5518900BATE15,顶棚合件,,,1. 核心防护：防损伤、防污损、防丢失；2. 外观要求：表面无划痕、无锈蚀、无破损；3. 尺寸要求：符合设计图纸要求；4. 通用要求：无明显质量缺陷,B,1,采购件,2.7,总装
H97C5013011AA,行李箱地板外隔音垫,,,1. 核心防护：防变形、防划伤、防碰撞；2. 尺寸要求：关键尺寸偏差≤±0.5mm；3. 表面要求：无凹陷、无划痕、无锈蚀；4. 材质要求：符合设计强度标准,C,1,采购件,0.3,总装
H97X3101031AA,右前轮眉装饰件本体,,,,,,,,
HQY33112T10L1UA,全金属六角法兰面锁紧螺母,,,1. 核心防护：防腐蚀、防丢失、防损伤；2. 材质要求：无锈蚀、无裂纹、无变形；,C,2,采购件,,总装
HQY398B02,座垫卡扣,,,1. 核心防护：防腐蚀、防丢失、防损伤；2. 材质要求：无锈蚀、无裂纹、无变形；,C,2,采购件,0.007,总装
HQ1860616L1L,六角法兰面螺栓,,,1. 核心防护：防腐蚀、防丢失、防损伤；2. 材质要求：无锈蚀、无裂纹、无变形；,C,1,采购件,0.2,总装
H97A3718014AA,右前门照地灯,,,1. 核心防护：防损伤、防污损、防丢失；2. 外观要求：表面无划痕、无锈蚀、无破损；3. 尺寸要求：符合设计图纸要求；4. 通用要求：无明显质量缺陷,C,1,采购件,0.068,总装
H97A5501129AA,仪表板前端毛毡,,,1. 核心防护：防变形、防划伤、防碰撞；2. 尺寸要求：关键尺寸偏差≤±0.5mm；3. 表面要求：无凹陷、无划痕、无锈蚀；4. 材质要求：符合设计强度标准,C,5,采购件,0.001,总装
H97A5533008AB,右后吹足管道后段,,,1. 核心防护：防挤压、防破损、防老化；2. 密封要求：接口密封良好，无泄漏风险；3. 材质要求：无裂纹、无气泡、无破损；4. 尺寸要求：内径、壁厚符合设计要求,C,1,采购件,,总装
H97A5020001AB,前机舱封板左加强板总成,防锈袋,有,1. 核心防护：防变形、防划伤、防碰撞；2. 尺寸要求：关键尺寸偏差≤±0.5mm；3. 表面要求：无凹陷、无划痕、无锈蚀；4. 材质要求：符合设计强度标准,A,1,焊装件,,
HQ1860816L,六角法兰面螺栓,,,1. 核心防护：防腐蚀、防丢失、防损伤；2. 材质要求：无锈蚀、无裂纹、无变形；,C,2,采购件,0.2,总装
H97B2312002CA,前电机左前悬置总成,,,1. 核心防护：防震动、防潮湿、防静电、防冲击；2. 电气要求：绝缘性能良好，无短路风险；3. 外观要求：外壳无破损，接口无变形；4. 存储要求：温度-20~50℃，湿度≤60%,C,1,采购件,3.14,总装
H97A5016005AA,堵盖Φ10,,,1. 核心防护：防损伤、防污损、防丢失；2. 外观要求：表面无划痕、无锈蚀、无破损；3. 尺寸要求：符合设计图纸要求；4. 通用要求：无明显质量缺陷,C,1,采购件,,总装
H97A5207011AA,加液管总成,,,1. 核心防护：防挤压、防破损、防老化；2. 密封要求：接口密封良好，无泄漏风险；3. 材质要求：无裂纹、无气泡、无破损；4. 尺寸要求：内径、壁厚符合设计要求,C,1,采购件,0.1136,总装
H97D1311014AA,蓄水瓶总成及附件,,,1. 核心防护：防损伤、防污损、防丢失；2. 外观要求：表面无划痕、无锈蚀、无破损；3. 尺寸要求：符合设计图纸要求；4. 通用要求：无明显质量缺陷,C,1,采购件,,总装
H97C8107002CD,前置蒸发器流出管总成,,,1. 核心防护：防挤压、防破损、防老化；2. 密封要求：接口密封良好，无泄漏风险；3. 材质要求：无裂纹、无气泡、无破损；4. 尺寸要求：内径、壁厚符合设计要求,C,1,采购件,0.488,总装
H97E3501010AAHSKQ,右前制动器总成,防锈袋,,1. 核心防护：防油污、防划伤、防锈蚀；2. 性能要求：摩擦系数符合标准，无偏磨；3. 外观要求：表面无油污，无锈蚀；4. 尺寸要求：厚度、直径符合设计要求,B,1,采购件,,总装
HQY1840825T10L1,内十二齿花形法兰面螺栓,,,1. 核心防护：防腐蚀、防丢失、防损伤；2. 材质要求：无锈蚀、无裂纹、无变形；,C,32,采购件,0.018,总装
H97A2804023AA,后保险杠左上安装座,,,1. 核心防护：防损伤、防污损、防丢失；2. 外观要求：表面无划痕、无锈蚀、无破损；3. 尺寸要求：符合设计图纸要求；4. 通用要求：无明显质量缺陷,C,1,采购件,0.271,总装
H97A1104002AA,进油管2号总成,,,1. 核心防护：防挤压、防破损、防老化；2. 密封要求：接口密封良好，无泄漏风险；3. 材质要求：无裂纹、无气泡、无破损；4. 尺寸要求：内径、壁厚符合设计要求,C,1,采购件,0.045,总装
H97A3102001ABPK01,车轮装饰盖,,,1. 核心防护：防损伤、防污损、防丢失；2. 外观要求：表面无划痕、无锈蚀、无破损；3. 尺寸要求：符合设计图纸要求；4. 通用要求：无明显质量缺陷,C,4,采购件,,总装
H97X5501005XBAE01,仪表板总成,PE袋,,1. 核心防护：防变形、防划伤、防碰撞；2. 尺寸要求：关键尺寸偏差≤±0.5mm；3. 表面要求：无凹陷、无划痕、无锈蚀；4. 材质要求：符合设计强度标准,A,1,自制件,,总装
HQY38001,塑料螺母,,,1. 核心防护：防腐蚀、防丢失、防损伤；2. 材质要求：无锈蚀、无裂纹、无变形；,C,41,采购件,,总装
H97A5520163ABBEGA,左C柱下装饰盖板,,,1. 核心防护：防变形、防划伤、防碰撞；2. 尺寸要求：关键尺寸偏差≤±0.5mm；3. 表面要求：无凹陷、无划痕、无锈蚀；4. 材质要求：符合设计强度标准,C,1,采购件,0.031,总装
H97D3615818DA,水加热PTC总成,,,1. 核心防护：防损伤、防污损、防丢失；2. 外观要求：表面无划痕、无锈蚀、无破损；3. 尺寸要求：符合设计图纸要求；4. 通用要求：无明显质量缺陷,B,1,采购件,3.75,总装
H97C2803015AA,前格栅总成,,,,,,,,
H97A3506013AA,后制动软管（右）,,,1. 核心防护：防挤压、防破损、防老化；2. 密封要求：接口密封良好，无泄漏风险；3. 材质要求：无裂纹、无气泡、无破损；4. 尺寸要求：内径、壁厚符合设计要求,C,1,采购件,,
H97A5016006AA,堵盖Φ16,,,1. 核心防护：防损伤、防污损、防丢失；2. 外观要求：表面无划痕、无锈蚀、无破损；3. 尺寸要求：符合设计图纸要求；4. 通用要求：无明显质量缺陷,C,19,采购件,,
H97D3101030ABBH08,右前轮眉装饰件总成,,,1. 核心防护：防损伤、防污损、防丢失；2. 外观要求：表面无划痕、无锈蚀、无破损；3. 尺寸要求：符合设计图纸要求；4. 通用要求：无明显质量缺陷, B,1,采购件,,
H97A5520150ADBKAA,右C柱下饰板总成,,,1. 核心防护：防变形、防划伤、防碰撞；2. 尺寸要求：关键尺寸偏差≤±0.5mm；3. 表面要求：无凹陷、无划痕、无锈蚀；4. 材质要求：符合设计强度标准,B,1,采购件,0.84,总装
H97D1303034AB,高温散热器进水管,,,1. 核心防护：防挤压、防破损、防老化；2. 密封要求：接口密封良好，无泄漏风险；3. 材质要求：无裂纹、无气泡、无破损；4. 尺寸要求：内径、壁厚符合设计要求,C,1,采购件,,总装
H97D1303021AA,chiller2到四通水管,,,1. 核心防护：防挤压、防破损、防老化；2. 密封要求：接口密封良好，无泄漏风险；3. 材质要求：无裂纹、无气泡、无破损；4. 尺寸要求：内径、壁厚符合设计要求,C,1,采购件,0.107,总装
H97A8402021AA,发动机罩锁拉丝,,,1. 核心防护：防震动、防潮湿、防静电、防冲击；2. 电气要求：绝缘性能良好，无短路风险；3. 外观要求：外壳无破损，接口无变形；4. 存储要求：温度-20~50℃，湿度≤60%,C,1,采购件,0.105,总装
H97A5511911BCBKGA,右前门槛迎宾护板合件,,,1. 核心防护：防变形、防划伤、防碰撞；2. 尺寸要求：关键尺寸偏差≤±0.5mm；3. 表面要求：无凹陷、无划痕、无锈蚀；4. 材质要求：符合设计强度标准,B,1,采购件,0.434,总装
H97A5701021AA,顶盖天窗加强环组件,防锈袋,有,1. 核心防护：防冲击、防划伤、防破碎；2. 外观要求：无气泡、无划痕、无杂质；,A,1,焊装件,,焊装件
H97A5001021AB,副仪表板中安装支架总成,防锈袋,,1. 核心防护：防变形、防划伤、防碰撞；2. 尺寸要求：关键尺寸偏差≤±0.5mm；3. 表面要求：无凹陷、无划痕、无锈蚀；4. 材质要求：符合设计强度标准,B,1,采购件,1.005（±8%）,总装
H97Y2803005ABBK01,前保险杠总成,,,1. 核心防护：防损伤、防污损、防丢失；2. 外观要求：表面无划痕、无锈蚀、无破损；3. 尺寸要求：符合设计图纸要求；4. 通用要求：无明显质量缺陷,B,1,采购件,15,总装
H97A5526007AAGZS1,后排左安全拉手,,,1. 核心防护：防损伤、防污损、防丢失；2. 外观要求：表面无划痕、无锈蚀、无破损；3. 尺寸要求：符合设计图纸要求；4. 通用要求：无明显质量缺陷,C,1,采购件,0.13,总装
HQ32006,六角法兰面螺母,,,,,,,,总装
HQY32008T10,六角法兰面螺母,,,1. 核心防护：防腐蚀、防丢失、防损伤；2. 材质要求：无锈蚀、无裂纹、无变形；,C,10,采购件,,总装
H97A5013001AA,左后侧围吸音棉,,,1. 核心防护：防损伤、防污损、防丢失；2. 外观要求：表面无划痕、无锈蚀、无破损；3. 尺寸要求：符合设计图纸要求；4. 通用要求：无明显质量缺陷,C,1,采购件,0.06,总装
H56A1104023AA,油管双管夹Ⅱ,,,1. 核心防护：防挤压、防破损、防老化；2. 密封要求：接口密封良好，无泄漏风险；3. 材质要求：无裂纹、无气泡、无破损；4. 尺寸要求：内径、壁厚符合设计要求,C,3,采购件,0.016,总装
HQY215B0612,内六角花形大盘头螺钉,,,1. 核心防护：防腐蚀、防丢失、防损伤；2. 材质要求：无锈蚀、无裂纹、无变形；,C,4,采购件,,总装
H97Y8202028AA,后视镜螺钉,,,,,,,,
H97A6104007AA,左前门玻璃升降器总成,,,1. 核心防护：防冲击、防划伤、防破碎；2. 外观要求：无气泡、无划痕、无杂质；,B,1,采购件,1.55,总装
HQY2600821T8X2DS,内六角盘头螺钉和平垫圈组合件,,,1. 核心防护：防腐蚀、防丢失、防损伤；2. 材质要求：无锈蚀、无裂纹、无变形；,C,4,采购件,,总装
H97A5013016AA,左A柱内钣金堵盖,,,1. 核心防护：防变形、防划伤、防碰撞；2. 尺寸要求：关键尺寸偏差≤±0.5mm；3. 表面要求：无凹陷、无划痕、无锈蚀；4. 材质要求：符合设计强度标准,C,1,采购件,0.017,总装
H97A5533005AA,后吹足管道分风器总成,,,1. 核心防护：防挤压、防破损、防老化；2. 密封要求：接口密封良好，无泄漏风险；3. 材质要求：无裂纹、无气泡、无破损；4. 尺寸要求：内径、壁厚符合设计要求,C,1,采购件,0.06,总装
H97X6201166XA,左后门总成,防锈袋,有,1. 核心防护：防损伤、防污损、防丢失；2. 外观要求：表面无划痕、无锈蚀、无破损；3. 尺寸要求：符合设计图纸要求；4. 通用要求：无明显质量缺陷,A,1,焊装自制件,,
H97A3718013AA,左前门照地灯,,,1. 核心防护：防损伤、防污损、防丢失；2. 外观要求：表面无划痕、无锈蚀、无破损；3. 尺寸要求：符合设计图纸要求；4. 通用要求：无明显质量缺陷,C,1,采购件,0.068,总装
H97A5501070AABKGA,仪表板右下底板总成,,,1. 核心防护：防变形、防划伤、防碰撞；2. 尺寸要求：关键尺寸偏差≤±0.5mm；3. 表面要求：无凹陷、无划痕、无锈蚀；4. 材质要求：符合设计强度标准,C,1,采购件,0.411,总装
H97D3730309AB,GCU搭铁线束总成,,,1. 核心防护：防损伤、防污损、防丢失；2. 外观要求：表面无划痕、无锈蚀、无破损；3. 尺寸要求：符合设计图纸要求；4. 通用要求：无明显质量缺陷,C,1,采购件,,
HQ1840835T10L1S,六角法兰面螺栓,,,1. 核心防护：防腐蚀、防丢失、防损伤；2. 材质要求：无锈蚀、无裂纹、无变形；,C,1,采购件,0.2,总装
H97Y8202025AA,右镜框,,,,,,,,
H97E6301002AB,背门饰条,,,1. 核心防护：防损伤、防污损、防丢失；2. 外观要求：表面无划痕、无锈蚀、无破损；3. 尺寸要求：符合设计图纸要求；4. 通用要求：无明显质量缺陷,B,1,采购件,0.261,总装
H97X3724101AA,前保险杠线束总成,,,,,,,,
H97C2803004AA,前保险杠右装饰板,,,,,,,,
H97X9201003AA,E-mark标签,,,1. 核心防护：防磨损、防脱落、防污损；2. 内容要求：字迹清晰，信息完整准确；3. 粘贴要求：粘贴牢固，无气泡、无起翘；4. 耐久性：符合户外使用要求,C,1,采购件,,总装
H97D1303022AA,PTC1到暖芯水管,,,1. 核心防护：防挤压、防破损、防老化；2. 密封要求：接口密封良好，无泄漏风险；3. 材质要求：无裂纹、无气泡、无破损；4. 尺寸要求：内径、壁厚符合设计要求,C,1,采购件,,总装
H97A3101020AC,右后轮罩挡泥板总成,,,1. 核心防护：防变形、防划伤、防碰撞；2. 尺寸要求：关键尺寸偏差≤±0.5mm；3. 表面要求：无凹陷、无划痕、无锈蚀；4. 材质要求：符合设计强度标准,B,1,采购件,1.2425,总装
H97E8202013AA,左外后视镜镜片总成,,,,,,,,
H97E6301075AA,后背门左侧扰流板总成,,,1. 核心防护：防变形、防划伤、防碰撞；2. 尺寸要求：关键尺寸偏差≤±0.5mm；3. 表面要求：无凹陷、无划痕、无锈蚀；4. 材质要求：符合设计强度标准,B,1,采购件,0.211,总装
H97C1303142AB,中冷水泵进水管总成,,,1. 核心防护：防挤压、防破损、防老化；2. 密封要求：接口密封良好，无泄漏风险；3. 材质要求：无裂纹、无气泡、无破损；4. 尺寸要求：内径、壁厚符合设计要求,C,1,采购件,,
H97D9246001BA,电池包流入管总成,,,1. 核心防护：防挤压、防破损、防老化；2. 密封要求：接口密封良好，无泄漏风险；3. 材质要求：无裂纹、无气泡、无破损；4. 尺寸要求：内径、壁厚符合设计要求,C,1,采购件,0.274,总装
H97A5013017AA,右A柱内钣金堵盖,,,1. 核心防护：防变形、防划伤、防碰撞；2. 尺寸要求：关键尺寸偏差≤±0.5mm；3. 表面要求：无凹陷、无划痕、无锈蚀；4. 材质要求：符合设计强度标准,C,1,采购件,0.017,总装
H97A5300025AE,左A柱内板下部总成,防锈袋,有,1. 核心防护：防变形、防划伤、防碰撞；2. 尺寸要求：关键尺寸偏差≤±0.5mm；3. 表面要求：无凹陷、无划痕、无锈蚀；4. 材质要求：符合设计强度标准,A,1,焊装件,,焊装件
HQY18610110T10L1D,带导向六角法兰面螺栓,,,1. 核心防护：防腐蚀、防丢失、防损伤；2. 材质要求：无锈蚀、无裂纹、无变形；,C,2,采购件,0.131,总装
H97A6205008AA,右后门锁体,,,1. 核心防护：防损伤、防污损、防丢失；2. 外观要求：表面无划痕、无锈蚀、无破损；3. 尺寸要求：符合设计图纸要求；4. 通用要求：无明显质量缺陷,C,1,采购件,0.405,总装
H97E6107022AA,右前门密封条总成,,,1. 核心防护：防损伤、防污损、防丢失；2. 外观要求：表面无划痕、无锈蚀、无破损；3. 尺寸要求：符合设计图纸要求；4. 通用要求：无明显质量缺陷,B,1,采购件,0.411,总装
H97A5016017AA,橡胶堵盖Φ20,,,1. 核心防护：防老化、防挤压、防变形；2. 材质要求：无裂纹、无异味、无破损；3. 尺寸要求：关键尺寸偏差≤±1.0mm；4. 性能要求：弹性符合设计标准,C,4,采购件,0.0021,总装
H97E1104010AB,燃油箱安装带1,,,1. 核心防护：防损伤、防污损、防丢失；2. 外观要求：表面无划痕、无锈蚀、无破损；3. 尺寸要求：符合设计图纸要求；4. 通用要求：无明显质量缺陷,C,1,采购件,0.86,总装
H97A5006134AA,前风窗玻璃右装饰卡条,,,1. 核心防护：防冲击、防划伤、防破碎；2. 外观要求：无气泡、无划痕、无杂质；,C,1,采购件,,总装
HQ1840835L1Q,六角法兰面螺栓,,,1. 核心防护：防腐蚀、防丢失、防损伤；2. 材质要求：无锈蚀、无裂纹、无变形；,C,4,采购件,0.2,总装
H97C3718041AB,前保左氛围灯,,,,,,,,
H97A5205016AA,后雨刮电机及支架总成,,,1. 核心防护：防震动、防潮湿、防静电、防冲击；2. 电气要求：绝缘性能良好，无短路风险；3. 外观要求：外壳无破损，接口无变形；4. 存储要求：温度-20~50℃，湿度≤60%,B,1,采购件,0.616,总装
H97A3506007AA,制动管路7号总成,,,1. 核心防护：防挤压、防破损、防老化；2. 密封要求：接口密封良好，无泄漏风险；3. 材质要求：无裂纹、无气泡、无破损；4. 尺寸要求：内径、壁厚符合设计要求,B,1,采购件,0.297,总装
H97A8405010AA,机舱右前装饰板总成,,,1. 核心防护：防变形、防划伤、防碰撞；2. 尺寸要求：关键尺寸偏差≤±0.5mm；3. 表面要求：无凹陷、无划痕、无锈蚀；4. 材质要求：符合设计强度标准,C,1,采购件,,总装
H97A6209001AB,后门限位器总成,,,1. 核心防护：防损伤、防污损、防丢失；2. 外观要求：表面无划痕、无锈蚀、无破损；3. 尺寸要求：符合设计图纸要求；4. 通用要求：无明显质量缺陷,C,2,采购件,0.194,总装
09406-08302,卡扣,,,1. 核心防护：防腐蚀、防丢失、防损伤；2. 材质要求：无锈蚀、无裂纹、无变形；,C,13,采购件,0.002,总装
H97A1116001AA,油箱隔离阀总成,,,1. 核心防护：防损伤、防污损、防丢失；2. 外观要求：表面无划痕、无锈蚀、无破损；3. 尺寸要求：符合设计图纸要求；4. 通用要求：无明显质量缺陷,C,1,采购件,0.45,总装
H97D2800005AD,车架左前段总成,防锈袋,有,1. 核心防护：防损伤、防污损、防丢失；2. 外观要求：表面无划痕、无锈蚀、无破损；3. 尺寸要求：符合设计图纸要求；4. 通用要求：无明显质量缺陷,A,1,焊装件,,焊装件
H97A5520155ACBEGA,左D柱上饰板总成,,,1. 核心防护：防变形、防划伤、防碰撞；2. 尺寸要求：关键尺寸偏差≤±0.5mm；3. 表面要求：无凹陷、无划痕、无锈蚀；4. 材质要求：符合设计强度标准,C,1,采购件,0.54,总装
H97D6900900AEUG04,前排主驾驶员座椅合件,无,,1. 核心防护：防污损、防变形、防划伤；2. 结构要求：骨架无变形，面料无破损；3. 功能要求：调节机构灵活，无卡滞；4. 外观要求：面料无污渍，缝线整齐,A,1,采购件,,总装
H97C5207001AA,清洗剂储液罐总成,,,1. 核心防护：防损伤、防污损、防丢失；2. 外观要求：表面无划痕、无锈蚀、无破损；3. 尺寸要求：符合设计图纸要求；4. 通用要求：无明显质量缺陷,C,1,采购件,,总装
H97A6205007AA,左后门锁体,,,1. 核心防护：防损伤、防污损、防丢失；2. 外观要求：表面无划痕、无锈蚀、无破损；3. 尺寸要求：符合设计图纸要求；4. 通用要求：无明显质量缺陷,C,1,采购件,0.405,总装
H97C2803003AA,前保险杠左装饰板,,,,,,,,
H97D3101035AAPK01,左后轮眉装饰件总成前段,,,1. 核心防护：防损伤、防污损、防丢失；2. 外观要求：表面无划痕、无锈蚀、无破损；3. 尺寸要求：符合设计图纸要求；4. 通用要求：无明显质量缺陷,B,1,采购件,0.199,总装
H97A5006065AC,左后门C柱装饰板总成,,,1. 核心防护：防变形、防划伤、防碰撞；2. 尺寸要求：关键尺寸偏差≤±0.5mm；3. 表面要求：无凹陷、无划痕、无锈蚀；4. 材质要求：符合设计强度标准,B,1,采购件,0.168,总装
H97A5526001AAJG08,前排安全拉手,,,1. 核心防护：防损伤、防污损、防丢失；2. 外观要求：表面无划痕、无锈蚀、无破损；3. 尺寸要求：符合设计图纸要求；4. 通用要求：无明显质量缺陷,C,2,采购件,0.11,总装
H97A2803029AB,前保险杠左安装座,,,1. 核心防护：防损伤、防污损、防丢失；2. 外观要求：表面无划痕、无锈蚀、无破损；3. 尺寸要求：符合设计图纸要求；4. 通用要求：无明显质量缺陷,C,1,采购件,0.06,总装
H97D3101045AAPK01,左后轮眉装饰件总成后段,,,1. 核心防护：防损伤、防污损、防丢失；2. 外观要求：表面无划痕、无锈蚀、无破损；3. 尺寸要求：符合设计图纸要求；4. 通用要求：无明显质量缺陷,B,1,采购件,,总装
H97D2803038AA,前视摄像头装饰板,,,,,,,,
HQ1841255T10L2Q,六角法兰面螺栓,,,1. 核心防护：防腐蚀、防丢失、防损伤；2. 材质要求：无锈蚀、无裂纹、无变形；,C,18,采购件,0.2,总装
HQY1400820,搭铁螺栓,,,1. 核心防护：防腐蚀、防丢失、防损伤；2. 材质要求：无锈蚀、无裂纹、无变形；,C,1,采购件,,总装
H97B2312001BA,前电机右前悬置总成,,,1. 核心防护：防震动、防潮湿、防静电、防冲击；2. 电气要求：绝缘性能良好，无短路风险；3. 外观要求：外壳无破损，接口无变形；4. 存储要求：温度-20~50℃，湿度≤60%,C,1,采购件,2.77,总装
H97Y1303087AA,水管三管夹,,,1. 核心防护：防挤压、防破损、防老化；2. 密封要求：接口密封良好，无泄漏风险；3. 材质要求：无裂纹、无气泡、无破损；4. 尺寸要求：内径、壁厚符合设计要求,C,1,采购件,,总装
H97A3923007AB,制动液加注标签,,,1. 核心防护：防磨损、防脱落、防污损；2. 内容要求：字迹清晰，信息完整准确；3. 粘贴要求：粘贴牢固，无气泡、无起翘；4. 耐久性：符合户外使用要求,C,1,采购件,,总装
H97X3631802AH,MP5音响主机总成,,,1. 核心防护：防损伤、防污损、防丢失；2. 外观要求：表面无划痕、无锈蚀、无破损；3. 尺寸要求：符合设计图纸要求；4. 通用要求：无明显质量缺陷,C,1,采购件,1.4,总装
H97D1303081AA,三通比例阀到chiller水管,,,1. 核心防护：防挤压、防破损、防老化；2. 密封要求：接口密封良好，无泄漏风险；3. 材质要求：无裂纹、无气泡、无破损；4. 尺寸要求：内径、壁厚符合设计要求,C,1,采购件,0.262,总装
H97Y1300016AA,水管支架1,,,1. 核心防护：防挤压、防破损、防老化；2. 密封要求：接口密封良好，无泄漏风险；3. 材质要求：无裂纹、无气泡、无破损；4. 尺寸要求：内径、壁厚符合设计要求,C,1,采购件,,
H97A5501011AA,右CCB 连接支架,,,1. 核心防护：防损伤、防污损、防丢失；2. 外观要求：表面无划痕、无锈蚀、无破损；3. 尺寸要求：符合设计图纸要求；4. 通用要求：无明显质量缺陷,C,1,采购件,0.205,总装
H97D1303047AA,四通到发动机软管,,,1. 核心防护：防挤压、防破损、防老化；2. 密封要求：接口密封良好，无泄漏风险；3. 材质要求：无裂纹、无气泡、无破损；4. 尺寸要求：内径、壁厚符合设计要求,C,1,采购件,,总装
H97A3617803AA,智能助力器总成,,,1. 核心防护：防损伤、防污损、防丢失；2. 外观要求：表面无划痕、无锈蚀、无破损；3. 尺寸要求：符合设计图纸要求；4. 通用要求：无明显质量缺陷,C,1,采购件,4.8,总装
H97Y1300034AA,水管支架7,,,1. 核心防护：防挤压、防破损、防老化；2. 密封要求：接口密封良好，无泄漏风险；3. 材质要求：无裂纹、无气泡、无破损；4. 尺寸要求：内径、壁厚符合设计要求,C,1,采购件,,
H97C2804001AA,后保险杠左下装饰板,,,,,,,,
H97A3615827BA,香氛出香管总成,,,1. 核心防护：防挤压、防破损、防老化；2. 密封要求：接口密封良好，无泄漏风险；3. 材质要求：无裂纹、无气泡、无破损；4. 尺寸要求：内径、壁厚符合设计要求,C,1,采购件,0.01,总装
H97A3506014AA,四通接头,,,1. 核心防护：防损伤、防污损、防丢失；2. 外观要求：表面无划痕、无锈蚀、无破损；3. 尺寸要求：符合设计图纸要求；4. 通用要求：无明显质量缺陷,C,1,采购件,0.095,总装
H97D2803017AB,前保险杠左支撑板,,,,,,,,
H97A5016011AA,Φ50孔贴,,,1. 核心防护：防损伤、防污损、防丢失；2. 外观要求：表面无划痕、无锈蚀、无破损；3. 尺寸要求：符合设计图纸要求；4. 通用要求：无明显质量缺陷,C,7,采购件,,总装
H97A5006030BB,右后车门防擦条总成,,,1. 核心防护：防损伤、防污损、防丢失；2. 外观要求：表面无划痕、无锈蚀、无破损；3. 尺寸要求：符合设计图纸要求；4. 通用要求：无明显质量缺陷,B,1,采购件,0.917,总装
H97A5120015AA,燃油箱维修口盖,,,1. 核心防护：防损伤、防污损、防丢失；2. 外观要求：表面无划痕、无锈蚀、无破损；3. 尺寸要求：符合设计图纸要求；4. 通用要求：无明显质量缺陷,C,1,采购件,0.146,总装
H97A2941008AC,右前空气弹簧管路前段,,,1. 核心防护：防挤压、防破损、防老化；2. 密封要求：接口密封良好，无泄漏风险；3. 材质要求：无裂纹、无气泡、无破损；4. 尺寸要求：内径、壁厚符合设计要求,C,1,采购件,0.102,总装
H97A2904013AA,前悬架左前上控制臂总成,,,1. 核心防护：防变形、防碰撞、防锈蚀；2. 强度要求：符合设计承载标准；3. 外观要求：无裂纹、无变形、无锈蚀；4. 性能要求：减震性能良好，无异常噪音,C,1,采购件,0.465,总装
H97A6203024AA,右后门玻璃后导轨,,,1. 核心防护：防冲击、防划伤、防破碎；2. 外观要求：无气泡、无划痕、无杂质；,C,1,采购件,,总装
3505110-RA01,储油壶总成,,,1. 核心防护：防损伤、防污损、防丢失；2. 外观要求：表面无划痕、无锈蚀、无破损；3. 尺寸要求：符合设计图纸要求；4. 通用要求：无明显质量缺陷,C,1,采购件,0.13,总装
H97Y8202021AA,左镜框,,,,,,,,
H97A7909007BA,低音扬声器,,,1. 核心防护：防损伤、防污损、防丢失；2. 外观要求：表面无划痕、无锈蚀、无破损；3. 尺寸要求：符合设计图纸要求；4. 通用要求：无明显质量缺陷,B,2,采购件,0.191,总装
H97A3404002AB,转向下轴,,,1. 核心防护：防损伤、防污损、防丢失；2. 外观要求：表面无划痕、无锈蚀、无破损；3. 尺寸要求：符合设计图纸要求；4. 通用要求：无明显质量缺陷,B,1,采购件,1.73,总装
Q2734816,十字槽大半圆头自攻螺钉-C型,,,1. 核心防护：防腐蚀、防丢失、防损伤；2. 材质要求：无锈蚀、无裂纹、无变形；,C,18,采购件,,总装
H97D3629827BA,行人警示控制器,,,1. 核心防护：防震动、防潮湿、防静电、防冲击；2. 电气要求：绝缘性能良好，无短路风险；3. 外观要求：外壳无破损，接口无变形；4. 存储要求：温度-20~50℃，湿度≤60%,C,1,采购件,0.265,总装
H97C2803008AA,前保险杠下格栅,,,,,,,,
H97D3730301AC,蓄电池搭铁线束,,,1. 核心防护：防震动、防潮湿、防静电、防冲击；2. 电气要求：绝缘性能良好，无短路风险；3. 外观要求：外壳无破损，接口无变形；4. 存储要求：温度-20~50℃，湿度≤60%,C,1,采购件,,总装
Q673C27F62,钢带式弹性软管夹箍,,,1. 核心防护：防挤压、防破损、防老化；2. 密封要求：接口密封良好，无泄漏风险；3. 材质要求：无裂纹、无气泡、无破损；4. 尺寸要求：内径、壁厚符合设计要求,C,23,采购件,,总装
H97D1303063AA,四通控制阀水管3,,,1. 核心防护：防挤压、防破损、防老化；2. 密封要求：接口密封良好，无泄漏风险；3. 材质要求：无裂纹、无气泡、无破损；4. 尺寸要求：内径、壁厚符合设计要求,C,1,采购件,,
H97A5205011AA,左前雨刮臂总成,,,1. 核心防护：防损伤、防污损、防丢失；2. 外观要求：表面无划痕、无锈蚀、无破损；3. 尺寸要求：符合设计图纸要求；4. 通用要求：无明显质量缺陷,C,1,采购件,,总装
H97A8404003AB,充电口盖挡板,,,1. 核心防护：防变形、防划伤、防碰撞；2. 尺寸要求：关键尺寸偏差≤±0.5mm；3. 表面要求：无凹陷、无划痕、无锈蚀；4. 材质要求：符合设计强度标准,C,1,采购件,0.044,总装
HQ1840630L1,六角法兰面螺栓,,,1. 核心防护：防腐蚀、防丢失、防损伤；2. 材质要求：无锈蚀、无裂纹、无变形；,C,5,采购件,0.2,总装
H97A5501075AABEGA,仪表板左端盖总成,,,1. 核心防护：防变形、防划伤、防碰撞；2. 尺寸要求：关键尺寸偏差≤±0.5mm；3. 表面要求：无凹陷、无划痕、无锈蚀；4. 材质要求：符合设计强度标准,C,1,采购件,,总装
H56A1104013AA,燃油管单管夹,,,1. 核心防护：防挤压、防破损、防老化；2. 密封要求：接口密封良好，无泄漏风险；3. 材质要求：无裂纹、无气泡、无破损；4. 尺寸要求：内径、壁厚符合设计要求,C,1,采购件,0.005,总装
H97A3605868AE,隐藏式门把手控制器,,,1. 核心防护：防震动、防潮湿、防静电、防冲击；2. 电气要求：绝缘性能良好，无短路风险；3. 外观要求：外壳无破损，接口无变形；4. 存储要求：温度-20~50℃，湿度≤60%,C,4,采购件,0.414,总装
H97A5207003AA,左喷嘴,,,1. 核心防护：防损伤、防污损、防丢失；2. 外观要求：表面无划痕、无锈蚀、无破损；3. 尺寸要求：符合设计图纸要求；4. 通用要求：无明显质量缺陷,C,2,采购件,,总装
H97C2804002AA,后保险杠下蒙皮,,,,,,,,
H97A6105007AB,前门内开拉丝总成,,,1. 核心防护：防损伤、防污损、防丢失；2. 外观要求：表面无划痕、无锈蚀、无破损；3. 尺寸要求：符合设计图纸要求；4. 通用要求：无明显质量缺陷,C,2,采购件,0.0347,总装
H97C3718042AB,前保右氛围灯,,,,,,,,
H97D1109014AA,空滤器支撑1,,,1. 核心防护：防损伤、防污损、防丢失；2. 外观要求：表面无划痕、无锈蚀、无破损；3. 尺寸要求：符合设计图纸要求；4. 通用要求：无明显质量缺陷,C,1,采购件,,总装
H97A5520130ABBKGA,右B柱下饰板总成,,,1. 核心防护：防变形、防划伤、防碰撞；2. 尺寸要求：关键尺寸偏差≤±0.5mm；3. 表面要求：无凹陷、无划痕、无锈蚀；4. 材质要求：符合设计强度标准,C,1,采购件,1,总装
H97A5300010AB,前机舱右封板分总成,防锈袋,有,1. 核心防护：防变形、防划伤、防碰撞；2. 尺寸要求：关键尺寸偏差≤±0.5mm；3. 表面要求：无凹陷、无划痕、无锈蚀；4. 材质要求：符合设计强度标准,A,1,焊装件,,焊装件
H97X3724111AB,左前门线束总成,,,1. 核心防护：防损伤、防污损、防丢失；2. 外观要求：表面无划痕、无锈蚀、无破损；3. 尺寸要求：符合设计图纸要求；4. 通用要求：无明显质量缺陷,C,1,采购件,,总装
HQ1841040T10L1,六角法兰面螺栓,,,1. 核心防护：防腐蚀、防丢失、防损伤；2. 材质要求：无锈蚀、无裂纹、无变形；,C,2,采购件,0.2,总装
H97A5520075ACTE15,左A柱上饰板总成,,,1. 核心防护：防变形、防划伤、防碰撞；2. 尺寸要求：关键尺寸偏差≤±0.5mm；3. 表面要求：无凹陷、无划痕、无锈蚀；4. 材质要求：符合设计强度标准,B,1,采购件,0.42,总装
H97D3730304AB,高压盒搭铁线束,,,1. 核心防护：防震动、防潮湿、防静电、防冲击；2. 电气要求：绝缘性能良好，无短路风险；3. 外观要求：外壳无破损，接口无变形；4. 存储要求：温度-20~50℃，湿度≤60%,C,1,采购件,,
HQY1460616N1,搭铁螺栓,,,1. 核心防护：防腐蚀、防丢失、防损伤；2. 材质要求：无锈蚀、无裂纹、无变形；,C,1,采购件,,总装
H97A5701010AA,顶盖后横梁焊接总成,防锈袋,有,1. 核心防护：防变形、防划伤、防碰撞；2. 尺寸要求：关键尺寸偏差≤±0.5mm；3. 表面要求：无凹陷、无划痕、无锈蚀；4. 材质要求：符合设计强度标准,A,1,焊装件,,焊装件
H97A3101015AC,左后轮罩挡泥板总成,,,1. 核心防护：防变形、防划伤、防碰撞；2. 尺寸要求：关键尺寸偏差≤±0.5mm；3. 表面要求：无凹陷、无划痕、无锈蚀；4. 材质要求：符合设计强度标准,B,1,采购件,1.2425,总装
HQY3931301A,E型环,,,1. 核心防护：防损伤、防污损、防丢失；2. 外观要求：表面无划痕、无锈蚀、无破损；3. 尺寸要求：符合设计图纸要求；4. 通用要求：无明显质量缺陷,C,4,采购件,,总装
Q2734816,十字槽大半圆头自攻螺钉-C型,,,,,,,,总装
