零件号,零件名称,包装袋情况,干燥剂情况,零件质量要求,包装等级分类,单车用量,零件分类,零件重量（KG）,零件种类,CKD包装类型,零件重量KG,零件尺寸L,零件尺寸W,零件尺寸H,来料SNP,来料包装L,来料包装W,来料包装H
Q218B0618F61,内六角圆柱头螺钉,,,1. 核心防护：防腐蚀、防丢失、防损伤；2. 材质要求：无锈蚀、无裂纹、无变形；,C,2.0,采购件,,总装,STD,/,/,/,/,/,/,/,/
H97A3506012AA,后制动软管（左）,,,1. 核心防护：防挤压、防破损、防老化；2. 密封要求：接口密封良好，无泄漏风险；3. 材质要求：无裂纹、无气泡、无破损；4. 尺寸要求：内径、壁厚符合设计要求,C,1.0,采购件,,,,,,,,,,,
HQY1461035X2,六角头螺栓、弹簧垫圈和平垫圈组合件,,,1. 核心防护：防腐蚀、防丢失、防损伤；2. 材质要求：无锈蚀、无裂纹、无变形；,C,4.0,采购件,0.04,总装,STD,/,/,/,/,/,/,/,/
H97A2904015AA,前悬架左后上控制臂总成,,,1. 核心防护：防变形、防碰撞、防锈蚀；2. 强度要求：符合设计承载标准；3. 外观要求：无裂纹、无变形、无锈蚀；4. 性能要求：减震性能良好，无异常噪音,C,1.0,采购件,0.45,总装,纸箱,0.0145,35.0,10.0,10.0,,365.0,275.0,160.0
H97D5120002BC,后部下防护板,,,1. 核心防护：防变形、防划伤、防碰撞；2. 尺寸要求：关键尺寸偏差≤±0.5mm；3. 表面要求：无凹陷、无划痕、无锈蚀；4. 材质要求：符合设计强度标准,C,1.0,采购件,,,,1.167,1345,922,35,65,1850,1500,750
H97A5016003AA,贴片 Φ30,,,1. 核心防护：防损伤、防污损、防丢失；2. 外观要求：表面无划痕、无锈蚀、无破损；3. 尺寸要求：符合设计图纸要求；4. 通用要求：无明显质量缺陷,C,41.0,采购件,,总装,STD,0.0056,30,3.52,29.98,2160,365,275,160
H97A7010002AA,右后排座椅靠背总成固定锁销,,,1. 核心防护：防腐蚀、防丢失、防损伤；2. 材质要求：无锈蚀、无裂纹、无变形；,C,1.0,采购件,,总装,纸箱,2.3,1690.0,1583.0,176.0,,1850.0,1750.0,750.0
HQY27A4816,内六角花形自攻螺钉,,,1. 核心防护：防腐蚀、防丢失、防损伤；2. 材质要求：无锈蚀、无裂纹、无变形；,C,11.0,采购件,,,,/,/,/,/,/,/,/,/
H97E6301080AA,后背门右侧扰流板总成,,,1. 核心防护：防变形、防划伤、防碰撞；2. 尺寸要求：关键尺寸偏差≤±0.5mm；3. 表面要求：无凹陷、无划痕、无锈蚀；4. 材质要求：符合设计强度标准,B,1.0,采购件,,总装,纸箱,0.509,1546,481,293,6,700,500,360
H97A5016008AA,热熔堵盖Φ30,,,1. 核心防护：防损伤、防污损、防丢失；2. 外观要求：表面无划痕、无锈蚀、无破损；3. 尺寸要求：符合设计图纸要求；4. 通用要求：无明显质量缺陷,C,26.0,采购件,,,,0.0035,31.0,18.0,12.0,,435.0,325.0,210.0
HQY33912T10L1U,非金属嵌件六角法兰面锁紧螺母,,,1. 核心防护：防腐蚀、防丢失、防损伤；2. 材质要求：无锈蚀、无裂纹、无变形；,C,2.0,采购件,,总装,STD,/,/,/,/,/,/,/,/
H97A8405005AB,机舱左前装饰板总成,,,1. 核心防护：防变形、防划伤、防碰撞；2. 尺寸要求：关键尺寸偏差≤±0.5mm；3. 表面要求：无凹陷、无划痕、无锈蚀；4. 材质要求：符合设计强度标准,C,1.0,采购件,,总装,天地盖纸箱,/,440.64,92.49,416.88,12,900,470,260
6106100-RA01,左前门上铰链总成,,,1. 核心防护：防损伤、防污损、防丢失；2. 外观要求：表面无划痕、无锈蚀、无破损；3. 尺寸要求：符合设计图纸要求；4. 通用要求：无明显质量缺陷,C,3.0,采购件,,,,0.31,98,66,51,36,400,300,148
H97A5520085ADTE15,左B柱上饰板总成,,,1. 核心防护：防变形、防划伤、防碰撞；2. 尺寸要求：关键尺寸偏差≤±0.5mm；3. 表面要求：无凹陷、无划痕、无锈蚀；4. 材质要求：符合设计强度标准,C,1.0,采购件,0.593,总装,天地盖纸箱,0.743,570,272,180,27,1140,790,1185
H97A5522001CB,行李箱地毯总成,,,1. 核心防护：防损伤、防污损、防丢失；2. 外观要求：表面无划痕、无锈蚀、无破损；3. 尺寸要求：符合设计图纸要求；4. 通用要求：无明显质量缺陷,B,1.0,采购件,2.9,总装,天地盖纸箱,0.002,20.0,20.0,20.0,,400.0,300.0,230.0
H97A5301057AB,前防撞梁连接板（左）,,,1. 核心防护：防变形、防划伤、防碰撞；2. 尺寸要求：关键尺寸偏差≤±0.5mm；3. 表面要求：无凹陷、无划痕、无锈蚀；4. 材质要求：符合设计强度标准,B,1.0,焊装件,,焊装件,纸箱,0.0013,36.0,20.0,20.0,,400.0,300.0,230.0
H97A5205012AA,右前雨刮臂总成,,,1. 核心防护：防损伤、防污损、防丢失；2. 外观要求：表面无划痕、无锈蚀、无破损；3. 尺寸要求：符合设计图纸要求；4. 通用要求：无明显质量缺陷,C,1.0,采购件,,总装,纸箱,0.543,649,101,74,20,840,272,220
H97A5520102AA,行李箱右后绳钩装饰件,,,1. 核心防护：防损伤、防污损、防丢失；2. 外观要求：表面无划痕、无锈蚀、无破损；3. 尺寸要求：符合设计图纸要求；4. 通用要求：无明显质量缺陷,C,1.0,采购件,0.016,总装,纸箱,,,,,,,,
HQY643005,单管管夹,,,1. 核心防护：防挤压、防破损、防老化；2. 密封要求：接口密封良好，无泄漏风险；3. 材质要求：无裂纹、无气泡、无破损；4. 尺寸要求：内径、壁厚符合设计要求,C,1.0,采购件,,总装,纸箱,,301.0,139.0,37.0,,600.0,400.0,280.0
H97A5501080AABEGA,仪表板右端盖总成,,,1. 核心防护：防变形、防划伤、防碰撞；2. 尺寸要求：关键尺寸偏差≤±0.5mm；3. 表面要求：无凹陷、无划痕、无锈蚀；4. 材质要求：符合设计强度标准,C,1.0,采购件,,总装,纸箱,0.172,460.93,143.75,93.43,24,1100,550,330
H97C3721002AB,高音喇叭,,,1. 核心防护：防损伤、防污损、防丢失；2. 外观要求：表面无划痕、无锈蚀、无破损；3. 尺寸要求：符合设计图纸要求；4. 通用要求：无明显质量缺陷,C,1.0,采购件,0.243,总装,纸箱,0.24,135,95,83,24,650,435,210
HQY18014145T10L1A,带导向六角法兰面螺栓和带齿垫圈组合件,,,1. 核心防护：防腐蚀、防丢失、防损伤；2. 材质要求：无锈蚀、无裂纹、无变形；,C,4.0,采购件,,总装,STD,/,/,/,/,/,/,/,/
H97A6203023AA,左后门玻璃后导轨,,,1. 核心防护：防冲击、防划伤、防破碎；2. 外观要求：无气泡、无划痕、无杂质；,C,1.0,采购件,0.09,总装,纸箱,,,,,,,,
H97A2803033AA,前保险杠左上安装座,,,1. 核心防护：防损伤、防污损、防丢失；2. 外观要求：表面无划痕、无锈蚀、无破损；3. 尺寸要求：符合设计图纸要求；4. 通用要求：无明显质量缺陷,C,1.0,采购件,0.02,总装,纸箱,2.9,1180.0,1150.0,60.0,,1330.0,1140.0,1050.0
H97C9325010XA,电池包后高压线束总成,,,1. 核心防护：防震动、防潮湿、防静电、防冲击；2. 电气要求：绝缘性能良好，无短路风险；3. 外观要求：外壳无破损，接口无变形；4. 存储要求：温度-20~50℃，湿度≤60%,C,1.0,采购件,1.65,总装,纸箱,,776.0,111.0,66.0,,840.0,272.0,220.0
HQ1840620,六角法兰面螺栓,,,1. 核心防护：防腐蚀、防丢失、防损伤；2. 材质要求：无锈蚀、无裂纹、无变形；,C,4.0,采购件,0.2,总装,STD,/,/,/,/,/,/,/,/
H97D3101025ABBG03,左前轮眉装饰件总成,,,1. 核心防护：防损伤、防污损、防丢失；2. 外观要求：表面无划痕、无锈蚀、无破损；3. 尺寸要求：符合设计图纸要求；4. 通用要求：无明显质量缺陷,B,1.0,采购件,,,,,0.0,0.0,0.0,,365.0,275.0,160.0
H97Y2804005ABBK01,后保险杠总成,,,1. 核心防护：防损伤、防污损、防丢失；2. 外观要求：表面无划痕、无锈蚀、无破损；3. 尺寸要求：符合设计图纸要求；4. 通用要求：无明显质量缺陷,B,1.0,涂装件,15,总装,天地盖纸箱,0.06,1896.24,800,820.24,,650.0,435.0,210.0
H97A7903003ABBG03,鲨鱼鳍天线,,,1. 核心防护：防损伤、防污损、防丢失；2. 外观要求：表面无划痕、无锈蚀、无破损；3. 尺寸要求：符合设计图纸要求；4. 通用要求：无明显质量缺陷,B,1.0,采购件,0.483,总装,纸箱,,420.0,250.0,100.0,,650.0,435.0,330.0
HQY1470616T8L1,十字槽六角头法兰面螺栓,,,1. 核心防护：防腐蚀、防丢失、防损伤；2. 材质要求：无锈蚀、无裂纹、无变形；,C,11.0,采购件,,总装,STD,/,/,/,/,/,/,/,/
HQY32206L,六角螺母和锥形大垫圈组合件,,,1. 核心防护：防腐蚀、防丢失、防损伤；2. 材质要求：无锈蚀、无裂纹、无变形；,C,2.0,采购件,,总装,STD,/,/,/,/,/,/,/,/
H97A6103007AA,左前门玻璃导槽总成,,,1. 核心防护：防冲击、防划伤、防破碎；2. 外观要求：无气泡、无划痕、无杂质；,B,1.0,采购件,1.14,总装,天地盖纸箱,0.97,985,959,201,78,1470,1150,900
H97B7911001BABEGC,麦克风,,,1. 核心防护：防损伤、防污损、防丢失；2. 外观要求：表面无划痕、无锈蚀、无破损；3. 尺寸要求：符合设计图纸要求；4. 通用要求：无明显质量缺陷,C,2.0,采购件,0.004,总装,纸箱,0.237,,,,,,,
H97A5001047AB,前排右后拉手支架组件,,,1. 核心防护：防损伤、防污损、防丢失；2. 外观要求：表面无划痕、无锈蚀、无破损；3. 尺寸要求：符合设计图纸要求；4. 通用要求：无明显质量缺陷,C,1.0,采购件,,总装,纸箱,0.168,433.0,193.0,33.0,,650.0,435.0,260.0
Q2714216,十字槽盘头自攻螺钉-C型,,,1. 核心防护：防腐蚀、防丢失、防损伤；2. 材质要求：无锈蚀、无裂纹、无变形；,C,2.0,采购件,,总装,STD,/,/,/,/,/,/,/,/
H97C2803027AA,散热器导流框,,,1. 核心防护：防损伤、防污损、防丢失；2. 外观要求：表面无划痕、无锈蚀、无破损；3. 尺寸要求：符合设计图纸要求；4. 通用要求：无明显质量缺陷,C,1.0,采购件,,总装,纸箱,0.0145,50.0,50.0,12.0,,435.0,325.0,210.0
H97A5525001AATE15,左遮阳板,,,1. 核心防护：防变形、防划伤、防碰撞；2. 尺寸要求：关键尺寸偏差≤±0.5mm；3. 表面要求：无凹陷、无划痕、无锈蚀；4. 材质要求：符合设计强度标准,C,1.0,采购件,0.36,总装,纸箱,0.53,440.67,194.44,79.54,10,600,400,280
H97A6207028AA,右后门防水膜,,,1. 核心防护：防损伤、防污损、防丢失；2. 外观要求：表面无划痕、无锈蚀、无破损；3. 尺寸要求：符合设计图纸要求；4. 通用要求：无明显质量缺陷,C,1.0,采购件,0.044,总装,纸箱,0.02,438.85,435.86,60.08,40,1100,550,330
H97A1104014AA,油箱隔离阀导管,,,1. 核心防护：防挤压、防破损、防老化；2. 密封要求：接口密封良好，无泄漏风险；3. 材质要求：无裂纹、无气泡、无破损；4. 尺寸要求：内径、壁厚符合设计要求,C,1.0,采购件,0.046,总装,纸箱,0.016,58.0,27.0,14.0,,550.0,365.0,210.0
H97Z3923006AB,充电指示标签,,,1. 核心防护：防磨损、防脱落、防污损；2. 内容要求：字迹清晰，信息完整准确；3. 粘贴要求：粘贴牢固，无气泡、无起翘；4. 耐久性：符合户外使用要求,C,1.0,采购件,0.008,总装,STD,1.65,2445.0,90.0,45.0,2000,365,275,160
H97C3923004AC,胎压警示标签,,,1. 核心防护：防磨损、防脱落、防污损；2. 内容要求：字迹清晰，信息完整准确；3. 粘贴要求：粘贴牢固，无气泡、无起翘；4. 耐久性：符合户外使用要求,C,1.0,采购件,,总装,STD,0.001,78,56,32,2000,365,275,160
HQ146B0625X2L,六角头螺栓、弹簧垫圈和大垫圈组合件,,,1. 核心防护：防腐蚀、防丢失、防损伤；2. 材质要求：无锈蚀、无裂纹、无变形；,C,6.0,采购件,,总装,STD,/,/,/,/,/,/,/,/
H97D5013007AB,前围外隔音垫,,,1. 核心防护：防损伤、防污损、防丢失；2. 外观要求：表面无划痕、无锈蚀、无破损；3. 尺寸要求：符合设计图纸要求；4. 通用要求：无明显质量缺陷,C,1.0,采购件,0.35,总装,纸箱,5.399,899,453,125,160,1330,1140,1090
H97A5016009AA,热熔堵盖Φ20,,,1. 核心防护：防损伤、防污损、防丢失；2. 外观要求：表面无划痕、无锈蚀、无破损；3. 尺寸要求：符合设计图纸要求；4. 通用要求：无明显质量缺陷,C,13.0,采购件,,,,0.04,65.0,21.0,21.0,,365.0,275.0,160.0
H77A6105900AA,锁芯及机械钥匙合件,,,1. 核心防护：防损伤、防污损、防丢失；2. 外观要求：表面无划痕、无锈蚀、无破损；3. 尺寸要求：符合设计图纸要求；4. 通用要求：无明显质量缺陷,C,1.0,采购件,,总装,纸箱,0.022,44.29,90.61,40.93,80,600,400,148
HQ32406,六角法兰面承面带齿锁紧螺母,,,1. 核心防护：防腐蚀、防丢失、防损伤；2. 材质要求：无锈蚀、无裂纹、无变形；,C,59.0,采购件,,总装,STD,/,/,/,/,/,/,/,/
HQY32322,轮毂锁紧螺母,,,1. 核心防护：防腐蚀、防丢失、防损伤；2. 材质要求：无锈蚀、无裂纹、无变形；,C,2.0,采购件,,,,/,/,/,/,/,/,/,/
H97A3506004AA,制动管路4号总成,,,1. 核心防护：防挤压、防破损、防老化；2. 密封要求：接口密封良好，无泄漏风险；3. 材质要求：无裂纹、无气泡、无破损；4. 尺寸要求：内径、壁厚符合设计要求,C,1.0,采购件,0.082,总装,纸箱,0.152,897,302,227,50,1100,550,160
H97Y1302001BA,散热器支架总成,,,1. 核心防护：防损伤、防污损、防丢失；2. 外观要求：表面无划痕、无锈蚀、无破损；3. 尺寸要求：符合设计图纸要求；4. 通用要求：无明显质量缺陷,C,1.0,采购件,4.2,总装,纸箱,,25.0,6.0,6.0,,365.0,275.0,160.0
H97C3735002AA,副仪表板组合开关,,,1. 核心防护：防变形、防划伤、防碰撞；2. 尺寸要求：关键尺寸偏差≤±0.5mm；3. 表面要求：无凹陷、无划痕、无锈蚀；4. 材质要求：符合设计强度标准,C,1.0,采购件,0.12,总装,纸箱,0.079,125.03,43.4,27.01,40,365,265,175
1104221-RA51,油管双管夹Ⅰ,,,1. 核心防护：防挤压、防破损、防老化；2. 密封要求：接口密封良好，无泄漏风险；3. 材质要求：无裂纹、无气泡、无破损；4. 尺寸要求：内径、壁厚符合设计要求,C,5.0,采购件,0.012,总装,纸箱,0.007,20.0,6.0,6.0,,365.0,275.0,160.0
H973602001,前碰传感器,,,1. 核心防护：防震动、防潮湿、防静电、防冲击；2. 电气要求：绝缘性能良好，无短路风险；3. 外观要求：外壳无破损，接口无变形；4. 存储要求：温度-20~50℃，湿度≤60%,C,2.0,采购件,0.013（±1%）,总装,纸箱,0.02,35.34,24.3,36.49,400,435,325,210
H97E5006901BBBG03,后导流板总成合件,,,1. 核心防护：防变形、防划伤、防碰撞；2. 尺寸要求：关键尺寸偏差≤±0.5mm；3. 表面要求：无凹陷、无划痕、无锈蚀；4. 材质要求：符合设计强度标准,B,1.0,采购件,3.689,总装,天地盖纸箱,3.28,1504,281,130,18,1800,1140,1140
H97A5512034AAJK05,右后门框上装饰件总成,,,1. 核心防护：防损伤、防污损、防丢失；2. 外观要求：表面无划痕、无锈蚀、无破损；3. 尺寸要求：符合设计图纸要求；4. 通用要求：无明显质量缺陷,C,1.0,采购件,0.232,总装,天地盖纸箱,0.006,,,,,,,
HQY1801035T10L1,六角法兰面螺栓和带齿垫圈组合件,,,1. 核心防护：防腐蚀、防丢失、防损伤；2. 材质要求：无锈蚀、无裂纹、无变形；,C,4.0,采购件,0.047,总装,STD,/,/,/,/,/,/,/,/
8220313-RA01A,碰卡,,,1. 核心防护：防损伤、防污损、防丢失；2. 外观要求：表面无划痕、无锈蚀、无破损；3. 尺寸要求：符合设计图纸要求；4. 通用要求：无明显质量缺陷,C,2.0,采购件,,总装,STD,0.0129,,,,,,,
H97D8107001DA,前置蒸发器流入管总成,,,1. 核心防护：防挤压、防破损、防老化；2. 密封要求：接口密封良好，无泄漏风险；3. 材质要求：无裂纹、无气泡、无破损；4. 尺寸要求：内径、壁厚符合设计要求,C,1.0,采购件,0.605,总装,纸箱,0.0177,,,,,,,
H97A5006060AB,右后门B柱装饰板总成,,,1. 核心防护：防变形、防划伤、防碰撞；2. 尺寸要求：关键尺寸偏差≤±0.5mm；3. 表面要求：无凹陷、无划痕、无锈蚀；4. 材质要求：符合设计强度标准,C,1.0,采购件,0.211,总装,纸箱,0.0612,,,,,,,
H97A2804020AA,后保险杠上安装座,,,1. 核心防护：防损伤、防污损、防丢失；2. 外观要求：表面无划痕、无锈蚀、无破损；3. 尺寸要求：符合设计图纸要求；4. 通用要求：无明显质量缺陷,B,1.0,采购件,0.466,总装,纸箱,0.617,128.85,929.93,119.46,24,1100,550,330
H97A8404001AA,充电口盖盖板,,,1. 核心防护：防变形、防划伤、防碰撞；2. 尺寸要求：关键尺寸偏差≤±0.5mm；3. 表面要求：无凹陷、无划痕、无锈蚀；4. 材质要求：符合设计强度标准,C,1.0,采购件,,,,,1052.0,575.0,69.0,,1330.0,1140.0,1140.0
H97Y3402001AAAE05,方向盘总成,,,1. 核心防护：防损伤、防污损、防丢失；2. 外观要求：表面无划痕、无锈蚀、无破损；3. 尺寸要求：符合设计图纸要求；4. 通用要求：无明显质量缺陷,B,1.0,采购件,1.718,总装,纸箱,1.75,379,341,203,4,650,435,440
H97C5505023AA,USB盖板,,,1. 核心防护：防变形、防划伤、防碰撞；2. 尺寸要求：关键尺寸偏差≤±0.5mm；3. 表面要求：无凹陷、无划痕、无锈蚀；4. 材质要求：符合设计强度标准,C,1.0,采购件,0.06,总装,纸箱,,1052.0,575.0,69.0,80,650,435,260
H97D3506003AA,制动管路3号总成,,,1. 核心防护：防挤压、防破损、防老化；2. 密封要求：接口密封良好，无泄漏风险；3. 材质要求：无裂纹、无气泡、无破损；4. 尺寸要求：内径、壁厚符合设计要求,B,1.0,采购件,0.14,总装,纸箱,0.053,230,111,254,100,530,365,210
H97A6309011AA,背门左撑杆上支架总成－带球头销,,,1. 核心防护：防腐蚀、防丢失、防损伤；2. 材质要求：无锈蚀、无裂纹、无变形；,C,1.0,采购件,0.12,总装,纸箱,,,,,,,,
HQY40212A,平垫圈,,,1. 核心防护：防腐蚀、防丢失、防损伤；2. 材质要求：无锈蚀、无裂纹、无变形；,C,2.0,采购件,,总装,STD,,,,,,,,
H97A5016002AA,贴片 Φ18,,,1. 核心防护：防损伤、防污损、防丢失；2. 外观要求：表面无划痕、无锈蚀、无破损；3. 尺寸要求：符合设计图纸要求；4. 通用要求：无明显质量缺陷,C,10.0,采购件,,总装,STD,0.002,18,17.96,2,3840,365,275,160
H97X8403022XA,右翼子板总成,防锈袋,有,1. 核心防护：防变形、防划伤、防碰撞；2. 尺寸要求：关键尺寸偏差≤±0.5mm；3. 表面要求：无凹陷、无划痕、无锈蚀；4. 材质要求：符合设计强度标准,A,1.0,焊装自制件,,,,,,,,,,,
H97C1205007AA,催化器密封垫2,,,1. 核心防护：防老化、防挤压、防变形；2. 材质要求：无裂纹、无异味、无破损；3. 尺寸要求：关键尺寸偏差≤±1.0mm；4. 性能要求：弹性符合设计标准,C,1.0,采购件,0.02,总装,纸箱,0.483,220.0,83.0,88.0,,550.0,365.0,210.0
HQ1841225L1,六角法兰面螺栓,,,1. 核心防护：防腐蚀、防丢失、防损伤；2. 材质要求：无锈蚀、无裂纹、无变形；,C,1.0,采购件,0.2,总装,STD,/,/,/,/,/,/,/,/
H97A3550001AB,ESC执行机构托架总成,,,1. 核心防护：防损伤、防污损、防丢失；2. 外观要求：表面无划痕、无锈蚀、无破损；3. 尺寸要求：符合设计图纸要求；4. 通用要求：无明显质量缺陷,C,1.0,采购件,0.53,总装,纸箱,0.0068,,,,,,,
Q673C24F62,钢带式弹性软管夹箍,,,1. 核心防护：防挤压、防破损、防老化；2. 密封要求：接口密封良好，无泄漏风险；3. 材质要求：无裂纹、无气泡、无破损；4. 尺寸要求：内径、壁厚符合设计要求,C,2.0,采购件,,总装,STD,/,/,/,/,/,/,/,/
H97A8404007AA,加油口盖外板,,,1. 核心防护：防变形、防划伤、防碰撞；2. 尺寸要求：关键尺寸偏差≤±0.5mm；3. 表面要求：无凹陷、无划痕、无锈蚀；4. 材质要求：符合设计强度标准,C,1.0,采购件,,,,0.0053,,,,,,,
H97A6207012AA,右后门窗台内密封条总成,,,1. 核心防护：防损伤、防污损、防丢失；2. 外观要求：表面无划痕、无锈蚀、无破损；3. 尺寸要求：符合设计图纸要求；4. 通用要求：无明显质量缺陷,C,1.0,采购件,0.132,总装,纸箱,0.0062,,,,,,,
H97D6203007BA,左后门玻璃总成,PE袋,,1. 核心防护：防冲击、防划伤、防破碎；2. 外观要求：无气泡、无划痕、无杂质；,A,1.0,采购件,4,总装,轻钢,5.85,1055.65,195.76,998.05,40,1300,1100,900
Q673C14F62,钢带式弹性软管夹箍,,,1. 核心防护：防挤压、防破损、防老化；2. 密封要求：接口密封良好，无泄漏风险；3. 材质要求：无裂纹、无气泡、无破损；4. 尺寸要求：内径、壁厚符合设计要求,C,3.0,采购件,,总装,STD,/,/,/,/,/,/,/,/
H97A5533007AB,左后吹足管道后段,,,1. 核心防护：防挤压、防破损、防老化；2. 密封要求：接口密封良好，无泄漏风险；3. 材质要求：无裂纹、无气泡、无破损；4. 尺寸要求：内径、壁厚符合设计要求,C,1.0,采购件,0.135,总装,纸箱,0.1644,236,182,95,16,650,435,260
H97D7005010ACAE06,右后排座椅靠背总成,,,1. 核心防护：防污损、防变形、防划伤；2. 结构要求：骨架无变形，面料无破损；3. 功能要求：调节机构灵活，无卡滞；4. 外观要求：面料无污渍，缝线整齐,B,1.0,采购件,,总装,天地盖纸箱,0.01,,,,,,,
H97A5520090ADTE15,右B柱上饰板总成,,,1. 核心防护：防变形、防划伤、防碰撞；2. 尺寸要求：关键尺寸偏差≤±0.5mm；3. 表面要求：无凹陷、无划痕、无锈蚀；4. 材质要求：符合设计强度标准,C,1.0,采购件,0.375,总装,天地盖纸箱,0.743,570,272,180,27,1140,790,1185
H97A5512900BCUK02,左后门内饰板合件,,,1. 核心防护：防变形、防划伤、防碰撞；2. 尺寸要求：关键尺寸偏差≤±0.5mm；3. 表面要求：无凹陷、无划痕、无锈蚀；4. 材质要求：符合设计强度标准,B,1.0,采购件,3.497,总装,天地盖纸箱,,600.0,200.0,800.0,,1330.0,1140.0,1800.0
H97A3506005AA,制动管路5号总成,,,1. 核心防护：防挤压、防破损、防老化；2. 密封要求：接口密封良好，无泄漏风险；3. 材质要求：无裂纹、无气泡、无破损；4. 尺寸要求：内径、壁厚符合设计要求,C,1.0,采购件,0.06,总装,纸箱,0.06,378,129,148,100,530,365,210
H97A3725001AB,12V电源插座,,,1. 核心防护：防损伤、防污损、防丢失；2. 外观要求：表面无划痕、无锈蚀、无破损；3. 尺寸要求：符合设计图纸要求；4. 通用要求：无明显质量缺陷,C,2.0,采购件,0.022,总装,纸箱,0.022,39.48,31.92,63.69,126,365,275,260
6105003-01,A型通孔式嵌装塑料螺母,,,1. 核心防护：防腐蚀、防丢失、防损伤；2. 材质要求：无锈蚀、无裂纹、无变形；,C,2.0,采购件,0.001,总装,STD,/,/,/,/,/,/,/,/
H97B2309003BA,前连接轴总成,防锈袋,,1. 核心防护：防损伤、防污损、防丢失；2. 外观要求：表面无划痕、无锈蚀、无破损；3. 尺寸要求：符合设计图纸要求；4. 通用要求：无明显质量缺陷,B,1.0,采购件,2.59,总装,天地盖纸箱,/,/,/,/,/,/,/,/
H97A6107027AA,左前门防水膜,,,1. 核心防护：防损伤、防污损、防丢失；2. 外观要求：表面无划痕、无锈蚀、无破损；3. 尺寸要求：符合设计图纸要求；4. 通用要求：无明显质量缺陷,C,1.0,采购件,0.043,总装,纸箱,0.073,313.65,44.68,428.41,40,800,600,280
H97A2941007AC,左前空气弹簧管路后段,,,1. 核心防护：防挤压、防破损、防老化；2. 密封要求：接口密封良好，无泄漏风险；3. 材质要求：无裂纹、无气泡、无破损；4. 尺寸要求：内径、壁厚符合设计要求,C,1.0,采购件,0.168,总装,天地盖纸箱,0.169,3435.67,299.78,1552.86,80,1100,1100,545
H56A3504001AB,制动开关,,,1. 核心防护：防油污、防划伤、防锈蚀；2. 性能要求：摩擦系数符合标准，无偏磨；3. 外观要求：表面无油污，无锈蚀；4. 尺寸要求：厚度、直径符合设计要求,C,1.0,采购件,0.021,总装,纸箱,0.021,68.66,28.28,45.49,120,435,325,210
H56D5016063AA,贴片20*24,,,1. 核心防护：防损伤、防污损、防丢失；2. 外观要求：表面无划痕、无锈蚀、无破损；3. 尺寸要求：符合设计图纸要求；4. 通用要求：无明显质量缺陷,C,10.0,采购件,0.002,总装,STD,0.11,220.0,69.0,30.0,,650.0,435.0,260.0
H97A6309003AA,背门限位器,,,1. 核心防护：防损伤、防污损、防丢失；2. 外观要求：表面无划痕、无锈蚀、无破损；3. 尺寸要求：符合设计图纸要求；4. 通用要求：无明显质量缺陷,C,2.0,采购件,0.028,总装,纸箱,0.009,,,,,,,
H97C3506010AA,左前制动软管,,,1. 核心防护：防挤压、防破损、防老化；2. 密封要求：接口密封良好，无泄漏风险；3. 材质要求：无裂纹、无气泡、无破损；4. 尺寸要求：内径、壁厚符合设计要求,C,1.0,采购件,0.13,总装,纸箱,0.35,900.0,453.0,125.0,,1600.0,1140.0,1090.0
H97A7010003AA,后排座椅靠背总成中间支架,,,1. 核心防护：防污损、防变形、防划伤；2. 结构要求：骨架无变形，面料无破损；3. 功能要求：调节机构灵活，无卡滞；4. 外观要求：面料无污渍，缝线整齐,C,1.0,采购件,0.682,总装,纸箱,,,,,,,,
H97A3506006AA,制动管路6号总成,,,1. 核心防护：防挤压、防破损、防老化；2. 密封要求：接口密封良好，无泄漏风险；3. 材质要求：无裂纹、无气泡、无破损；4. 尺寸要求：内径、壁厚符合设计要求,C,1.0,采购件,0.052,总装,纸箱,0.055,322,174,134,100,530,365,210
H97A3716001AD,左后组合灯固定侧,,,1. 核心防护：防损伤、防污损、防丢失；2. 外观要求：表面无划痕、无锈蚀、无破损；3. 尺寸要求：符合设计图纸要求；4. 通用要求：无明显质量缺陷,B,1.0,采购件,0.9,总装,纸箱,1.18,392.55,252.15,160.55,2,650,435,260
H97C3602800BA,PM2.5传感器,,,1. 核心防护：防震动、防潮湿、防静电、防冲击；2. 电气要求：绝缘性能良好，无短路风险；3. 外观要求：外壳无破损，接口无变形；4. 存储要求：温度-20~50℃，湿度≤60%,C,1.0,采购件,,总装,纸箱,/,/,/,/,/,/,/,/
H97E6207018AA,右后门密封条总成,,,1. 核心防护：防损伤、防污损、防丢失；2. 外观要求：表面无划痕、无锈蚀、无破损；3. 尺寸要求：符合设计图纸要求；4. 通用要求：无明显质量缺陷,B,1.0,采购件,0.4,总装,天地盖纸箱,0.1,50.0,45.0,30.0,,365.0,275.0,210.0
H97A3711001BG,左前照灯,,,1. 核心防护：防损伤、防污损、防丢失；2. 外观要求：表面无划痕、无锈蚀、无破损；3. 尺寸要求：符合设计图纸要求；4. 通用要求：无明显质量缺陷,B,1.0,采购件,4.7,总装,纸箱,6,682.21,454.14,301.16,9,1140,980,1050
H97D1303061AA,后电机进水软管,,,1. 核心防护：防挤压、防破损、防老化；2. 密封要求：接口密封良好，无泄漏风险；3. 材质要求：无裂纹、无气泡、无破损；4. 尺寸要求：内径、壁厚符合设计要求,C,1.0,采购件,,总装,纸箱,0.229,312,240,203,40,600,400,280
H97X3724121AA,后背门线束总成,,,1. 核心防护：防损伤、防污损、防丢失；2. 外观要求：表面无划痕、无锈蚀、无破损；3. 尺寸要求：符合设计图纸要求；4. 通用要求：无明显质量缺陷,C,1.0,采购件,,总装,纸箱,,44.0,44.0,34.0,,400.0,300.0,230.0
H97A5006045AD,左前门B柱装饰板总成,,,1. 核心防护：防变形、防划伤、防碰撞；2. 尺寸要求：关键尺寸偏差≤±0.5mm；3. 表面要求：无凹陷、无划痕、无锈蚀；4. 材质要求：符合设计强度标准,B,1.0,采购件,0.202,总装,纸箱,,69.0,69.0,29.0,,600.0,400.0,230.0
H97A5533001AA,左后吹足管道前段总成,,,1. 核心防护：防挤压、防破损、防老化；2. 密封要求：接口密封良好，无泄漏风险；3. 材质要求：无裂纹、无气泡、无破损；4. 尺寸要求：内径、壁厚符合设计要求,C,1.0,采购件,0.11,总装,纸箱,0.2804,386,329,192,10,650,435,330
3741100-RA01,前雨刮电机及支架总成,,,1. 核心防护：防震动、防潮湿、防静电、防冲击；2. 电气要求：绝缘性能良好，无短路风险；3. 外观要求：外壳无破损，接口无变形；4. 存储要求：温度-20~50℃，湿度≤60%,C,1.0,采购件,2.135,总装,天地盖纸箱,2.135,579,195,145,60,1200,1000,1050
H97A2941014AD,气泵主储气罐连接管路,,,1. 核心防护：防挤压、防破损、防老化；2. 密封要求：接口密封良好，无泄漏风险；3. 材质要求：无裂纹、无气泡、无破损；4. 尺寸要求：内径、壁厚符合设计要求,C,1.0,采购件,0.044,总装,纸箱,0.039,371.86,444.84,227.34,120,1100,550,330
H97A2941010AB,右前带支架高度传感器总成,,,1. 核心防护：防震动、防潮湿、防静电、防冲击；2. 电气要求：绝缘性能良好，无短路风险；3. 外观要求：外壳无破损，接口无变形；4. 存储要求：温度-20~50℃，湿度≤60%,C,1.0,采购件,,总装,纸箱,0.095,98.21,86.05,126.38,36,600,400,148
H97A5006055AB,左后门B柱装饰板总成,,,1. 核心防护：防变形、防划伤、防碰撞；2. 尺寸要求：关键尺寸偏差≤±0.5mm；3. 表面要求：无凹陷、无划痕、无锈蚀；4. 材质要求：符合设计强度标准,C,1.0,采购件,0.211,总装,纸箱,0.12,156.0,54.0,65.0,,550.0,365.0,210.0
H97C3901001AA,拖钩,,,1. 核心防护：防损伤、防污损、防丢失；2. 外观要求：表面无划痕、无锈蚀、无破损；3. 尺寸要求：符合设计图纸要求；4. 通用要求：无明显质量缺陷,C,1.0,采购件,,总装,纸箱,0.608,228,56,22,20,280,230,100
HQY1851432T10L1,车轮螺栓,,,1. 核心防护：防腐蚀、防丢失、防损伤；2. 材质要求：无锈蚀、无裂纹、无变形；,C,20.0,采购件,,总装,STD,/,/,/,/,/,/,/,/
HQ1840612,六角法兰面螺栓,,,1. 核心防护：防腐蚀、防丢失、防损伤；2. 材质要求：无锈蚀、无裂纹、无变形；,C,36.0,采购件,0.2,总装,STD,/,/,/,/,/,/,/,/
HQ1840616,六角法兰面螺栓,,,1. 核心防护：防腐蚀、防丢失、防损伤；2. 材质要求：无锈蚀、无裂纹、无变形；,C,13.0,采购件,0.2,总装,STD,/,/,/,/,/,/,/,/
Q2580825T1F61,内六角花形沉头螺钉,,,1. 核心防护：防腐蚀、防丢失、防损伤；2. 材质要求：无锈蚀、无裂纹、无变形；,C,10.0,采购件,,总装,STD,/,/,/,/,/,/,/,/
H97A3602803AA,雨量光照传感器,,,1. 核心防护：防震动、防潮湿、防静电、防冲击；2. 电气要求：绝缘性能良好，无短路风险；3. 外观要求：外壳无破损，接口无变形；4. 存储要求：温度-20~50℃，湿度≤60%,C,1.0,采购件,0.02,总装,纸箱,0.02,63.88,38.96,48.84,144,400,300,280
H97A5525003ABJG08,左遮阳板挂钩,,,1. 核心防护：防变形、防划伤、防碰撞；2. 尺寸要求：关键尺寸偏差≤±0.5mm；3. 表面要求：无凹陷、无划痕、无锈蚀；4. 材质要求：符合设计强度标准,C,1.0,采购件,,总装,纸箱,0.0006,18.0,18.0,7.0,,400.0,300.0,230.0
HQ1840816,六角法兰面螺栓,,,1. 核心防护：防腐蚀、防丢失、防损伤；2. 材质要求：无锈蚀、无裂纹、无变形；,C,24.0,采购件,0.2,总装,STD,/,/,/,/,/,/,/,/
HQY140B0818T8L,六角头螺栓和大平垫圈组合件,,,1. 核心防护：防腐蚀、防丢失、防损伤；2. 材质要求：无锈蚀、无裂纹、无变形；,C,6.0,采购件,0.0202,总装,STD,/,/,/,/,/,/,/,/
H97C3504005AB,制动踏板总成,,,1. 核心防护：防变形、防划伤、防碰撞；2. 尺寸要求：关键尺寸偏差≤±0.5mm；3. 表面要求：无凹陷、无划痕、无锈蚀；4. 材质要求：符合设计强度标准,B,1.0,采购件,2,总装,纸箱,1.78,464,207,260,60,1140,980,1050
H97A5520140ABTE15,右C柱上饰板总成,,,1. 核心防护：防变形、防划伤、防碰撞；2. 尺寸要求：关键尺寸偏差≤±0.5mm；3. 表面要求：无凹陷、无划痕、无锈蚀；4. 材质要求：符合设计强度标准,C,1.0,采购件,0.278,总装,天地盖纸箱,0.276,248,222,180,6,650,435,260
H97A7010001AA,左后排座椅靠背总成固定锁销,,,1. 核心防护：防腐蚀、防丢失、防损伤；2. 材质要求：无锈蚀、无裂纹、无变形；,C,1.0,采购件,0.258,总装,纸箱,0.06,50.0,10.0,10.0,,365.0,275.0,160.0
HQY1470612T8X1,十字槽六角头法兰面螺栓,,,1. 核心防护：防腐蚀、防丢失、防损伤；2. 材质要求：无锈蚀、无裂纹、无变形；,C,7.0,采购件,,总装,STD,/,/,/,/,/,/,/,/
H97D5006187AA,右前车门上装饰条,,,1. 核心防护：防损伤、防污损、防丢失；2. 外观要求：表面无划痕、无锈蚀、无破损；3. 尺寸要求：符合设计图纸要求；4. 通用要求：无明显质量缺陷,C,1.0,采购件,0.013,总装,纸箱,0.04,65.0,21.0,21.0,,365.0,275.0,160.0
H97A6309012AA,背门右撑杆上支架总成－带球头销,,,1. 核心防护：防腐蚀、防丢失、防损伤；2. 材质要求：无锈蚀、无裂纹、无变形；,C,1.0,采购件,0.12,总装,纸箱,0.034,40.0,10.0,10.0,,365.0,275.0,160.0
H97A5511901BCUK02,右前门内饰板合件,,,1. 核心防护：防变形、防划伤、防碰撞；2. 尺寸要求：关键尺寸偏差≤±0.5mm；3. 表面要求：无凹陷、无划痕、无锈蚀；4. 材质要求：符合设计强度标准,B,1.0,采购件,3.497,总装,天地盖纸箱,0.0266,58.0,18.0,18.0,,365.0,275.0,160.0
H97A3500002AA,储油壶进油管,,,1. 核心防护：防挤压、防破损、防老化；2. 密封要求：接口密封良好，无泄漏风险；3. 材质要求：无裂纹、无气泡、无破损；4. 尺寸要求：内径、壁厚符合设计要求,C,1.0,采购件,0.04,总装,纸箱,0.063,361.4,73.99,85.88,100,600,400,220
H97A6103008AA,右前门玻璃导槽总成,,,1. 核心防护：防冲击、防划伤、防破碎；2. 外观要求：无气泡、无划痕、无杂质；,B,1.0,采购件,1.14,总装,天地盖纸箱,0.97,985,959,201,78,1470,1150,900
H97A5520160ACBKGA,右D柱上饰板总成,,,1. 核心防护：防变形、防划伤、防碰撞；2. 尺寸要求：关键尺寸偏差≤±0.5mm；3. 表面要求：无凹陷、无划痕、无锈蚀；4. 材质要求：符合设计强度标准,B,1.0,采购件,0.54,总装,纸箱,0.56,632,288,391,18,1140,790,1200
HQ1460620,六角头螺栓、弹簧垫圈和平垫圈组合件,,,1. 核心防护：防腐蚀、防丢失、防损伤；2. 材质要求：无锈蚀、无裂纹、无变形；,C,1.0,采购件,0.04,总装,STD,/,/,/,/,/,/,/,/
H97X1000001XA,发动机总成,防锈袋,,1. 核心防护：防损伤、防污损、防丢失；2. 外观要求：表面无划痕、无锈蚀、无破损；3. 尺寸要求：符合设计图纸要求；4. 通用要求：无明显质量缺陷,A,1.0,自制件,,总装,铁架,0.0087,805,600,688,,365.0,275.0,160.0
H97A6205012AB,后门内开拉丝总成,,,1. 核心防护：防损伤、防污损、防丢失；2. 外观要求：表面无划痕、无锈蚀、无破损；3. 尺寸要求：符合设计图纸要求；4. 通用要求：无明显质量缺陷,C,2.0,采购件,0.038,总装,纸箱,0.0357,469.19,350.1,56.72,200,1200,400,230
H97D5120003BA,中部下防护板,,,1. 核心防护：防变形、防划伤、防碰撞；2. 尺寸要求：关键尺寸偏差≤±0.5mm；3. 表面要求：无凹陷、无划痕、无锈蚀；4. 材质要求：符合设计强度标准,C,1.0,采购件,,总装,纸箱,,25.0,6.0,6.0,,365.0,275.0,160.0
Q221B4816,十字槽盘头自攻螺钉和大垫圈组合件,,,1. 核心防护：防腐蚀、防丢失、防损伤；2. 材质要求：无锈蚀、无裂纹、无变形；,C,14.0,采购件,,总装,STD,/,/,/,/,/,/,/,/
H97A6201041AB,左后车门防污条总成,,,1. 核心防护：防损伤、防污损、防丢失；2. 外观要求：表面无划痕、无锈蚀、无破损；3. 尺寸要求：符合设计图纸要求；4. 通用要求：无明显质量缺陷,C,1.0,采购件,0.066,总装,纸箱,0.0066,18.0,6.0,6.0,,365.0,275.0,160.0
H97X3703003XA,蓄电池,,,1. 核心防护：防震动、防潮湿、防静电、防冲击；2. 电气要求：绝缘性能良好，无短路风险；3. 外观要求：外壳无破损，接口无变形；4. 存储要求：温度-20~50℃，湿度≤60%,B,1.0,采购件,12.3,总装,纸箱,3.6,237,204,72.5,32,1140,1140,480
H97D5518005ABTK11,天窗总成,防锈袋,,1. 核心防护：防冲击、防划伤、防破碎；2. 外观要求：无气泡、无划痕、无杂质；,A,1.0,采购件,22.3,总装,天地盖纸箱,12.2,1030,137,737,8,1210,900,1150
H97A8230010AB,右侧气帘总成,,,1. 核心防护：防损伤、防污损、防丢失；2. 外观要求：表面无划痕、无锈蚀、无破损；3. 尺寸要求：符合设计图纸要求；4. 通用要求：无明显质量缺陷,C,1.0,采购件,,,,1.9,2774,274,152,4,650,435,210
HQY37602,球头卡扣,,,1. 核心防护：防腐蚀、防丢失、防损伤；2. 材质要求：无锈蚀、无裂纹、无变形；,C,2.0,采购件,,总装,STD,/,/,/,/,/,/,/,/
HQY1840820X2,内六角花形六角法兰面螺栓,,,1. 核心防护：防腐蚀、防丢失、防损伤；2. 材质要求：无锈蚀、无裂纹、无变形；,C,2.0,采购件,,总装,STD,0.0056,,,,,,,
HQ1841055T10L1,六角法兰面螺栓,,,1. 核心防护：防腐蚀、防丢失、防损伤；2. 材质要求：无锈蚀、无裂纹、无变形；,C,6.0,采购件,0.2,总装,STD,/,/,/,/,/,/,/,/
H97A2904014AA,前悬架右前上控制臂总成,,,1. 核心防护：防变形、防碰撞、防锈蚀；2. 强度要求：符合设计承载标准；3. 外观要求：无裂纹、无变形、无锈蚀；4. 性能要求：减震性能良好，无异常噪音,C,1.0,采购件,,总装,纸箱,0.0091,,,,,,,
H97A6109001AB,前门限位器总成,,,1. 核心防护：防损伤、防污损、防丢失；2. 外观要求：表面无划痕、无锈蚀、无破损；3. 尺寸要求：符合设计图纸要求；4. 通用要求：无明显质量缺陷,C,2.0,采购件,0.194,总装,纸箱,0.22,182,81,61,50,550,365,160
HQY2620610T8X2D,内六角花形盘头螺钉,,,1. 核心防护：防腐蚀、防丢失、防损伤；2. 材质要求：无锈蚀、无裂纹、无变形；,C,13.0,采购件,,总装,STD,/,/,/,/,/,/,/,/
H97X8402043XA,发动机罩总成,防锈袋,有,1. 核心防护：防损伤、防污损、防丢失；2. 外观要求：表面无划痕、无锈蚀、无破损；3. 尺寸要求：符合设计图纸要求；4. 通用要求：无明显质量缺陷,A,1.0,焊装自制件,,,,0.0171,,,,,,,
H56A1300039AA,Ф23橡胶水管双管夹,,,1. 核心防护：防挤压、防破损、防老化；2. 密封要求：接口密封良好，无泄漏风险；3. 材质要求：无裂纹、无气泡、无破损；4. 尺寸要求：内径、壁厚符合设计要求,C,1.0,采购件,0.016,总装,STD,0.016,20,73.5,31.65,300,550,365,210
HQ1840616L1,六角法兰面螺栓,,,1. 核心防护：防腐蚀、防丢失、防损伤；2. 材质要求：无锈蚀、无裂纹、无变形；,C,23.0,采购件,0.2,总装,STD,/,/,/,/,/,/,/,/
H97C9340019BA,慢充充电插座总成,,,1. 核心防护：防损伤、防污损、防丢失；2. 外观要求：表面无划痕、无锈蚀、无破损；3. 尺寸要求：符合设计图纸要求；4. 通用要求：无明显质量缺陷,C,1.0,采购件,1.69,总装,纸箱,0.0129,,,,,,,
H97A3101010AF,右前轮罩挡泥板总成,,,1. 核心防护：防变形、防划伤、防碰撞；2. 尺寸要求：关键尺寸偏差≤±0.5mm；3. 表面要求：无凹陷、无划痕、无锈蚀；4. 材质要求：符合设计强度标准,B,1.0,采购件,,总装,天地盖纸箱,1.34,986.46,534.89,751.77,20,1330,1140,1090
H97A5520105BABKGA,左后侧围内饰板总成,,,1. 核心防护：防变形、防划伤、防碰撞；2. 尺寸要求：关键尺寸偏差≤±0.5mm；3. 表面要求：无凹陷、无划痕、无锈蚀；4. 材质要求：符合设计强度标准,B,1.0,采购件,1.814,总装,天地盖纸箱,0.0177,,,,,,,
HQY37803,塑料螺母,,,1. 核心防护：防腐蚀、防丢失、防损伤；2. 材质要求：无锈蚀、无裂纹、无变形；,C,34.0,采购件,,总装,STD,/,/,/,/,/,/,/,/
H97E3501005AAHSKQ,左前制动器总成,,,1. 核心防护：防油污、防划伤、防锈蚀；2. 性能要求：摩擦系数符合标准，无偏磨；3. 外观要求：表面无油污，无锈蚀；4. 尺寸要求：厚度、直径符合设计要求,B,1.0,采购件,,总装,木箱,,620,405,200,,365.0,275.0,160.0
H97D8105004DA,电池冷却器总成,,,1. 核心防护：防震动、防潮湿、防静电、防冲击；2. 电气要求：绝缘性能良好，无短路风险；3. 外观要求：外壳无破损，接口无变形；4. 存储要求：温度-20~50℃，湿度≤60%,C,1.0,采购件,1.62,总装,纸箱,1.46,201.12,116.55,176.06,160,1140,980,1050
H97A5518008AB,右A柱天窗排水管,,,1. 核心防护：防变形、防划伤、防碰撞；2. 尺寸要求：关键尺寸偏差≤±0.5mm；3. 表面要求：无凹陷、无划痕、无锈蚀；4. 材质要求：符合设计强度标准,C,1.0,采购件,,总装,纸箱,0.2,1008,898,312,20,600,400,280
HQY1861072T10L1D,带导向六角法兰面螺栓,,,1. 核心防护：防腐蚀、防丢失、防损伤；2. 材质要求：无锈蚀、无裂纹、无变形；,C,2.0,采购件,0.131,总装,STD,/,/,/,/,/,/,/,/
HQY1861045T10L1D,六角法兰面螺栓和垫片组合件,,,1. 核心防护：防腐蚀、防丢失、防损伤；2. 材质要求：无锈蚀、无裂纹、无变形；,C,2.0,采购件,,总装,STD,0.466,935.0,120.0,95.0,,1200.0,1000.0,790.0
Q2713513,十字槽盘头自攻螺钉-C型,,,1. 核心防护：防腐蚀、防丢失、防损伤；2. 材质要求：无锈蚀、无裂纹、无变形；,C,2.0,采购件,,总装,STD,/,/,/,/,/,/,/,/
H97E6107021AA,左前门密封条总成,,,1. 核心防护：防损伤、防污损、防丢失；2. 外观要求：表面无划痕、无锈蚀、无破损；3. 尺寸要求：符合设计图纸要求；4. 通用要求：无明显质量缺陷,B,1.0,采购件,0.411,总装,天地盖纸箱,0.42,1341.8,1072.33,216.09,90,1200,1000,900
H97A8405031AA,左遮缝装饰件,,,1. 核心防护：防损伤、防污损、防丢失；2. 外观要求：表面无划痕、无锈蚀、无破损；3. 尺寸要求：符合设计图纸要求；4. 通用要求：无明显质量缺陷,C,1.0,采购件,0.064,总装,纸箱,0.14,885.0,455.0,185.0,,1200.0,1150.0,1200.0
HQ32008,六角法兰面螺母,,,1. 核心防护：防腐蚀、防丢失、防损伤；2. 材质要求：无锈蚀、无裂纹、无变形；,C,3.0,采购件,,总装,STD,/,/,/,/,/,/,/,/
H97A8230005AB,左侧气帘总成,,,1. 核心防护：防损伤、防污损、防丢失；2. 外观要求：表面无划痕、无锈蚀、无破损；3. 尺寸要求：符合设计图纸要求；4. 通用要求：无明显质量缺陷,C,1.0,采购件,,,,1.9,2774,274,152,4,650,435,210
H97A5512901BCAE01,右后门内饰板合件,,,1. 核心防护：防变形、防划伤、防碰撞；2. 尺寸要求：关键尺寸偏差≤±0.5mm；3. 表面要求：无凹陷、无划痕、无锈蚀；4. 材质要求：符合设计强度标准,B,1.0,采购件,3.497,总装,天地盖纸箱,,500.0,160.0,160.0,,620.0,420.0,290.0
H97X3629006AA,后右角雷达安装支架,,,1. 核心防护：防损伤、防污损、防丢失；2. 外观要求：表面无划痕、无锈蚀、无破损；3. 尺寸要求：符合设计图纸要求；4. 通用要求：无明显质量缺陷,C,1.0,采购件,0.15,总装,纸箱,0.093,97.0,25.0,25.0,,300.0,200.0,148.0
H97D5001259AA,低压线束支架1,,,1. 核心防护：防损伤、防污损、防丢失；2. 外观要求：表面无划痕、无锈蚀、无破损；3. 尺寸要求：符合设计图纸要求；4. 通用要求：无明显质量缺陷,C,1.0,采购件,,总装,STD,0.027,31.69,54.7,76.8,500,435,325,160
H97X3724113AB,右前门线束总成,,,1. 核心防护：防损伤、防污损、防丢失；2. 外观要求：表面无划痕、无锈蚀、无破损；3. 尺寸要求：符合设计图纸要求；4. 通用要求：无明显质量缺陷,C,1.0,采购件,,总装,纸箱,0.64,959,649,202,18,650,435,260
H97C1307039AA,电机水泵总成,,,1. 核心防护：防震动、防潮湿、防静电、防冲击；2. 电气要求：绝缘性能良好，无短路风险；3. 外观要求：外壳无破损，接口无变形；4. 存储要求：温度-20~50℃，湿度≤60%,C,1.0,采购件,0.85,总装,纸箱,/,/,/,/,/,/,/,/
H97B1101001BA,油箱泄漏诊断模块支架,,,1. 核心防护：防震动、防潮湿、防静电、防冲击；2. 电气要求：绝缘性能良好，无短路风险；3. 外观要求：外壳无破损，接口无变形；4. 存储要求：温度-20~50℃，湿度≤60%,C,1.0,采购件,0.066,总装,纸箱,0.12,102.28,13.9,70,100,435,325,210
H97A8405025AA,机舱左后装饰板总成,,,1. 核心防护：防变形、防划伤、防碰撞；2. 尺寸要求：关键尺寸偏差≤±0.5mm；3. 表面要求：无凹陷、无划痕、无锈蚀；4. 材质要求：符合设计强度标准,C,1.0,采购件,,总装,纸箱,0.0266,58.0,18.0,18.0,,365.0,275.0,160.0
H97C1001002AA,发动机右悬置总成,,,1. 核心防护：防损伤、防污损、防丢失；2. 外观要求：表面无划痕、无锈蚀、无破损；3. 尺寸要求：符合设计图纸要求；4. 通用要求：无明显质量缺陷,C,1.0,采购件,2.54,总装,纸箱,2.82,251,201,156,4,550,365,210
HQ1840620L1,六角法兰面螺栓,,,1. 核心防护：防腐蚀、防丢失、防损伤；2. 材质要求：无锈蚀、无裂纹、无变形；,C,1.0,采购件,0.2,总装,STD,/,/,/,/,/,/,/,/
H97A6305006AAJK05,背门锁护套,,,1. 核心防护：防损伤、防污损、防丢失；2. 外观要求：表面无划痕、无锈蚀、无破损；3. 尺寸要求：符合设计图纸要求；4. 通用要求：无明显质量缺陷,C,1.0,采购件,0.031,总装,纸箱,0.029,128.71,42.23,91.06,144,650,435,260
H97A5520080ACTK11,右A柱上饰板总成,,,1. 核心防护：防变形、防划伤、防碰撞；2. 尺寸要求：关键尺寸偏差≤±0.5mm；3. 表面要求：无凹陷、无划痕、无锈蚀；4. 材质要求：符合设计强度标准,B,1.0,采购件,0.42,总装,天地盖纸箱,0.69,781,482,183,16,1140,1140,1090
H97D3714002AAJK05,右后顶灯总成,,,1. 核心防护：防损伤、防污损、防丢失；2. 外观要求：表面无划痕、无锈蚀、无破损；3. 尺寸要求：符合设计图纸要求；4. 通用要求：无明显质量缺陷,C,1.0,采购件,0.032,总装,纸箱,0.0087,30.0,6.0,6.0,,365.0,275.0,160.0
H97Y8202900AABG03,左外后视镜合件,,,1. 核心防护：防损伤、防污损、防丢失；2. 外观要求：表面无划痕、无锈蚀、无破损；3. 尺寸要求：符合设计图纸要求；4. 通用要求：无明显质量缺陷,B,1.0,采购件,1.69,总装,天地盖纸箱,1.65,418.27,354.1,216.63,4,650,435,295
Q215B0614F61,内六角花形盘头螺钉,,,1. 核心防护：防腐蚀、防丢失、防损伤；2. 材质要求：无锈蚀、无裂纹、无变形；,C,1.0,采购件,,总装,STD,/,/,/,/,/,/,/,/
H97Z8212001BA,第二排座椅侧安全带主体总成,,,1. 核心防护：防污损、防变形、防划伤；2. 结构要求：骨架无变形，面料无破损；3. 功能要求：调节机构灵活，无卡滞；4. 外观要求：面料无污渍，缝线整齐,C,2.0,采购件,0.907,总装,纸箱,0.0078,25.0,6.0,6.0,,365.0,275.0,160.0
H97A8403003AA,左翼子板装饰板,,,1. 核心防护：防变形、防划伤、防碰撞；2. 尺寸要求：关键尺寸偏差≤±0.5mm；3. 表面要求：无凹陷、无划痕、无锈蚀；4. 材质要求：符合设计强度标准,B,1.0,采购件,0.233,总装,天地盖纸箱,0.0066,18.0,6.0,6.0,,365.0,275.0,160.0
H97D3730303AB,前电机搭铁线束,,,1. 核心防护：防震动、防潮湿、防静电、防冲击；2. 电气要求：绝缘性能良好，无短路风险；3. 外观要求：外壳无破损，接口无变形；4. 存储要求：温度-20~50℃，湿度≤60%,C,1.0,采购件,,总装,纸箱,0.0063,16.0,6.0,6.0,,365.0,275.0,160.0
H97D3605893BA,左前门电动车窗开关,,,1. 核心防护：防冲击、防划伤、防破碎；2. 外观要求：无气泡、无划痕、无杂质；,C,1.0,采购件,0.125,总装,纸箱,0.13,151,86,57,72,650,435,260
H97X5525002ABTG11,右遮阳板,,,1. 核心防护：防变形、防划伤、防碰撞；2. 尺寸要求：关键尺寸偏差≤±0.5mm；3. 表面要求：无凹陷、无划痕、无锈蚀；4. 材质要求：符合设计强度标准,C,1.0,采购件,0.59,总装,纸箱,0.52,440.67,79.54,194.44,10,600,400,160
H97A5006070AC,右后门C柱装饰板总成,,,1. 核心防护：防变形、防划伤、防碰撞；2. 尺寸要求：关键尺寸偏差≤±0.5mm；3. 表面要求：无凹陷、无划痕、无锈蚀；4. 材质要求：符合设计强度标准,B,1.0,采购件,0.168,总装,纸箱,0.423,207.95,139.73,451.7,8,600,400,220
HQY32014T10L1UA,六角加大法兰面螺母,,,1. 核心防护：防腐蚀、防丢失、防损伤；2. 材质要求：无锈蚀、无裂纹、无变形；,C,2.0,采购件,,总装,STD,/,/,/,/,/,/,/,/
H97A3718016AA,点光源,,,1. 核心防护：防损伤、防污损、防丢失；2. 外观要求：表面无划痕、无锈蚀、无破损；3. 尺寸要求：符合设计图纸要求；4. 通用要求：无明显质量缺陷,C,3.0,采购件,,总装,纸箱,/,/,/,/,/,/,/,/
HQY140B0820T8,六角头螺栓和平垫圈组合件,,,1. 核心防护：防腐蚀、防丢失、防损伤；2. 材质要求：无锈蚀、无裂纹、无变形；,C,4.0,采购件,0.019,总装,STD,/,/,/,/,/,/,/,/
H97Y8201005AA,内后视镜总成,,,1. 核心防护：防损伤、防污损、防丢失；2. 外观要求：表面无划痕、无锈蚀、无破损；3. 尺寸要求：符合设计图纸要求；4. 通用要求：无明显质量缺陷,B,1.0,采购件,,总装,纸箱,0.42,260.76,87.66,119.94,15,600,400,340
H97D9325006BA,压缩机高压线束总成,,,1. 核心防护：防震动、防潮湿、防静电、防冲击；2. 电气要求：绝缘性能良好，无短路风险；3. 外观要求：外壳无破损，接口无变形；4. 存储要求：温度-20~50℃，湿度≤60%,C,1.0,采购件,0.47,总装,纸箱,0.0085,,,,,,,
HQY68902L2,金属卡子,,,1. 核心防护：防损伤、防污损、防丢失；2. 外观要求：表面无划痕、无锈蚀、无破损；3. 尺寸要求：符合设计图纸要求；4. 通用要求：无明显质量缺陷,C,19.0,采购件,,总装,STD,/,/,/,/,/,/,/,/
H97B1104012BA,清洁空气导管,,,1. 核心防护：防挤压、防破损、防老化；2. 密封要求：接口密封良好，无泄漏风险；3. 材质要求：无裂纹、无气泡、无破损；4. 尺寸要求：内径、壁厚符合设计要求,C,1.0,采购件,0.17,总装,纸箱,0.0177,,,,,,,
H97A5511041AAJK05,左前门框上装饰件总成,,,1. 核心防护：防损伤、防污损、防丢失；2. 外观要求：表面无划痕、无锈蚀、无破损；3. 尺寸要求：符合设计图纸要求；4. 通用要求：无明显质量缺陷,B,1.0,采购件,0.24,总装,纸箱,0.0086,,,,,,,
H97X2410007XA,后底盘模块总成,防锈袋,有,1. 核心防护：防震动、防潮湿、防静电、防冲击；2. 电气要求：绝缘性能良好，无短路风险；3. 外观要求：外壳无破损，接口无变形；4. 存储要求：温度-20~50℃，湿度≤60%,A,1.0,自制件,,,,0.53,,,,,600.0,400.0,214.0
H97A3716011AB,左后组合灯固定侧侧板,,,1. 核心防护：防变形、防划伤、防碰撞；2. 尺寸要求：关键尺寸偏差≤±0.5mm；3. 表面要求：无凹陷、无划痕、无锈蚀；4. 材质要求：符合设计强度标准,C,1.0,采购件,,总装,纸箱,0.0112,27.0,27.0,12.0,,400.0,300.0,148.0
H97A8404006AA,紧急开启把手,,,1. 核心防护：防损伤、防污损、防丢失；2. 外观要求：表面无划痕、无锈蚀、无破损；3. 尺寸要求：符合设计图纸要求；4. 通用要求：无明显质量缺陷,C,1.0,采购件,0.002,总装,纸箱,0.0089,36.0,22.0,12.0,,435.0,325.0,210.0
H97Y8230007AAJE01,驾驶位安全气囊模块,,,1. 核心防护：防震动、防潮湿、防静电、防冲击；2. 电气要求：绝缘性能良好，无短路风险；3. 外观要求：外壳无破损，接口无变形；4. 存储要求：温度-20~50℃，湿度≤60%,C,1.0,采购件,,,,1.063,140.76,156.26,128.45,8,650,435,160
H97A8402035AA,发动机罩锁总成,,,1. 核心防护：防损伤、防污损、防丢失；2. 外观要求：表面无划痕、无锈蚀、无破损；3. 尺寸要求：符合设计图纸要求；4. 通用要求：无明显质量缺陷,C,1.0,采购件,0.456,焊装件,纸箱,0.266,110,97,42,30,435,325,160
Q67640,B型蜗杆传动式软管环箍,,,1. 核心防护：防挤压、防破损、防老化；2. 密封要求：接口密封良好，无泄漏风险；3. 材质要求：无裂纹、无气泡、无破损；4. 尺寸要求：内径、壁厚符合设计要求,C,2.0,采购件,,总装,STD,0.0036,21.0,23.0,12.0,,435.0,325.0,210.0
HQY1470616T8X1,十字槽六角头法兰面螺栓,,,1. 核心防护：防腐蚀、防丢失、防损伤；2. 材质要求：无锈蚀、无裂纹、无变形；,C,40.0,采购件,,总装,STD,/,/,/,/,/,/,/,/
H97D7003004BBUK02,后排座椅坐垫合件,,,1. 核心防护：防污损、防变形、防划伤；2. 结构要求：骨架无变形，面料无破损；3. 功能要求：调节机构灵活，无卡滞；4. 外观要求：面料无污渍，缝线整齐,B,1.0,采购件,,总装,纸箱,0.0068,,,,,,,
HQY2150615T8N2S,内六角花形盘头螺钉,,,1. 核心防护：防腐蚀、防丢失、防损伤；2. 材质要求：无锈蚀、无裂纹、无变形；,C,20.0,采购件,,总装,STD,/,/,/,/,/,/,/,/
H97A2803007AD,前保险杠中间支架,,,1. 核心防护：防损伤、防污损、防丢失；2. 外观要求：表面无划痕、无锈蚀、无破损；3. 尺寸要求：符合设计图纸要求；4. 通用要求：无明显质量缺陷,B,1.0,采购件,0.689,总装,纸箱,0.0059,,,,,,,
H97A5601030AF,后围板焊接总成,防锈袋,有,1. 核心防护：防变形、防划伤、防碰撞；2. 尺寸要求：关键尺寸偏差≤±0.5mm；3. 表面要求：无凹陷、无划痕、无锈蚀；4. 材质要求：符合设计强度标准,A,1.0,焊装件,,焊装件,铁架,5.3,1263,420,159,14,1600,1140,1150
H97D3746002AA,玻璃升降器开关,,,1. 核心防护：防冲击、防划伤、防破碎；2. 外观要求：无气泡、无划痕、无杂质；,C,3.0,采购件,0.0356,总装,纸箱,0.0356,56.76,43.7,59.14,240,550,365,210
H97C5505005XAAG10,副仪表板,,,1. 核心防护：防变形、防划伤、防碰撞；2. 尺寸要求：关键尺寸偏差≤±0.5mm；3. 表面要求：无凹陷、无划痕、无锈蚀；4. 材质要求：符合设计强度标准,B,1.0,采购件,6.05,总装,天地盖纸箱,0.0153,,,,,,,
HQY37605,密封卡扣,,,1. 核心防护：防腐蚀、防丢失、防损伤；2. 材质要求：无锈蚀、无裂纹、无变形；,C,48.0,采购件,0.001,总装,STD,/,/,/,/,/,/,/,/
H97A5520097AA,行李箱左后绳钩装饰件,,,1. 核心防护：防损伤、防污损、防丢失；2. 外观要求：表面无划痕、无锈蚀、无破损；3. 尺寸要求：符合设计图纸要求；4. 通用要求：无明显质量缺陷,C,1.0,采购件,0.016,总装,纸箱,,,,,,,,
5205203-RA01,右前刮片总成,,,1. 核心防护：防损伤、防污损、防丢失；2. 外观要求：表面无划痕、无锈蚀、无破损；3. 尺寸要求：符合设计图纸要求；4. 通用要求：无明显质量缺陷,C,1.0,采购件,,总装,纸箱,0.08,694,41,39,64,600,400,230
H97A1104004AB,燃油加油管软管,,,1. 核心防护：防挤压、防破损、防老化；2. 密封要求：接口密封良好，无泄漏风险；3. 材质要求：无裂纹、无气泡、无破损；4. 尺寸要求：内径、壁厚符合设计要求,C,1.0,采购件,0.135,总装,纸箱,0.0112,27.0,27.0,12.0,,400.0,300.0,148.0
H56A6109003AA,车门缓冲块,,,1. 核心防护：防老化、防挤压、防变形；2. 材质要求：无裂纹、无异味、无破损；3. 尺寸要求：关键尺寸偏差≤±1.0mm；4. 性能要求：弹性符合设计标准,C,4.0,采购件,0.003,总装,纸箱,0.0089,36.0,22.0,12.0,,435.0,325.0,210.0
H97A5505022AABEGA,右前延伸板总成,,,1. 核心防护：防变形、防划伤、防碰撞；2. 尺寸要求：关键尺寸偏差≤±0.5mm；3. 表面要求：无凹陷、无划痕、无锈蚀；4. 材质要求：符合设计强度标准,B,1.0,采购件,0.365,总装,纸箱,0.172,326,236,72,10,650,435,260
H97A5301021AB,水箱上横梁左安装板,,,1. 核心防护：防变形、防划伤、防碰撞；2. 尺寸要求：关键尺寸偏差≤±0.5mm；3. 表面要求：无凹陷、无划痕、无锈蚀；4. 材质要求：符合设计强度标准,C,1.0,采购件,0.414（±8%）,总装,纸箱,0.193,281.91,98.56,58.91,60,435,325,210
H97E5001055AA,GCU安装托盘总成,,,1. 核心防护：防损伤、防污损、防丢失；2. 外观要求：表面无划痕、无锈蚀、无破损；3. 尺寸要求：符合设计图纸要求；4. 通用要求：无明显质量缺陷,C,1.0,采购件,1.931,总装,天地盖纸箱,0.0036,21.0,23.0,12.0,,435.0,325.0,210.0
H97D3724118AA,右后门饰板线束总成,,,1. 核心防护：防变形、防划伤、防碰撞；2. 尺寸要求：关键尺寸偏差≤±0.5mm；3. 表面要求：无凹陷、无划痕、无锈蚀；4. 材质要求：符合设计强度标准,C,1.0,采购件,,总装,纸箱,0.375,461.0,267.0,83.0,,1100.0,550.0,330.0
H97A5533004AA,右后吹足管道中段总成,,,1. 核心防护：防挤压、防破损、防老化；2. 密封要求：接口密封良好，无泄漏风险；3. 材质要求：无裂纹、无气泡、无破损；4. 尺寸要求：内径、壁厚符合设计要求,C,1.0,采购件,,总装,纸箱,3.497,900.0,698.0,285.0,,1950.0,1150.0,2200.0
H97A1104015AA,燃油蒸汽管总成,,,1. 核心防护：防挤压、防破损、防老化；2. 密封要求：接口密封良好，无泄漏风险；3. 材质要求：无裂纹、无气泡、无破损；4. 尺寸要求：内径、壁厚符合设计要求,C,1.0,采购件,0.102,总装,纸箱,0.06,420.0,226.0,57.0,,730.0,365.0,210.0
H97B2902010AC,右前空气弹簧支柱总成,,,1. 核心防护：防变形、防划伤、防碰撞；2. 尺寸要求：关键尺寸偏差≤±0.5mm；3. 表面要求：无凹陷、无划痕、无锈蚀；4. 材质要求：符合设计强度标准,C,1.0,采购件,,总装,纸箱,0.022,63.0,38.0,32.0,,365.0,275.0,260.0
H97D5001230AA,蓄电池固定带总成,,,1. 核心防护：防震动、防潮湿、防静电、防冲击；2. 电气要求：绝缘性能良好，无短路风险；3. 外观要求：外壳无破损，接口无变形；4. 存储要求：温度-20~50℃，湿度≤60%,C,1.0,采购件,0.257,总装,纸箱,0.001,14.0,14.0,9.0,,365.0,275.0,160.0
HQ33008,全金属六角法兰面锁紧螺母,,,1. 核心防护：防腐蚀、防丢失、防损伤；2. 材质要求：无锈蚀、无裂纹、无变形；,C,5.0,采购件,,总装,STD,/,/,/,/,/,/,/,/
H97A3711002BG,右前照灯,,,1. 核心防护：防损伤、防污损、防丢失；2. 外观要求：表面无划痕、无锈蚀、无破损；3. 尺寸要求：符合设计图纸要求；4. 通用要求：无明显质量缺陷,B,1.0,采购件,4.7,总装,纸箱,6,682.21,454.14,301.16,9,1140,980,1050
H97A3718001BA,行李箱左照明灯,,,1. 核心防护：防损伤、防污损、防丢失；2. 外观要求：表面无划痕、无锈蚀、无破损；3. 尺寸要求：符合设计图纸要求；4. 通用要求：无明显质量缺陷,C,1.0,采购件,0.026,总装,纸箱,0.026,202.89,22.36,19.23,100,400,300,148
H97A5515013ABBKGA,背门门槛护板总成,,,1. 核心防护：防变形、防划伤、防碰撞；2. 尺寸要求：关键尺寸偏差≤±0.5mm；3. 表面要求：无凹陷、无划痕、无锈蚀；4. 材质要求：符合设计强度标准,B,1.0,采购件,0.63,总装,天地盖纸箱,0.842,1081,162,133,24,1330,1140,1090
6206600-RA01,后门上铰链总成（右）,,,1. 核心防护：防损伤、防污损、防丢失；2. 外观要求：表面无划痕、无锈蚀、无破损；3. 尺寸要求：符合设计图纸要求；4. 通用要求：无明显质量缺陷,C,1.0,采购件,,,,0.002,24.0,20.0,2.0,,365.0,275.0,160.0
H97A5520111AC,左后侧围下部安装支架,,,1. 核心防护：防损伤、防污损、防丢失；2. 外观要求：表面无划痕、无锈蚀、无破损；3. 尺寸要求：符合设计图纸要求；4. 通用要求：无明显质量缺陷,B,1.0,采购件,0.749,总装,纸箱,0.322,388,100,100,18,650,435,260
H97A6203011AA,左后门玻璃导槽总成,,,1. 核心防护：防冲击、防划伤、防破碎；2. 外观要求：无气泡、无划痕、无杂质；,B,1.0,采购件,0.898,总装,天地盖纸箱,0.13,419.0,17.0,17.0,,600.0,400.0,220.0
H97C1303140AA,中冷低温散热器进水管,,,1. 核心防护：防挤压、防破损、防老化；2. 密封要求：接口密封良好，无泄漏风险；3. 材质要求：无裂纹、无气泡、无破损；4. 尺寸要求：内径、壁厚符合设计要求,C,1.0,采购件,,总装,纸箱,0.9,405.0,153.0,100.0,,650.0,435.0,210.0
HQY1861490T10L1QD,带导向六角法兰面螺栓,,,1. 核心防护：防腐蚀、防丢失、防损伤；2. 材质要求：无锈蚀、无裂纹、无变形；,C,2.0,采购件,0.131,总装,STD,/,/,/,/,/,/,/,/
H97D9325018BA,前PDU高压线束总成,,,1. 核心防护：防震动、防潮湿、防静电、防冲击；2. 电气要求：绝缘性能良好，无短路风险；3. 外观要求：外壳无破损，接口无变形；4. 存储要求：温度-20~50℃，湿度≤60%,C,1.0,采购件,3.47,总装,纸箱,4.7,526.0,314.0,290.0,,1100.0,550.0,330.0
HQ1840816T10L2,六角法兰面螺栓,,,1. 核心防护：防腐蚀、防丢失、防损伤；2. 材质要求：无锈蚀、无裂纹、无变形；,C,4.0,采购件,0.2,总装,STD,/,/,/,/,/,/,/,/
H97C3629002AA,USB充电器,,,1. 核心防护：防震动、防潮湿、防静电、防冲击；2. 电气要求：绝缘性能良好，无短路风险；3. 外观要求：外壳无破损，接口无变形；4. 存储要求：温度-20~50℃，湿度≤60%,C,1.0,采购件,0.12,总装,纸箱,0.048,72.79,77.68,27.77,180,650,435,210
Q2734216,十字槽大半圆头自攻螺钉-C型,,,1. 核心防护：防腐蚀、防丢失、防损伤；2. 材质要求：无锈蚀、无裂纹、无变形；,C,11.0,采购件,,总装,STD,/,/,/,/,/,/,/,/
H97D8108021DB,电池冷却模块空调管总成,,,1. 核心防护：防挤压、防破损、防老化；2. 密封要求：接口密封良好，无泄漏风险；3. 材质要求：无裂纹、无气泡、无破损；4. 尺寸要求：内径、壁厚符合设计要求,C,1.0,采购件,0.595,总装,纸箱,2.135,562.0,208.0,140.0,,1140.0,980.0,900.0
H97A8404008AB,加油口盖本体,,,1. 核心防护：防损伤、防污损、防丢失；2. 外观要求：表面无划痕、无锈蚀、无破损；3. 尺寸要求：符合设计图纸要求；4. 通用要求：无明显质量缺陷,C,1.0,采购件,0.357,总装,纸箱,0.38,99.04,177.06,339.83,6,650,435,260
H97A1141001BA,主储气筒总成,,,1. 核心防护：防损伤、防污损、防丢失；2. 外观要求：表面无划痕、无锈蚀、无破损；3. 尺寸要求：符合设计图纸要求；4. 通用要求：无明显质量缺陷,B,1.0,采购件,2.47,总装,天地盖纸箱,2.42,207.53,774.03,140,20,1200,1000,1000
H97A5505021AABEGA,左前延伸板总成,,,1. 核心防护：防变形、防划伤、防碰撞；2. 尺寸要求：关键尺寸偏差≤±0.5mm；3. 表面要求：无凹陷、无划痕、无锈蚀；4. 材质要求：符合设计强度标准,B,1.0,采购件,0.365,总装,纸箱,0.203,326,236,72,10,650,435,260
H97A3718902AC,左后门外开手柄合件,,,1. 核心防护：防损伤、防污损、防丢失；2. 外观要求：表面无划痕、无锈蚀、无破损；3. 尺寸要求：符合设计图纸要求；4. 通用要求：无明显质量缺陷,B,1.0,采购件,0.678,总装,纸箱,0.093,97.0,25.0,25.0,,300.0,200.0,148.0
H97Z7903008AB,天线放大器,,,1. 核心防护：防损伤、防污损、防丢失；2. 外观要求：表面无划痕、无锈蚀、无破损；3. 尺寸要求：符合设计图纸要求；4. 通用要求：无明显质量缺陷,C,1.0,采购件,0.036,总装,纸箱,0.04,90.67,32.4,16.81,144,435,325,260
H97A5520125ABBEGA,左B柱下饰板总成,,,1. 核心防护：防变形、防划伤、防碰撞；2. 尺寸要求：关键尺寸偏差≤±0.5mm；3. 表面要求：无凹陷、无划痕、无锈蚀；4. 材质要求：符合设计强度标准,C,1.0,采购件,0.772,总装,天地盖纸箱,0.062,68.0,10.0,10.0,,365.0,275.0,160.0
H97A1113001BB,电动气泵带支架及附件总成,,,1. 核心防护：防损伤、防污损、防丢失；2. 外观要求：表面无划痕、无锈蚀、无破损；3. 尺寸要求：符合设计图纸要求；4. 通用要求：无明显质量缺陷,B,1.0,采购件,7.3,总装,天地盖纸箱,8.172,372.26,406.91,253.03,18,1200,1000,1150
H97C5533009AA,后吹面风道后部,,,1. 核心防护：防损伤、防污损、防丢失；2. 外观要求：表面无划痕、无锈蚀、无破损；3. 尺寸要求：符合设计图纸要求；4. 通用要求：无明显质量缺陷,C,1.0,采购件,0.19,总装,纸箱,0.0295,35.0,10.0,10.0,,365.0,275.0,160.0
H97A1105002AA,空气过滤器支架,,,1. 核心防护：防损伤、防污损、防丢失；2. 外观要求：表面无划痕、无锈蚀、无破损；3. 尺寸要求：符合设计图纸要求；4. 通用要求：无明显质量缺陷,C,1.0,采购件,0.072,总装,纸箱,0.026,25.0,10.0,10.0,,365.0,275.0,160.0
H97A3923010AC,风扇警示标签,,,1. 核心防护：防磨损、防脱落、防污损；2. 内容要求：字迹清晰，信息完整准确；3. 粘贴要求：粘贴牢固，无气泡、无起翘；4. 耐久性：符合户外使用要求,C,1.0,采购件,,总装,STD,/,84,44.03,7.94,4800,365,275,160
H97A8404002AE,充电口盖本体,,,1. 核心防护：防损伤、防污损、防丢失；2. 外观要求：表面无划痕、无锈蚀、无破损；3. 尺寸要求：符合设计图纸要求；4. 通用要求：无明显质量缺陷,C,1.0,采购件,0.421,总装,纸箱,0.455,359.74,208.61,105.84,6,650,435,110
Q673C23F61,A型钢带式弹性软管夹箍,,,1. 核心防护：防挤压、防破损、防老化；2. 密封要求：接口密封良好，无泄漏风险；3. 材质要求：无裂纹、无气泡、无破损；4. 尺寸要求：内径、壁厚符合设计要求,C,1.0,采购件,,总装,STD,0.0087,30.0,6.0,6.0,,365.0,275.0,160.0
H97E6207013AA,左后门框密封条总成,,,1. 核心防护：防损伤、防污损、防丢失；2. 外观要求：表面无划痕、无锈蚀、无破损；3. 尺寸要求：符合设计图纸要求；4. 通用要求：无明显质量缺陷,B,1.0,采购件,1.194,总装,天地盖纸箱,0.0078,25.0,6.0,6.0,,365.0,275.0,160.0
H97A6108010AA,右前门外开手柄壳体,,,1. 核心防护：防变形、防划伤、防碰撞；2. 尺寸要求：关键尺寸偏差≤±0.5mm；3. 表面要求：无凹陷、无划痕、无锈蚀；4. 材质要求：符合设计强度标准,C,1.0,采购件,,,,0.0066,18.0,6.0,6.0,,365.0,275.0,160.0
H97D3724115AA,左后门线束总成,,,1. 核心防护：防损伤、防污损、防丢失；2. 外观要求：表面无划痕、无锈蚀、无破损；3. 尺寸要求：符合设计图纸要求；4. 通用要求：无明显质量缺陷,C,1.0,采购件,,总装,纸箱,0.26,693,596,212,24,650,435,260
H97A6104021AA,右前门导轨总成,,,1. 核心防护：防损伤、防污损、防丢失；2. 外观要求：表面无划痕、无锈蚀、无破损；3. 尺寸要求：符合设计图纸要求；4. 通用要求：无明显质量缺陷,C,1.0,采购件,,总装,纸箱,/,/,/,/,/,/,/,/
H97C3721001AB,低音喇叭,,,1. 核心防护：防损伤、防污损、防丢失；2. 外观要求：表面无划痕、无锈蚀、无破损；3. 尺寸要求：符合设计图纸要求；4. 通用要求：无明显质量缺陷,C,1.0,采购件,0.243,总装,纸箱,0.24,135,95,83,24,650,435,210
H97A3716006AE,后组合灯移动侧,,,1. 核心防护：防损伤、防污损、防丢失；2. 外观要求：表面无划痕、无锈蚀、无破损；3. 尺寸要求：符合设计图纸要求；4. 通用要求：无明显质量缺陷,B,1.0,采购件,3.2,总装,天地盖纸箱,0.0063,,,,,,,
H97D3101050AAPK01,右后轮眉装饰件总成后段,,,1. 核心防护：防损伤、防污损、防丢失；2. 外观要求：表面无划痕、无锈蚀、无破损；3. 尺寸要求：符合设计图纸要求；4. 通用要求：无明显质量缺陷,B,1.0,采购件,,总装,天地盖纸箱,0.006,,,,,,,
H97A3607800AA,安全气囊控制器,,,1. 核心防护：防震动、防潮湿、防静电、防冲击；2. 电气要求：绝缘性能良好，无短路风险；3. 外观要求：外壳无破损，接口无变形；4. 存储要求：温度-20~50℃，湿度≤60%,C,1.0,采购件,0.233,总装,纸箱,0.24,113.03,112.17,34.8,32,650,435,210
H97A2912015AC,左后空气弹簧总成,,,1. 核心防护：防变形、防碰撞、防锈蚀；2. 强度要求：符合设计承载标准；3. 外观要求：无裂纹、无变形、无锈蚀；4. 性能要求：减震性能良好，无异常噪音,C,1.0,采购件,2.7,总装,纸箱,3.2,321,235,209,50,1330,1140,1090
HQ1841025T10L1,六角法兰面螺栓,,,1. 核心防护：防腐蚀、防丢失、防损伤；2. 材质要求：无锈蚀、无裂纹、无变形；,C,4.0,采购件,0.2,总装,STD,/,/,/,/,/,/,/,/
H97X6201170XA,右后门总成,防锈袋,有,1. 核心防护：防损伤、防污损、防丢失；2. 外观要求：表面无划痕、无锈蚀、无破损；3. 尺寸要求：符合设计图纸要求；4. 通用要求：无明显质量缺陷,A,1.0,焊装自制件,,,,0.0107,,,,,,,
H97D1001001AA,发动机左悬置总成,,,1. 核心防护：防损伤、防污损、防丢失；2. 外观要求：表面无划痕、无锈蚀、无破损；3. 尺寸要求：符合设计图纸要求；4. 通用要求：无明显质量缺陷,C,1.0,采购件,1.739,总装,纸箱,2.4,215,174,139,5,550,365,210
H97A5512033AAJK05,左后门框上装饰件总成,,,1. 核心防护：防损伤、防污损、防丢失；2. 外观要求：表面无划痕、无锈蚀、无破损；3. 尺寸要求：符合设计图纸要求；4. 通用要求：无明显质量缺陷,C,1.0,采购件,0.232,总装,天地盖纸箱,0.0086,,,,,,,
Q2704216,六角法兰面自攻螺钉,,,1. 核心防护：防腐蚀、防丢失、防损伤；2. 材质要求：无锈蚀、无裂纹、无变形；,C,2.0,采购件,,总装,STD,/,/,/,/,/,/,/,/
H97D1303065AA,电池冷却器出水管总成,,,1. 核心防护：防挤压、防破损、防老化；2. 密封要求：接口密封良好，无泄漏风险；3. 材质要求：无裂纹、无气泡、无破损；4. 尺寸要求：内径、壁厚符合设计要求,C,1.0,采购件,0.073,总装,纸箱,0.06,50.0,10.0,10.0,,365.0,275.0,160.0
HQ1840625L1,六角法兰面螺栓,,,1. 核心防护：防腐蚀、防丢失、防损伤；2. 材质要求：无锈蚀、无裂纹、无变形；,C,14.0,采购件,0.2,总装,STD,/,/,/,/,/,/,/,/
H97A6107029AA,右前门前防水膜,,,1. 核心防护：防损伤、防污损、防丢失；2. 外观要求：表面无划痕、无锈蚀、无破损；3. 尺寸要求：符合设计图纸要求；4. 通用要求：无明显质量缺陷,C,1.0,采购件,,总装,纸箱,0.028,213,137,23,100,650,435,260
H97A5520135ABTK11,左C柱上饰板总成,,,1. 核心防护：防变形、防划伤、防碰撞；2. 尺寸要求：关键尺寸偏差≤±0.5mm；3. 表面要求：无凹陷、无划痕、无锈蚀；4. 材质要求：符合设计强度标准,C,1.0,采购件,0.278,总装,天地盖纸箱,0.276,248,222,180,6,650,435,260
H97A6101041AB,左前车门防污条总成,,,1. 核心防护：防损伤、防污损、防丢失；2. 外观要求：表面无划痕、无锈蚀、无破损；3. 尺寸要求：符合设计图纸要求；4. 通用要求：无明显质量缺陷,C,1.0,采购件,0.106,总装,纸箱,0.169,2129,45,25,32,1100,550,330
H97A5006129AA,前风窗玻璃左装饰卡条,,,1. 核心防护：防冲击、防划伤、防破碎；2. 外观要求：无气泡、无划痕、无杂质；,C,1.0,采购件,0.05,总装,纸箱,0.056,633.9,87.66,367.45,200,1100,365,210
H97A5518018AB,右C柱天窗排水管,,,1. 核心防护：防变形、防划伤、防碰撞；2. 尺寸要求：关键尺寸偏差≤±0.5mm；3. 表面要求：无凹陷、无划痕、无锈蚀；4. 材质要求：符合设计强度标准,C,1.0,采购件,,总装,纸箱,0.26,1391,867,477,15,600,400,280
H97A2941006AC,左前空气弹簧管路前段,,,1. 核心防护：防挤压、防破损、防老化；2. 密封要求：接口密封良好，无泄漏风险；3. 材质要求：无裂纹、无气泡、无破损；4. 尺寸要求：内径、壁厚符合设计要求,B,1.0,采购件,0.102,总装,纸箱,0.057,446.85,213.59,566.8,60,650,435,210
H97E6107008AA,右前门框密封条总成,,,1. 核心防护：防损伤、防污损、防丢失；2. 外观要求：表面无划痕、无锈蚀、无破损；3. 尺寸要求：符合设计图纸要求；4. 通用要求：无明显质量缺陷,B,1.0,采购件,1.27,总装,天地盖纸箱,0.0117,1256.13,975.97,137.54,90,1200,1000,900
Q221B4216,十字槽盘头自攻螺钉和大垫圈组合件,,,1. 核心防护：防腐蚀、防丢失、防损伤；2. 材质要求：无锈蚀、无裂纹、无变形；,C,6.0,采购件,,总装,STD,/,/,/,/,/,/,/,/
HQY1870625,快慢充插座安装螺栓,,,1. 核心防护：防腐蚀、防丢失、防损伤；2. 材质要求：无锈蚀、无裂纹、无变形；,C,8.0,采购件,0.011,总装,STD,0.0087,30.0,6.0,6.0,,365.0,275.0,160.0
H97A3104004BA,右后轮毂包下消声垫,,,1. 核心防护：防损伤、防污损、防丢失；2. 外观要求：表面无划痕、无锈蚀、无破损；3. 尺寸要求：符合设计图纸要求；4. 通用要求：无明显质量缺陷,C,1.0,采购件,0.329,总装,纸箱,2,507.36,893.86,261.43,80,1330,1140,1090
H97A8404013BC,充电指示灯,,,1. 核心防护：防损伤、防污损、防丢失；2. 外观要求：表面无划痕、无锈蚀、无破损；3. 尺寸要求：符合设计图纸要求；4. 通用要求：无明显质量缺陷,C,1.0,采购件,0.148,总装,纸箱,0.0066,18.0,6.0,6.0,,365.0,275.0,160.0
H97A5525007AAJG08,遮阳板挂钩盖板,,,1. 核心防护：防变形、防划伤、防碰撞；2. 尺寸要求：关键尺寸偏差≤±0.5mm；3. 表面要求：无凹陷、无划痕、无锈蚀；4. 材质要求：符合设计强度标准,C,1.0,采购件,,总装,纸箱,/,23.33,17.26,20.68,360,365,275,160
H97B5001279CA,油箱泄漏诊断模块安装支架Ⅰ组件,,,1. 核心防护：防震动、防潮湿、防静电、防冲击；2. 电气要求：绝缘性能良好，无短路风险；3. 外观要求：外壳无破损，接口无变形；4. 存储要求：温度-20~50℃，湿度≤60%,C,1.0,采购件,0.06（±10%）,总装,纸箱,0.006,12.0,6.0,6.0,,365.0,275.0,160.0
H97Y1307023AA,水泵安装支架1,,,1. 核心防护：防损伤、防污损、防丢失；2. 外观要求：表面无划痕、无锈蚀、无破损；3. 尺寸要求：符合设计图纸要求；4. 通用要求：无明显质量缺陷,C,1.0,采购件,0.101,总装,纸箱,/,/,/,/,/,/,/,/
H97A5525005AAJG08,左遮阳板底座盖板,,,1. 核心防护：防变形、防划伤、防碰撞；2. 尺寸要求：关键尺寸偏差≤±0.5mm；3. 表面要求：无凹陷、无划痕、无锈蚀；4. 材质要求：符合设计强度标准,C,1.0,采购件,,总装,纸箱,0.0056,,,,,,,
H97X5100011XA,后车体总成,防锈袋,有,1. 核心防护：防损伤、防污损、防丢失；2. 外观要求：表面无划痕、无锈蚀、无破损；3. 尺寸要求：符合设计图纸要求；4. 通用要求：无明显质量缺陷,A,1.0,焊装自制件,,焊装件,轻钢,0.0091,1993,1506,488,,,,
HQ1841035T10L1S,六角法兰面螺栓,,,1. 核心防护：防腐蚀、防丢失、防损伤；2. 材质要求：无锈蚀、无裂纹、无变形；,C,1.0,采购件,0.2,总装,STD,/,/,/,/,/,/,/,/
HQY69501,卡扣,,,1. 核心防护：防腐蚀、防丢失、防损伤；2. 材质要求：无锈蚀、无裂纹、无变形；,C,19.0,采购件,0.002,总装,STD,/,/,/,/,/,/,/,/
H97A5006010AA,前端模块锁支架组件,,,1. 核心防护：防震动、防潮湿、防静电、防冲击；2. 电气要求：绝缘性能良好，无短路风险；3. 外观要求：外壳无破损，接口无变形；4. 存储要求：温度-20~50℃，湿度≤60%,C,1.0,采购件,0.463,总装,纸箱,0.679,164.01,126,345.4,12,650,430,210
H97D1303024AA,PTC2进水软管,,,1. 核心防护：防挤压、防破损、防老化；2. 密封要求：接口密封良好，无泄漏风险；3. 材质要求：无裂纹、无气泡、无破损；4. 尺寸要求：内径、壁厚符合设计要求,C,1.0,采购件,0.151,总装,纸箱,0.095,200,117,55,100,550,350,255
H53A5016022AA,密封贴片Φ18,,,1. 核心防护：防损伤、防污损、防丢失；2. 外观要求：表面无划痕、无锈蚀、无破损；3. 尺寸要求：符合设计图纸要求；4. 通用要求：无明显质量缺陷,C,12.0,采购件,0.0007,总装,STD,0.0129,,,,,,,
H97X3629800BA,前视单目摄像头,,,1. 核心防护：防损伤、防污损、防丢失；2. 外观要求：表面无划痕、无锈蚀、无破损；3. 尺寸要求：符合设计图纸要求；4. 通用要求：无明显质量缺陷,C,1.0,采购件,0.273,总装,纸箱,0.25,2036,944.3,1098.47,60,600,400,280
1101731-RA52,空气过滤器,,,1. 核心防护：防损伤、防污损、防丢失；2. 外观要求：表面无划痕、无锈蚀、无破损；3. 尺寸要求：符合设计图纸要求；4. 通用要求：无明显质量缺陷,C,1.0,采购件,0.061,总装,纸箱,0.09,119.72,92.83,81.79,60,600,400,280
H97E5320010AA,后防撞梁焊接总成,防锈袋,有,1. 核心防护：防变形、防划伤、防碰撞；2. 尺寸要求：关键尺寸偏差≤±0.5mm；3. 表面要求：无凹陷、无划痕、无锈蚀；4. 材质要求：符合设计强度标准,A,1.0,焊装件,,焊装件,轻钢,0.0612,,,,,,,
HQY398B01,A型通孔式嵌装塑料螺母,,,1. 核心防护：防腐蚀、防丢失、防损伤；2. 材质要求：无锈蚀、无裂纹、无变形；,C,9.0,采购件,0.001,总装,STD,/,/,/,/,/,/,/,/
HQY1851253T10L1,六角法兰面螺栓和平垫圈组合件,,,1. 核心防护：防腐蚀、防丢失、防损伤；2. 材质要求：无锈蚀、无裂纹、无变形；,C,3.0,采购件,0.022,总装,STD,/,/,/,/,/,/,/,/
H97B1104022AA,燃油管路支架,,,1. 核心防护：防挤压、防破损、防老化；2. 密封要求：接口密封良好，无泄漏风险；3. 材质要求：无裂纹、无气泡、无破损；4. 尺寸要求：内径、壁厚符合设计要求,C,1.0,采购件,0.06,总装,纸箱,/,/,/,/,/,/,/,/
HQY215B0618X2,内六角花形大半圆头螺钉和平垫圈组合件,,,1. 核心防护：防腐蚀、防丢失、防损伤；2. 材质要求：无锈蚀、无裂纹、无变形；,C,6.0,采购件,,总装,STD,/,/,/,/,/,/,/,/
H97A6207024AA,右后门轮眉防污条总成,,,1. 核心防护：防损伤、防污损、防丢失；2. 外观要求：表面无划痕、无锈蚀、无破损；3. 尺寸要求：符合设计图纸要求；4. 通用要求：无明显质量缺陷,C,1.0,采购件,0.185,总装,纸箱,0.2,125.0,33.0,33.0,,365.0,275.0,160.0
HQ32010,六角法兰面螺母,,,1. 核心防护：防腐蚀、防丢失、防损伤；2. 材质要求：无锈蚀、无裂纹、无变形；,C,2.0,采购件,,总装,STD,/,/,/,/,/,/,/,/
H97D1109002AA,空气滤清器出气管总成,,,1. 核心防护：防挤压、防破损、防老化；2. 密封要求：接口密封良好，无泄漏风险；3. 材质要求：无裂纹、无气泡、无破损；4. 尺寸要求：内径、壁厚符合设计要求,C,1.0,采购件,,总装,纸箱,0.28,250,108,148,36,800,600,280
H97A8402022AA,机罩后沿装饰条,,,1. 核心防护：防损伤、防污损、防丢失；2. 外观要求：表面无划痕、无锈蚀、无破损；3. 尺寸要求：符合设计图纸要求；4. 通用要求：无明显质量缺陷,B,1.0,采购件,0.316,总装,天地盖纸箱,0.06,50.0,10.0,10.0,,365.0,275.0,160.0
H97Y8201009AA,内后视镜后装饰罩,,,1. 核心防护：防损伤、防污损、防丢失；2. 外观要求：表面无划痕、无锈蚀、无破损；3. 尺寸要求：符合设计图纸要求；4. 通用要求：无明显质量缺陷,C,1.0,采购件,,总装,纸箱,0.067,258.78,115.43,136.64,80,400,300,210
H97A5518017AB,左C柱天窗排水管,,,1. 核心防护：防变形、防划伤、防碰撞；2. 尺寸要求：关键尺寸偏差≤±0.5mm；3. 表面要求：无凹陷、无划痕、无锈蚀；4. 材质要求：符合设计强度标准,C,1.0,采购件,0.195,总装,纸箱,0.26,1392,857,443,15,600,400,280
H97A2906002BA,前稳定杆接头总成,,,1. 核心防护：防损伤、防污损、防丢失；2. 外观要求：表面无划痕、无锈蚀、无破损；3. 尺寸要求：符合设计图纸要求；4. 通用要求：无明显质量缺陷,C,2.0,采购件,0.568,总装,纸箱,0.0266,58.0,18.0,18.0,,365.0,275.0,160.0
H97A5300005AA,前机舱封板分总成（左）,防锈袋,有,1. 核心防护：防变形、防划伤、防碰撞；2. 尺寸要求：关键尺寸偏差≤±0.5mm；3. 表面要求：无凹陷、无划痕、无锈蚀；4. 材质要求：符合设计强度标准,A,1.0,焊装件,,焊装件,轻钢,0.024,50.0,8.0,8.0,,365.0,275.0,160.0
H97D1300018AA,水管支架3,,,1. 核心防护：防挤压、防破损、防老化；2. 密封要求：接口密封良好，无泄漏风险；3. 材质要求：无裂纹、无气泡、无破损；4. 尺寸要求：内径、壁厚符合设计要求,C,1.0,采购件,0.079,总装,纸箱,0.089,118,61,56,100,435,325,210
H97A5006025BB,左后车门防擦条总成,,,1. 核心防护：防损伤、防污损、防丢失；2. 外观要求：表面无划痕、无锈蚀、无破损；3. 尺寸要求：符合设计图纸要求；4. 通用要求：无明显质量缺陷,B,1.0,采购件,0.917,总装,天地盖纸箱,0.227,989.31,30.03,46.16,14,1200,400,230
H97A2803034AA,前保险杠右上安装座,,,1. 核心防护：防损伤、防污损、防丢失；2. 外观要求：表面无划痕、无锈蚀、无破损；3. 尺寸要求：符合设计图纸要求；4. 通用要求：无明显质量缺陷,C,1.0,采购件,,总装,纸箱,0.0102,42.0,14.0,14.0,,300.0,200.0,148.0
HQ1840614,六角法兰面螺栓,,,1. 核心防护：防腐蚀、防丢失、防损伤；2. 材质要求：无锈蚀、无裂纹、无变形；,C,2.0,采购件,0.2,总装,STD,/,/,/,/,/,/,/,/
H97D5517005AA,后出风口总成,,,1. 核心防护：防损伤、防污损、防丢失；2. 外观要求：表面无划痕、无锈蚀、无破损；3. 尺寸要求：符合设计图纸要求；4. 通用要求：无明显质量缺陷,C,1.0,采购件,0.206,总装,纸箱,0.0117,16.0,8.0,8.0,,365.0,275.0,160.0
H97B7911002BA,单麦克风,,,1. 核心防护：防损伤、防污损、防丢失；2. 外观要求：表面无划痕、无锈蚀、无破损；3. 尺寸要求：符合设计图纸要求；4. 通用要求：无明显质量缺陷,C,2.0,采购件,0.0023,总装,纸箱,,25.0,6.0,6.0,,365.0,275.0,160.0
H97D3506001AA,制动管路1号总成,,,1. 核心防护：防挤压、防破损、防老化；2. 密封要求：接口密封良好，无泄漏风险；3. 材质要求：无裂纹、无气泡、无破损；4. 尺寸要求：内径、壁厚符合设计要求,C,1.0,采购件,0.096,总装,纸箱,0.0087,30.0,6.0,6.0,,365.0,275.0,160.0
H97A3720012AA,电动后背门关闭开关,,,1. 核心防护：防损伤、防污损、防丢失；2. 外观要求：表面无划痕、无锈蚀、无破损；3. 尺寸要求：符合设计图纸要求；4. 通用要求：无明显质量缺陷,C,1.0,采购件,0.0187,总装,纸箱,0.0187,34.66,56.09,40.4,221,550,365,210
H97A9512003AA,防异响毛毡,,,1. 核心防护：防损伤、防污损、防丢失；2. 外观要求：表面无划痕、无锈蚀、无破损；3. 尺寸要求：符合设计图纸要求；4. 通用要求：无明显质量缺陷,C,6.0,采购件,0.001,总装,纸箱,0.0066,18.0,6.0,6.0,,365.0,275.0,160.0
H97A5518006AA,天窗密封条,,,1. 核心防护：防冲击、防划伤、防破碎；2. 外观要求：无气泡、无划痕、无杂质；,B,1.0,采购件,0.47,总装,纸箱,0.007,20.0,6.0,6.0,,365.0,275.0,160.0
H97X5100004XA,前地板总成,防锈袋,有,1. 核心防护：防变形、防划伤、防碰撞；2. 尺寸要求：关键尺寸偏差≤±0.5mm；3. 表面要求：无凹陷、无划痕、无锈蚀；4. 材质要求：符合设计强度标准,A,1.0,焊装自制件,,焊装件,铁架,0.0063,1520,292,1683,,365.0,275.0,160.0
H97A5301111AC,水箱上横梁右安装板组件,,,1. 核心防护：防变形、防划伤、防碰撞；2. 尺寸要求：关键尺寸偏差≤±0.5mm；3. 表面要求：无凹陷、无划痕、无锈蚀；4. 材质要求：符合设计强度标准,C,1.0,采购件,,总装,纸箱,0.006,12.0,6.0,6.0,,365.0,275.0,160.0
H97D3720011AA,电动后背门开启关闭开关,,,1. 核心防护：防损伤、防污损、防丢失；2. 外观要求：表面无划痕、无锈蚀、无破损；3. 尺寸要求：符合设计图纸要求；4. 通用要求：无明显质量缺陷,C,1.0,采购件,0.025,总装,纸箱,0.0063,,,,,,,
H97D6203008BA,右后门玻璃总成,PE袋,,1. 核心防护：防冲击、防划伤、防破碎；2. 外观要求：无气泡、无划痕、无杂质；,A,1.0,采购件,4,总装,轻钢,5.85,1055.65,195.76,998.05,40,1300,1100,900
H97D1303013AA,增程控制器进水软管,,,1. 核心防护：防挤压、防破损、防老化；2. 密封要求：接口密封良好，无泄漏风险；3. 材质要求：无裂纹、无气泡、无破损；4. 尺寸要求：内径、壁厚符合设计要求,C,1.0,采购件,,,,/,/,/,/,/,/,/,/
H97A6307006AA,背门框密封条总成,,,1. 核心防护：防损伤、防污损、防丢失；2. 外观要求：表面无划痕、无锈蚀、无破损；3. 尺寸要求：符合设计图纸要求；4. 通用要求：无明显质量缺陷,C,1.0,采购件,1.54,总装,纸箱,1.63,348.56,1384.26,1035.32,64,1200,1000,900
H97D3730302AA,电池包搭铁线束,,,1. 核心防护：防震动、防潮湿、防静电、防冲击；2. 电气要求：绝缘性能良好，无短路风险；3. 外观要求：外壳无破损，接口无变形；4. 存储要求：温度-20~50℃，湿度≤60%,C,1.0,采购件,,总装,纸箱,0.11,155,114,60,100,650,435,260
HQ1840820L1,六角法兰面螺栓,,,1. 核心防护：防腐蚀、防丢失、防损伤；2. 材质要求：无锈蚀、无裂纹、无变形；,C,9.0,采购件,0.2,总装,STD,/,/,/,/,/,/,/,/
H97A3609859AB,功率放大器总成,,,1. 核心防护：防损伤、防污损、防丢失；2. 外观要求：表面无划痕、无锈蚀、无破损；3. 尺寸要求：符合设计图纸要求；4. 通用要求：无明显质量缺陷,C,1.0,采购件,0.891,总装,纸箱,0.0086,,,,,,,
1108311-RA01,加速踏板螺栓堵盖1,,,1. 核心防护：防变形、防划伤、防碰撞；2. 尺寸要求：关键尺寸偏差≤±0.5mm；3. 表面要求：无凹陷、无划痕、无锈蚀；4. 材质要求：符合设计强度标准,C,1.0,采购件,0.008,总装,STD,0.008,30.62,23.4,25.77,500,365,275,160
H97A5525004ABGZS1,右遮阳板挂钩,,,1. 核心防护：防变形、防划伤、防碰撞；2. 尺寸要求：关键尺寸偏差≤±0.5mm；3. 表面要求：无凹陷、无划痕、无锈蚀；4. 材质要求：符合设计强度标准,C,1.0,采购件,,总装,纸箱,0.0072,,,,,,,
H97A5501065BABKGA,仪表板左下底板总成,,,1. 核心防护：防变形、防划伤、防碰撞；2. 尺寸要求：关键尺寸偏差≤±0.5mm；3. 表面要求：无凹陷、无划痕、无锈蚀；4. 材质要求：符合设计强度标准,C,1.0,采购件,,总装,纸箱,0.36,78.2,332.48,579.52,4,650,435,160
H97C3506011AA,右前制动软管,,,1. 核心防护：防挤压、防破损、防老化；2. 密封要求：接口密封良好，无泄漏风险；3. 材质要求：无裂纹、无气泡、无破损；4. 尺寸要求：内径、壁厚符合设计要求,C,1.0,采购件,,总装,纸箱,0.0062,,,,,,,
H97X6301004XA,后背门总成,防锈袋,有,1. 核心防护：防损伤、防污损、防丢失；2. 外观要求：表面无划痕、无锈蚀、无破损；3. 尺寸要求：符合设计图纸要求；4. 通用要求：无明显质量缺陷,A,1.0,焊装自制件,,,,0.007,,,,,,,
H97A7903004AB,天线电缆,,,1. 核心防护：防损伤、防污损、防丢失；2. 外观要求：表面无划痕、无锈蚀、无破损；3. 尺寸要求：符合设计图纸要求；4. 通用要求：无明显质量缺陷,C,1.0,采购件,0.096,总装,纸箱,/,/,/,/,/,/,/,/
H97B3101005AC,左前轮罩挡泥板总成,,,1. 核心防护：防变形、防划伤、防碰撞；2. 尺寸要求：关键尺寸偏差≤±0.5mm；3. 表面要求：无凹陷、无划痕、无锈蚀；4. 材质要求：符合设计强度标准,B,1.0,采购件,1.339,总装,天地盖纸箱,1.232,986.46,565.96,750.77,20,1330,1140,1090
H97C1311015AA,蓄水瓶衬套,,,1. 核心防护：防老化、防挤压、防变形；2. 材质要求：无裂纹、无异味、无破损；3. 尺寸要求：关键尺寸偏差≤±1.0mm；4. 性能要求：弹性符合设计标准,C,2.0,采购件,0.005,总装,纸箱,3.497,973.0,660.0,340.0,,1950.0,1150.0,2200.0
HQ140B0618L1L,六角头螺栓和平垫圈组合件,,,1. 核心防护：防腐蚀、防丢失、防损伤；2. 材质要求：无锈蚀、无裂纹、无变形；,C,1.0,采购件,0.019,总装,STD,/,/,/,/,/,/,/,/
H97A5701005AB,顶盖前横梁焊接总成,防锈袋,有,1. 核心防护：防变形、防划伤、防碰撞；2. 尺寸要求：关键尺寸偏差≤±0.5mm；3. 表面要求：无凹陷、无划痕、无锈蚀；4. 材质要求：符合设计强度标准,A,1.0,焊装件,,焊装件,轻钢,3.28,1266,200,56,24,1600,1150,590
H97X3601800BA,发动机控制器,,,1. 核心防护：防震动、防潮湿、防静电、防冲击；2. 电气要求：绝缘性能良好，无短路风险；3. 外观要求：外壳无破损，接口无变形；4. 存储要求：温度-20~50℃，湿度≤60%,B,1.0,采购件,0.62,总装,纸箱,1.65,2445.0,90.0,45.0,,550.0,365.0,210.0
H97X8403021XA,左翼子板总成,防锈袋,有,1. 核心防护：防变形、防划伤、防碰撞；2. 尺寸要求：关键尺寸偏差≤±0.5mm；3. 表面要求：无凹陷、无划痕、无锈蚀；4. 材质要求：符合设计强度标准,A,1.0,焊装自制件,,,,0.54,897.0,347.0,207.0,,1330.0,1140.0,1200.0
HQ1840820,六角法兰面螺栓,,,1. 核心防护：防腐蚀、防丢失、防损伤；2. 材质要求：无锈蚀、无裂纹、无变形；,C,2.0,采购件,0.2,总装,STD,/,/,/,/,/,/,/,/
5205011-RA01,前雨刮臂端盖,,,1. 核心防护：防损伤、防污损、防丢失；2. 外观要求：表面无划痕、无锈蚀、无破损；3. 尺寸要求：符合设计图纸要求；4. 通用要求：无明显质量缺陷,C,2.0,采购件,,总装,STD,0.0029,27,27,22,1600,400,300,147
1109132-RA52,空气滤清器安装橡胶块,,,1. 核心防护：防老化、防挤压、防变形；2. 材质要求：无裂纹、无异味、无破损；3. 尺寸要求：关键尺寸偏差≤±1.0mm；4. 性能要求：弹性符合设计标准,C,1.0,采购件,,总装,STD,0.0078,,,,,,,
H97Z3923002AA,车型编码标牌,,,1. 核心防护：防损伤、防污损、防丢失；2. 外观要求：表面无划痕、无锈蚀、无破损；3. 尺寸要求：符合设计图纸要求；4. 通用要求：无明显质量缺陷,C,1.0,采购件,0.0052,总装,STD,0.0139,32.15,218.39,40.03,240,550,365,160
H97A5001082AA,左后排安全带导向杆总成,,,1. 核心防护：防损伤、防污损、防丢失；2. 外观要求：表面无划痕、无锈蚀、无破损；3. 尺寸要求：符合设计图纸要求；4. 通用要求：无明显质量缺陷,C,1.0,采购件,0.362,总装,纸箱,,,,,,,,
H97A8212004AC,前排安全带高度调节器,,,1. 核心防护：防损伤、防污损、防丢失；2. 外观要求：表面无划痕、无锈蚀、无破损；3. 尺寸要求：符合设计图纸要求；4. 通用要求：无明显质量缺陷,C,2.0,采购件,0.248,总装,纸箱,0.248,36.56,185,49.2,30,550,365,160
H97A6107013AA,左前门窗台内密封条总成,,,1. 核心防护：防损伤、防污损、防丢失；2. 外观要求：表面无划痕、无锈蚀、无破损；3. 尺寸要求：符合设计图纸要求；4. 通用要求：无明显质量缺陷,C,1.0,采购件,0.137,总装,纸箱,0.3,812,73,41,32,1000,400,230
H97A5520112AC,右后侧围下部安装支架,,,1. 核心防护：防损伤、防污损、防丢失；2. 外观要求：表面无划痕、无锈蚀、无破损；3. 尺寸要求：符合设计图纸要求；4. 通用要求：无明显质量缺陷,B,1.0,采购件,0.76,总装,纸箱,0.322,393,100,100,18,650,435,260
HQ33810T10L1,非金属嵌件六角法兰面锁紧螺母,,,1. 核心防护：防腐蚀、防丢失、防损伤；2. 材质要求：无锈蚀、无裂纹、无变形；,C,8.0,采购件,,总装,STD,/,/,/,/,/,/,/,/
H97Y1300003AB,三通比例阀安装支架,,,1. 核心防护：防损伤、防污损、防丢失；2. 外观要求：表面无划痕、无锈蚀、无破损；3. 尺寸要求：符合设计图纸要求；4. 通用要求：无明显质量缺陷,C,1.0,采购件,,总装,纸箱,0.155,138,128,90,60,435,325,210
Q673C27F62B,B型钢带式弹性软管夹箍,,,1. 核心防护：防挤压、防破损、防老化；2. 密封要求：接口密封良好，无泄漏风险；3. 材质要求：无裂纹、无气泡、无破损；4. 尺寸要求：内径、壁厚符合设计要求,C,1.0,采购件,,总装,STD,/,/,/,/,/,/,/,/
HQ32206L,六角螺母和锥形弹性垫圈组合件,,,1. 核心防护：防腐蚀、防丢失、防损伤；2. 材质要求：无锈蚀、无裂纹、无变形；,C,4.0,采购件,,总装,STD,/,/,/,/,/,/,/,/
H97A6208010AA,右后门外开手柄壳体,,,1. 核心防护：防变形、防划伤、防碰撞；2. 尺寸要求：关键尺寸偏差≤±0.5mm；3. 表面要求：无凹陷、无划痕、无锈蚀；4. 材质要求：符合设计强度标准,C,1.0,采购件,,,,0.2,125.0,33.0,33.0,,365.0,275.0,160.0
H97D1303066BA,低温散热器出水管后段,,,1. 核心防护：防挤压、防破损、防老化；2. 密封要求：接口密封良好，无泄漏风险；3. 材质要求：无裂纹、无气泡、无破损；4. 尺寸要求：内径、壁厚符合设计要求,C,1.0,采购件,,总装,纸箱,0.093,97.0,25.0,25.0,,300.0,200.0,148.0
H97A5517010AB,空调进气道风管总成,,,1. 核心防护：防挤压、防破损、防老化；2. 密封要求：接口密封良好，无泄漏风险；3. 材质要求：无裂纹、无气泡、无破损；4. 尺寸要求：内径、壁厚符合设计要求,C,1.0,采购件,,总装,天地盖纸箱,0.121,120.0,12.0,12.0,,365.0,275.0,160.0
H97A5511910BCBEGA,左前门槛迎宾护板合件,,,1. 核心防护：防变形、防划伤、防碰撞；2. 尺寸要求：关键尺寸偏差≤±0.5mm；3. 表面要求：无凹陷、无划痕、无锈蚀；4. 材质要求：符合设计强度标准,B,1.0,采购件,0.525,总装,纸箱,0.547,645,323,114,14,1140,1140,1090
H97Y1201010AA,后消声器总成,,,1. 核心防护：防损伤、防污损、防丢失；2. 外观要求：表面无划痕、无锈蚀、无破损；3. 尺寸要求：符合设计图纸要求；4. 通用要求：无明显质量缺陷,B,1.0,采购件,,总装,天地盖纸箱,10.9,1550,1328,218,12,2100,1140,1710
H97A8404014AA,加油口盖排水管总成,,,1. 核心防护：防挤压、防破损、防老化；2. 密封要求：接口密封良好，无泄漏风险；3. 材质要求：无裂纹、无气泡、无破损；4. 尺寸要求：内径、壁厚符合设计要求,C,1.0,采购件,0.03,总装,纸箱,0.03,607,187,104,100,650,435,260
H97A6204011AA,左后门玻璃升降器总成,,,1. 核心防护：防冲击、防划伤、防破碎；2. 外观要求：无气泡、无划痕、无杂质；,B,1.0,采购件,1.5,总装,天地盖纸箱,1.303,630,487,100,32,1200,1000,760
H97D5006186AA,左前车门上装饰条,,,1. 核心防护：防损伤、防污损、防丢失；2. 外观要求：表面无划痕、无锈蚀、无破损；3. 尺寸要求：符合设计图纸要求；4. 通用要求：无明显质量缺陷,C,1.0,采购件,0.013,总装,纸箱,0.018,16.0,8.0,8.0,,365.0,275.0,160.0
HQ1840816L1,六角法兰面螺栓,,,1. 核心防护：防腐蚀、防丢失、防损伤；2. 材质要求：无锈蚀、无裂纹、无变形；,C,4.0,采购件,0.2,总装,STD,/,/,/,/,/,/,/,/
H97A6104011AA,左前门导轨总成,,,1. 核心防护：防损伤、防污损、防丢失；2. 外观要求：表面无划痕、无锈蚀、无破损；3. 尺寸要求：符合设计图纸要求；4. 通用要求：无明显质量缺陷,C,1.0,采购件,0.214,总装,纸箱,/,/,/,/,/,/,/,/
H97A6107014AA,右前门窗台内密封条总成,,,1. 核心防护：防损伤、防污损、防丢失；2. 外观要求：表面无划痕、无锈蚀、无破损；3. 尺寸要求：符合设计图纸要求；4. 通用要求：无明显质量缺陷,C,1.0,采购件,0.137,总装,纸箱,0.3,812,73,41,32,1000,400,230
H97D1001007AA,发动机左悬置支架,,,1. 核心防护：防损伤、防污损、防丢失；2. 外观要求：表面无划痕、无锈蚀、无破损；3. 尺寸要求：符合设计图纸要求；4. 通用要求：无明显质量缺陷,C,1.0,采购件,0.616,总装,纸箱,0.0117,16.0,8.0,8.0,,365.0,275.0,160.0
H97A5533003AA,左后吹足管道中段总成,,,1. 核心防护：防挤压、防破损、防老化；2. 密封要求：接口密封良好，无泄漏风险；3. 材质要求：无裂纹、无气泡、无破损；4. 尺寸要求：内径、壁厚符合设计要求,C,1.0,采购件,0.195,总装,纸箱,,25.0,6.0,6.0,,365.0,275.0,160.0
H97C8212012BA,后排双带扣组件,,,1. 核心防护：防损伤、防污损、防丢失；2. 外观要求：表面无划痕、无锈蚀、无破损；3. 尺寸要求：符合设计图纸要求；4. 通用要求：无明显质量缺陷,C,1.0,采购件,0.364,总装,纸箱,0.0078,25.0,6.0,6.0,,365.0,275.0,160.0
H97D3730106AA,车载充电机搭铁线,,,1. 核心防护：防震动、防潮湿、防静电、防冲击；2. 电气要求：绝缘性能良好，无短路风险；3. 外观要求：外壳无破损，接口无变形；4. 存储要求：温度-20~50℃，湿度≤60%,C,1.0,采购件,,总装,纸箱,0.0066,152.97,138.66,75.11,160,650,435,260
H97A5016004AA,堵盖Φ25,,,1. 核心防护：防损伤、防污损、防丢失；2. 外观要求：表面无划痕、无锈蚀、无破损；3. 尺寸要求：符合设计图纸要求；4. 通用要求：无明显质量缺陷,C,18.0,采购件,0.0015,总装,STD,,,,,,365.0,275.0,85.0
H97E5103034AA,右纵梁前段外板焊接总成,防锈袋,有,1. 核心防护：防变形、防划伤、防碰撞；2. 尺寸要求：关键尺寸偏差≤±0.5mm；3. 表面要求：无凹陷、无划痕、无锈蚀；4. 材质要求：符合设计强度标准,A,1.0,焊装件,,焊装件,轻钢,0.0063,,,,,,,
H97A6309001AA,车门上背门限位器,,,1. 核心防护：防损伤、防污损、防丢失；2. 外观要求：表面无划痕、无锈蚀、无破损；3. 尺寸要求：符合设计图纸要求；4. 通用要求：无明显质量缺陷,C,2.0,采购件,0.045,总装,纸箱,0.034,74,51,50,300,650,436,260
H97A5520145ADBKAA,左C柱下饰板总成,,,1. 核心防护：防变形、防划伤、防碰撞；2. 尺寸要求：关键尺寸偏差≤±0.5mm；3. 表面要求：无凹陷、无划痕、无锈蚀；4. 材质要求：符合设计强度标准,B,1.0,采购件,0.84,总装,天地盖纸箱,0.0171,,,,,,,
H97D9246002BA,电池包流出管总成,,,1. 核心防护：防挤压、防破损、防老化；2. 密封要求：接口密封良好，无泄漏风险；3. 材质要求：无裂纹、无气泡、无破损；4. 尺寸要求：内径、壁厚符合设计要求,C,1.0,采购件,0.274,总装,纸箱,0.0116,,,,,,,
H97A1104007AB,燃油加油管,,,1. 核心防护：防挤压、防破损、防老化；2. 密封要求：接口密封良好，无泄漏风险；3. 材质要求：无裂纹、无气泡、无破损；4. 尺寸要求：内径、壁厚符合设计要求,C,1.0,采购件,1.037,总装,纸箱,0.0085,,,,,,,
H97A8402019AA,发动机罩前密封条总成,,,1. 核心防护：防损伤、防污损、防丢失；2. 外观要求：表面无划痕、无锈蚀、无破损；3. 尺寸要求：符合设计图纸要求；4. 通用要求：无明显质量缺陷,C,1.0,采购件,,总装,纸箱,0.113,1625.32,90.48,536.48,30,650,435,260
H97A3716012AB,右后组合灯固定侧侧板,,,1. 核心防护：防变形、防划伤、防碰撞；2. 尺寸要求：关键尺寸偏差≤±0.5mm；3. 表面要求：无凹陷、无划痕、无锈蚀；4. 材质要求：符合设计强度标准,C,1.0,采购件,,总装,纸箱,0.0107,,,,,,,
H97D6207007AA,左后门窗台外密封条总成,,,1. 核心防护：防损伤、防污损、防丢失；2. 外观要求：表面无划痕、无锈蚀、无破损；3. 尺寸要求：符合设计图纸要求；4. 通用要求：无明显质量缺陷,C,1.0,采购件,0.371,总装,纸箱,0.0177,,,,,,,
H97A5515005ABJK05,后背门上装饰板总成,,,1. 核心防护：防变形、防划伤、防碰撞；2. 尺寸要求：关键尺寸偏差≤±0.5mm；3. 表面要求：无凹陷、无划痕、无锈蚀；4. 材质要求：符合设计强度标准,C,1.0,采购件,0.35,总装,纸箱,0.609,1210,141,92,6,1100,550,260
H97A8404019AA,充电口盖排水管,,,1. 核心防护：防挤压、防破损、防老化；2. 密封要求：接口密封良好，无泄漏风险；3. 材质要求：无裂纹、无气泡、无破损；4. 尺寸要求：内径、壁厚符合设计要求,C,1.0,采购件,0.03,总装,纸箱,0.0086,,,,,,,
H97A2803031AB,前保险杠右安装座,,,1. 核心防护：防损伤、防污损、防丢失；2. 外观要求：表面无划痕、无锈蚀、无破损；3. 尺寸要求：符合设计图纸要求；4. 通用要求：无明显质量缺陷,C,1.0,采购件,,总装,纸箱,0.071,227.22,84.93,130.11,76,435,325,210
H97D3703004AA,蓄电池排气管,,,1. 核心防护：防挤压、防破损、防老化；2. 密封要求：接口密封良好，无泄漏风险；3. 材质要求：无裂纹、无气泡、无破损；4. 尺寸要求：内径、壁厚符合设计要求,C,1.0,采购件,0.02,总装,纸箱,0.194,332.0,91.0,56.0,,550.0,365.0,160.0
HQ32010T10L1,六角法兰面螺母,,,1. 核心防护：防腐蚀、防丢失、防损伤；2. 材质要求：无锈蚀、无裂纹、无变形；,C,3.0,采购件,,总装,STD,/,/,/,/,/,/,/,/
H97A6204012AA,右后门玻璃升降器总成,,,1. 核心防护：防冲击、防划伤、防破碎；2. 外观要求：无气泡、无划痕、无杂质；,B,1.0,采购件,1.5,总装,天地盖纸箱,1.303,630,487,100,32,1200,1000,760
HQ2570820T8,内六花形半沉头螺钉,,,1. 核心防护：防腐蚀、防丢失、防损伤；2. 材质要求：无锈蚀、无裂纹、无变形；,C,6.0,采购件,,总装,STD,,,,,,,,
HQ146B0630L2L,六角头螺栓、弹簧垫圈和平垫圈组合件,,,1. 核心防护：防腐蚀、防丢失、防损伤；2. 材质要求：无锈蚀、无裂纹、无变形；,C,8.0,采购件,0.04,总装,STD,/,/,/,/,/,/,/,/
Q220B4813F38A,十字槽盘头自攻螺钉与平垫圈组合件,,,1. 核心防护：防腐蚀、防丢失、防损伤；2. 材质要求：无锈蚀、无裂纹、无变形；,C,6.0,采购件,,总装,STD,/,/,/,/,/,/,/,/
HQ140B0645N1L,六角头螺栓和平垫圈组合件,,,1. 核心防护：防腐蚀、防丢失、防损伤；2. 材质要求：无锈蚀、无裂纹、无变形；,C,8.0,采购件,0.019,总装,STD,/,/,/,/,/,/,/,/
H97A5520113AB,左后侧围安装支架,,,1. 核心防护：防损伤、防污损、防丢失；2. 外观要求：表面无划痕、无锈蚀、无破损；3. 尺寸要求：符合设计图纸要求；4. 通用要求：无明显质量缺陷,C,1.0,采购件,0.05,总装,纸箱,0.0266,58.0,18.0,18.0,,365.0,275.0,160.0
HQ1840516,六角法兰面螺栓,,,1. 核心防护：防腐蚀、防丢失、防损伤；2. 材质要求：无锈蚀、无裂纹、无变形；,C,4.0,采购件,0.2,总装,STD,/,/,/,/,/,/,/,/
H97A6107026AA,左前门前防水膜,,,1. 核心防护：防损伤、防污损、防丢失；2. 外观要求：表面无划痕、无锈蚀、无破损；3. 尺寸要求：符合设计图纸要求；4. 通用要求：无明显质量缺陷,C,1.0,采购件,0.018,总装,纸箱,0.028,213,137,23,100,650,435,260
H97A5515023AB,遮物帘总成,,,1. 核心防护：防损伤、防污损、防丢失；2. 外观要求：表面无划痕、无锈蚀、无破损；3. 尺寸要求：符合设计图纸要求；4. 通用要求：无明显质量缺陷,B,1.0,采购件,1.73,总装,天地盖纸箱,0.0129,20.0,8.0,8.0,,365.0,275.0,160.0
H97A3104003AB,左后轮毂包下消声垫,,,1. 核心防护：防损伤、防污损、防丢失；2. 外观要求：表面无划痕、无锈蚀、无破损；3. 尺寸要求：符合设计图纸要求；4. 通用要求：无明显质量缺陷,C,1.0,采购件,,总装,纸箱,2,905.73,515.78,263.42,80,1660,1200,1160
H97D5206010AA,右后角窗玻璃总成,,,1. 核心防护：防冲击、防划伤、防破碎；2. 外观要求：无气泡、无划痕、无杂质；,B,1.0,采购件,1.2275,总装,纸箱,4.8,506.39,1252.4,158.18,10,1680,750,160
H97A8405034AB,风窗流水槽盖板右密封件,,,1. 核心防护：防变形、防划伤、防碰撞；2. 尺寸要求：关键尺寸偏差≤±0.5mm；3. 表面要求：无凹陷、无划痕、无锈蚀；4. 材质要求：符合设计强度标准,C,1.0,采购件,,总装,纸箱,0.0078,25.0,6.0,6.0,,365.0,275.0,160.0
H97A5001045AB,前排左后拉手支架组件,,,1. 核心防护：防损伤、防污损、防丢失；2. 外观要求：表面无划痕、无锈蚀、无破损；3. 尺寸要求：符合设计图纸要求；4. 通用要求：无明显质量缺陷,C,1.0,采购件,0.094（±10%）,总装,纸箱,0.0063,16.0,6.0,6.0,,365.0,275.0,160.0
H97Z2309001AC,左前驱动轴总成,防锈袋,,1. 核心防护：防损伤、防污损、防丢失；2. 外观要求：表面无划痕、无锈蚀、无破损；3. 尺寸要求：符合设计图纸要求；4. 通用要求：无明显质量缺陷,B,1.0,采购件,8.03,总装,天地盖纸箱,8.6,769,128,109,84,1200,1000,1000
H97X5200900AA,后风窗玻璃总成合件,PE袋,,1. 核心防护：防冲击、防划伤、防破碎；2. 外观要求：无气泡、无划痕、无杂质；,A,1.0,采购件,5.96,总装,轻钢,0.0056,,,,,,,
H97B2312004BA,前电机右悬置支架,,,1. 核心防护：防震动、防潮湿、防静电、防冲击；2. 电气要求：绝缘性能良好，无短路风险；3. 外观要求：外壳无破损，接口无变形；4. 存储要求：温度-20~50℃，湿度≤60%,C,1.0,采购件,0.47,总装,纸箱,0.006,,,,,,,
HQ32006L1,六角法兰面螺母,,,1. 核心防护：防腐蚀、防丢失、防损伤；2. 材质要求：无锈蚀、无裂纹、无变形；,C,17.0,采购件,,总装,STD,/,/,/,/,/,/,/,/
H97D3724114AA,右前门饰板线束总成,,,1. 核心防护：防变形、防划伤、防碰撞；2. 尺寸要求：关键尺寸偏差≤±0.5mm；3. 表面要求：无凹陷、无划痕、无锈蚀；4. 材质要求：符合设计强度标准,C,1.0,采购件,,总装,纸箱,0.0171,,,,,,,
H97C5505010AAJE01,后盖板总成,,,1. 核心防护：防变形、防划伤、防碰撞；2. 尺寸要求：关键尺寸偏差≤±0.5mm；3. 表面要求：无凹陷、无划痕、无锈蚀；4. 材质要求：符合设计强度标准,C,1.0,采购件,0.695,总装,纸箱,0.0116,,,,,,,
H97D1109003AA,空气滤清器总成,,,1. 核心防护：防损伤、防污损、防丢失；2. 外观要求：表面无划痕、无锈蚀、无破损；3. 尺寸要求：符合设计图纸要求；4. 通用要求：无明显质量缺陷,C,1.0,采购件,,总装,天地盖纸箱,1.08,367,227,210,48,1200,1000,950
H97A3718900AC,左前门外开手柄合件,,,1. 核心防护：防损伤、防污损、防丢失；2. 外观要求：表面无划痕、无锈蚀、无破损；3. 尺寸要求：符合设计图纸要求；4. 通用要求：无明显质量缺陷,B,1.0,采购件,0.678,总装,纸箱,0.0129,,,,,,,
H97D6900901ACUK02,前排副驾驶员座椅合件,无,,1. 核心防护：防污损、防变形、防划伤；2. 结构要求：骨架无变形，面料无破损；3. 功能要求：调节机构灵活，无卡滞；4. 外观要求：面料无污渍，缝线整齐,A,1.0,采购件,,总装,天地盖纸箱,0.0107,1092.69,859.51,554.88,2,1680,1150,2100
H56A1300002AA,三通比例阀总成,,,1. 核心防护：防损伤、防污损、防丢失；2. 外观要求：表面无划痕、无锈蚀、无破损；3. 尺寸要求：符合设计图纸要求；4. 通用要求：无明显质量缺陷,C,1.0,采购件,0.207,总装,纸箱,0.0177,,,,,,,
H97D1303062AA,后电机出水软管,,,1. 核心防护：防挤压、防破损、防老化；2. 密封要求：接口密封良好，无泄漏风险；3. 材质要求：无裂纹、无气泡、无破损；4. 尺寸要求：内径、壁厚符合设计要求,C,1.0,采购件,,总装,纸箱,0.0612,,,,,,,
HQY140B0620L2L,六角头螺栓和平垫圈组合件,,,1. 核心防护：防腐蚀、防丢失、防损伤；2. 材质要求：无锈蚀、无裂纹、无变形；,C,25.0,采购件,0.019,总装,STD,/,/,/,/,/,/,/,/
H97E5301025AA,前围焊接分总成,防锈袋,有,1. 核心防护：防损伤、防污损、防丢失；2. 外观要求：表面无划痕、无锈蚀、无破损；3. 尺寸要求：符合设计图纸要求；4. 通用要求：无明显质量缺陷,A,1.0,焊装件,,焊装件,铁架,1.69,1800.0,80.0,80.0,,550.0,365.0,210.0
H56A3506015AA,制动管路双管夹,,,1. 核心防护：防挤压、防破损、防老化；2. 密封要求：接口密封良好，无泄漏风险；3. 材质要求：无裂纹、无气泡、无破损；4. 尺寸要求：内径、壁厚符合设计要求,C,7.0,采购件,,总装,STD,0.0027,25,23.17,16,500,365,275,210
H97A5001261AC,后底护板安装支架组件,,,1. 核心防护：防变形、防划伤、防碰撞；2. 尺寸要求：关键尺寸偏差≤±0.5mm；3. 表面要求：无凹陷、无划痕、无锈蚀；4. 材质要求：符合设计强度标准,C,1.0,采购件,,总装,纸箱,1.814,,,,,,,
H97B9102001AA,前电机隔热板,,,1. 核心防护：防变形、防划伤、防碰撞；2. 尺寸要求：关键尺寸偏差≤±0.5mm；3. 表面要求：无凹陷、无划痕、无锈蚀；4. 材质要求：符合设计强度标准,C,1.0,采购件,0.18,总装,纸箱,0.0007,12.0,10.0,10.0,,400.0,300.0,230.0
H97A7903007AA,负极滤波器,,,1. 核心防护：防损伤、防污损、防丢失；2. 外观要求：表面无划痕、无锈蚀、无破损；3. 尺寸要求：符合设计图纸要求；4. 通用要求：无明显质量缺陷,C,1.0,采购件,0.028,总装,纸箱,0.028,116.73,82.94,228.67,144,550,365,210
H97A2912020AC,右后空气弹簧总成,,,1. 核心防护：防变形、防碰撞、防锈蚀；2. 强度要求：符合设计承载标准；3. 外观要求：无裂纹、无变形、无锈蚀；4. 性能要求：减震性能良好，无异常噪音,C,1.0,采购件,2.7,总装,纸箱,3.2,321,235,209,50,1330,1140,1090
H97A3605812AJ,隐藏式门把手控制器,,,1. 核心防护：防震动、防潮湿、防静电、防冲击；2. 电气要求：绝缘性能良好，无短路风险；3. 外观要求：外壳无破损，接口无变形；4. 存储要求：温度-20~50℃，湿度≤60%,C,4.0,采购件,0.414,总装,纸箱,,603.0,422.0,260.0,,1140.0,980.0,1100.0
H97A6105012AA,右前门锁体,,,1. 核心防护：防损伤、防污损、防丢失；2. 外观要求：表面无划痕、无锈蚀、无破损；3. 尺寸要求：符合设计图纸要求；4. 通用要求：无明显质量缺陷,C,1.0,采购件,0.363,总装,纸箱,1.62,568.26,518.48,103.49,5,600,400,280
HQ1840812N1,六角法兰面螺栓,,,1. 核心防护：防腐蚀、防丢失、防损伤；2. 材质要求：无锈蚀、无裂纹、无变形；,C,6.0,采购件,0.2,总装,STD,/,/,/,/,/,/,/,/
H97A5515001AAJK05,拉手盒扣盖,,,1. 核心防护：防损伤、防污损、防丢失；2. 外观要求：表面无划痕、无锈蚀、无破损；3. 尺寸要求：符合设计图纸要求；4. 通用要求：无明显质量缺陷,C,1.0,采购件,0.01,总装,纸箱,0.051,255,46,44,12,550,365,160
H97C3614800AC,空气悬架控制器,,,1. 核心防护：防震动、防潮湿、防静电、防冲击；2. 电气要求：绝缘性能良好，无短路风险；3. 外观要求：外壳无破损，接口无变形；4. 存储要求：温度-20~50℃，湿度≤60%,C,1.0,采购件,0.564,总装,纸箱,0.007,,,,,,,
H97B5001268CA,底护板固定支架Ⅰ组件,,,1. 核心防护：防变形、防划伤、防碰撞；2. 尺寸要求：关键尺寸偏差≤±0.5mm；3. 表面要求：无凹陷、无划痕、无锈蚀；4. 材质要求：符合设计强度标准,C,1.0,采购件,0.049（±15%）,总装,纸箱,0.25,,,,,650.0,435.0,260.0
H97A5001043AB,前排右前拉手支架组件,,,1. 核心防护：防损伤、防污损、防丢失；2. 外观要求：表面无划痕、无锈蚀、无破损；3. 尺寸要求：符合设计图纸要求；4. 通用要求：无明显质量缺陷,C,1.0,采购件,,总装,纸箱,0.0176,20.0,8.0,8.0,,365.0,275.0,160.0
HQ32008L1L,六角法兰面螺母,,,1. 核心防护：防腐蚀、防丢失、防损伤；2. 材质要求：无锈蚀、无裂纹、无变形；,C,4.0,采购件,,总装,STD,/,/,/,/,/,/,/,/
H37A1108001AA,加速踏板,,,1. 核心防护：防变形、防划伤、防碰撞；2. 尺寸要求：关键尺寸偏差≤±0.5mm；3. 表面要求：无凹陷、无划痕、无锈蚀；4. 材质要求：符合设计强度标准,C,1.0,采购件,0.426,总装,纸箱,0.426,185.24,117.59,212.06,15,650,435,260
HQY1400840L2S,六角法兰面螺栓和平垫圈组合件,,,1. 核心防护：防腐蚀、防丢失、防损伤；2. 材质要求：无锈蚀、无裂纹、无变形；,C,2.0,采购件,0.022,总装,STD,/,/,/,/,/,/,/,/
HQY1400845L1,六角法兰面螺栓和平垫圈组合件,,,1. 核心防护：防腐蚀、防丢失、防损伤；2. 材质要求：无锈蚀、无裂纹、无变形；,C,4.0,采购件,0.022,总装,STD,/,/,/,/,/,/,/,/
6306100-RA01,背门铰链总成,,,1. 核心防护：防损伤、防污损、防丢失；2. 外观要求：表面无划痕、无锈蚀、无破损；3. 尺寸要求：符合设计图纸要求；4. 通用要求：无明显质量缺陷,C,2.0,采购件,,,,0.0059,,,,,,,
Q4400306,开口型平圆头抽芯铆钉,,,1. 核心防护：防腐蚀、防丢失、防损伤；2. 材质要求：无锈蚀、无裂纹、无变形；,C,12.0,采购件,,总装,STD,/,/,/,/,/,/,/,/
5205103-RA01,左前刮片总成,,,1. 核心防护：防损伤、防污损、防丢失；2. 外观要求：表面无划痕、无锈蚀、无破损；3. 尺寸要求：符合设计图纸要求；4. 通用要求：无明显质量缺陷,C,1.0,采购件,,总装,纸箱,0.125,694,41,39,64,780,400,230
H97A6108009AA,左前门外开手柄壳体,,,1. 核心防护：防变形、防划伤、防碰撞；2. 尺寸要求：关键尺寸偏差≤±0.5mm；3. 表面要求：无凹陷、无划痕、无锈蚀；4. 材质要求：符合设计强度标准,C,1.0,采购件,,,,0.0153,,,,,,,
H97E5006013AA,泄压阀总成,,,1. 核心防护：防损伤、防污损、防丢失；2. 外观要求：表面无划痕、无锈蚀、无破损；3. 尺寸要求：符合设计图纸要求；4. 通用要求：无明显质量缺陷,C,2.0,采购件,0.105,总装,纸箱,0.081,178.79,46.78,146.87,28,600,400,280
H97C9340003AA,快充充电插座总成,,,1. 核心防护：防损伤、防污损、防丢失；2. 外观要求：表面无划痕、无锈蚀、无破损；3. 尺寸要求：符合设计图纸要求；4. 通用要求：无明显质量缺陷,C,1.0,采购件,2.4,总装,纸箱,0.13,220.0,69.0,30.0,,650.0,435.0,260.0
H97A5505017AABKGB,香氛堵盖,,,1. 核心防护：防损伤、防污损、防丢失；2. 外观要求：表面无划痕、无锈蚀、无破损；3. 尺寸要求：符合设计图纸要求；4. 通用要求：无明显质量缺陷,C,1.0,采购件,0.046,总装,纸箱,0.154,90.0,14.0,14.0,,365.0,275.0,160.0
HQ1840850,六角法兰面螺栓,,,1. 核心防护：防腐蚀、防丢失、防损伤；2. 材质要求：无锈蚀、无裂纹、无变形；,C,2.0,采购件,0.2,总装,STD,/,/,/,/,/,/,/,/
1101700-RA51,炭罐带附件总成,,,1. 核心防护：防损伤、防污损、防丢失；2. 外观要求：表面无划痕、无锈蚀、无破损；3. 尺寸要求：符合设计图纸要求；4. 通用要求：无明显质量缺陷,C,1.0,采购件,1.459,总装,纸箱,0.01,,,,,,,
6206500-RA01,后门上铰链总成（左）,,,1. 核心防护：防损伤、防污损、防丢失；2. 外观要求：表面无划痕、无锈蚀、无破损；3. 尺寸要求：符合设计图纸要求；4. 通用要求：无明显质量缺陷,C,2.0,采购件,,,,0.01,,,,,,,
H97D1303139AB,发电机进出水管总成,,,1. 核心防护：防挤压、防破损、防老化；2. 密封要求：接口密封良好，无泄漏风险；3. 材质要求：无裂纹、无气泡、无破损；4. 尺寸要求：内径、壁厚符合设计要求,C,1.0,采购件,,总装,纸箱,0.411,3805.0,15.0,20.0,,1200.0,1000.0,780.0
H97C1303014AB,充电机水管总成,,,1. 核心防护：防挤压、防破损、防老化；2. 密封要求：接口密封良好，无泄漏风险；3. 材质要求：无裂纹、无气泡、无破损；4. 尺寸要求：内径、壁厚符合设计要求,C,1.0,采购件,0.65,总装,纸箱,4.8,357.0,250.0,192.0,,1140.0,974.0,1020.0
H97A2941011AC,左后空气弹簧管路,,,1. 核心防护：防挤压、防破损、防老化；2. 密封要求：接口密封良好，无泄漏风险；3. 材质要求：无裂纹、无气泡、无破损；4. 尺寸要求：内径、壁厚符合设计要求,C,1.0,采购件,0.066,总装,纸箱,0.051,700.23,1303.83,202.38,60,1100,550,330
H97D3724117AA,右后门线束总成,,,1. 核心防护：防损伤、防污损、防丢失；2. 外观要求：表面无划痕、无锈蚀、无破损；3. 尺寸要求：符合设计图纸要求；4. 通用要求：无明显质量缺陷,C,1.0,采购件,,总装,纸箱,0.26,693,596,212,24,650,435,260
H97D1109015AA,空滤器支撑2,,,1. 核心防护：防损伤、防污损、防丢失；2. 外观要求：表面无划痕、无锈蚀、无破损；3. 尺寸要求：符合设计图纸要求；4. 通用要求：无明显质量缺陷,C,1.0,采购件,,总装,纸箱,/,/,/,/,/,/,/,/
H97A6207011AA,左后门窗台内密封条总成,,,1. 核心防护：防损伤、防污损、防丢失；2. 外观要求：表面无划痕、无锈蚀、无破损；3. 尺寸要求：符合设计图纸要求；4. 通用要求：无明显质量缺陷,C,1.0,采购件,0.132,总装,纸箱,0.0119,,,,,,,
H97E5205004AA,后刮臂刮片总成,,,1. 核心防护：防损伤、防污损、防丢失；2. 外观要求：表面无划痕、无锈蚀、无破损；3. 尺寸要求：符合设计图纸要求；4. 通用要求：无明显质量缺陷,C,1.0,采购件,0.152,总装,纸箱,0.18,413.38,60.8,37.06,48,650,435,260
HQ1840614N1,六角法兰面螺栓,,,1. 核心防护：防腐蚀、防丢失、防损伤；2. 材质要求：无锈蚀、无裂纹、无变形；,C,1.0,采购件,0.2,总装,STD,/,/,/,/,/,/,/,/
H97A2804021AB,后保险杠左安装座,,,1. 核心防护：防损伤、防污损、防丢失；2. 外观要求：表面无划痕、无锈蚀、无破损；3. 尺寸要求：符合设计图纸要求；4. 通用要求：无明显质量缺陷,C,1.0,采购件,0.466,总装,纸箱,0.159,178.41,62.06,333.78,75,650,435,260
H973602002,侧碰传感器,,,1. 核心防护：防震动、防潮湿、防静电、防冲击；2. 电气要求：绝缘性能良好，无短路风险；3. 外观要求：外壳无破损，接口无变形；4. 存储要求：温度-20~50℃，湿度≤60%,C,2.0,采购件,0.013（±1%）,总装,纸箱,0.013,36.94,24.3,35.1,400,435,325,210
HQY40214,大垫圈,,,1. 核心防护：防腐蚀、防丢失、防损伤；2. 材质要求：无锈蚀、无裂纹、无变形；,C,2.0,采购件,,总装,STD,/,/,/,/,/,/,/,/
H97A5520164ABBEGA,右C柱下装饰盖板,,,1. 核心防护：防变形、防划伤、防碰撞；2. 尺寸要求：关键尺寸偏差≤±0.5mm；3. 表面要求：无凹陷、无划痕、无锈蚀；4. 材质要求：符合设计强度标准,C,1.0,采购件,0.031,总装,纸箱,,,,,,,,
H56B1116002AA,油箱泄漏诊断模块,,,1. 核心防护：防震动、防潮湿、防静电、防冲击；2. 电气要求：绝缘性能良好，无短路风险；3. 外观要求：外壳无破损，接口无变形；4. 存储要求：温度-20~50℃，湿度≤60%,C,1.0,采购件,0.38,总装,纸箱,0.38,126,91,82,32,600,400,235
H97A8230006AD,副驾驶位安全气囊模块,,,1. 核心防护：防震动、防潮湿、防静电、防冲击；2. 电气要求：绝缘性能良好，无短路风险；3. 外观要求：外壳无破损，接口无变形；4. 存储要求：温度-20~50℃，湿度≤60%,C,1.0,采购件,,,,/,/,/,/,/,/,/,/
H97A8404004AA,充电口盖闭锁器总成,,,1. 核心防护：防损伤、防污损、防丢失；2. 外观要求：表面无划痕、无锈蚀、无破损；3. 尺寸要求：符合设计图纸要求；4. 通用要求：无明显质量缺陷,C,2.0,采购件,0.139,总装,纸箱,0.411,550.0,310.0,90.0,,650.0,435.0,260.0
H97A5006050AC,右前门B柱装饰板总成,,,1. 核心防护：防变形、防划伤、防碰撞；2. 尺寸要求：关键尺寸偏差≤±0.5mm；3. 表面要求：无凹陷、无划痕、无锈蚀；4. 材质要求：符合设计强度标准,B,1.0,采购件,0.202,总装,纸箱,3.497,900.0,698.0,285.0,,1950.0,1150.0,2200.0
H97D5704005AB,顶盖左行李架总成,,,1. 核心防护：防损伤、防污损、防丢失；2. 外观要求：表面无划痕、无锈蚀、无破损；3. 尺寸要求：符合设计图纸要求；4. 通用要求：无明显质量缺陷,B,1.0,采购件,1.421,总装,天地盖纸箱,0.05,853.0,30.0,41.0,,900.0,400.0,120.0
HQ32206L1L,六角螺母和锥形弹性垫圈组合件,,,1. 核心防护：防腐蚀、防丢失、防损伤；2. 材质要求：无锈蚀、无裂纹、无变形；,C,5.0,采购件,,总装,STD,/,/,/,/,/,/,/,/
Q673C18F62,钢带式弹性软管夹箍,,,1. 核心防护：防挤压、防破损、防老化；2. 密封要求：接口密封良好，无泄漏风险；3. 材质要求：无裂纹、无气泡、无破损；4. 尺寸要求：内径、壁厚符合设计要求,C,2.0,采购件,,总装,STD,/,/,/,/,/,/,/,/
H97E6107007AA,左前门框密封条总成,,,1. 核心防护：防损伤、防污损、防丢失；2. 外观要求：表面无划痕、无锈蚀、无破损；3. 尺寸要求：符合设计图纸要求；4. 通用要求：无明显质量缺陷,B,1.0,采购件,1.27,总装,天地盖纸箱,1.02,1256.14,975.97,137.54,90,1200,1000,900
HQY2604816,内六角花型大平头自攻螺钉,,,1. 核心防护：防腐蚀、防丢失、防损伤；2. 材质要求：无锈蚀、无裂纹、无变形；,C,18.0,采购件,,总装,STD,/,/,/,/,/,/,/,/
H97A2804024AA,后保险杠右上安装座,,,1. 核心防护：防损伤、防污损、防丢失；2. 外观要求：表面无划痕、无锈蚀、无破损；3. 尺寸要求：符合设计图纸要求；4. 通用要求：无明显质量缺陷,C,1.0,采购件,,总装,纸箱,0.468,151.99,189.16,325.35,33,1100,550,330
H97D1303057AA,四通控制阀水管2,,,1. 核心防护：防挤压、防破损、防老化；2. 密封要求：接口密封良好，无泄漏风险；3. 材质要求：无裂纹、无气泡、无破损；4. 尺寸要求：内径、壁厚符合设计要求,C,1.0,采购件,0.268,总装,纸箱,2.54,1.0,1.0,1.0,,435.0,325.0,210.0
H97A3718901AC,右前门外开手柄合件,,,1. 核心防护：防损伤、防污损、防丢失；2. 外观要求：表面无划痕、无锈蚀、无破损；3. 尺寸要求：符合设计图纸要求；4. 通用要求：无明显质量缺陷,B,1.0,采购件,0.678,总装,纸箱,0.2,125.0,33.0,33.0,,365.0,275.0,160.0
H97A5013002AB,右后侧围吸音棉,,,1. 核心防护：防损伤、防污损、防丢失；2. 外观要求：表面无划痕、无锈蚀、无破损；3. 尺寸要求：符合设计图纸要求；4. 通用要求：无明显质量缺陷,C,1.0,采购件,0.06,总装,纸箱,0.045,347.98,89.92,469.95,22,650,435,260
H97D1303054AA,蓄水瓶出水软管,,,1. 核心防护：防挤压、防破损、防老化；2. 密封要求：接口密封良好，无泄漏风险；3. 材质要求：无裂纹、无气泡、无破损；4. 尺寸要求：内径、壁厚符合设计要求,C,1.0,采购件,,总装,纸箱,0.121,120.0,12.0,12.0,,365.0,275.0,160.0
H97C1307043AA,中冷水泵支架,,,1. 核心防护：防损伤、防污损、防丢失；2. 外观要求：表面无划痕、无锈蚀、无破损；3. 尺寸要求：符合设计图纸要求；4. 通用要求：无明显质量缺陷,C,1.0,采购件,,,,0.062,68.0,10.0,10.0,,365.0,275.0,160.0
H97A5536005AA,风窗下装饰板总成,,,1. 核心防护：防变形、防划伤、防碰撞；2. 尺寸要求：关键尺寸偏差≤±0.5mm；3. 表面要求：无凹陷、无划痕、无锈蚀；4. 材质要求：符合设计强度标准,B,1.0,采购件,1,总装,天地盖纸箱,0.04,65.0,21.0,21.0,,365.0,275.0,160.0
H97X3610900AB,整车控制器合件,,,1. 核心防护：防震动、防潮湿、防静电、防冲击；2. 电气要求：绝缘性能良好，无短路风险；3. 外观要求：外壳无破损，接口无变形；4. 存储要求：温度-20~50℃，湿度≤60%,B,1.0,采购件,,,,0.0266,206,143,83,20,560,356,240
H97A3716007AA,后组合灯移动侧左侧板,,,1. 核心防护：防变形、防划伤、防碰撞；2. 尺寸要求：关键尺寸偏差≤±0.5mm；3. 表面要求：无凹陷、无划痕、无锈蚀；4. 材质要求：符合设计强度标准,C,1.0,采购件,0.06,总装,纸箱,0.05,172.93,99.94,87.82,48,650,435,260
H97A6105011AA,左前门锁体,,,1. 核心防护：防损伤、防污损、防丢失；2. 外观要求：表面无划痕、无锈蚀、无破损；3. 尺寸要求：符合设计图纸要求；4. 通用要求：无明显质量缺陷,C,1.0,采购件,0.385,总装,纸箱,0.925,568.26,519.09,117.9,5,600,400,280
H97A8402038AA,发动机罩锁扣,,,1. 核心防护：防损伤、防污损、防丢失；2. 外观要求：表面无划痕、无锈蚀、无破损；3. 尺寸要求：符合设计图纸要求；4. 通用要求：无明显质量缺陷,C,1.0,采购件,0.16,总装,纸箱,0.2197,98,78,77,45,435,325,160
H97A8402032AB,右前罩板铰链总成,,,1. 核心防护：防变形、防划伤、防碰撞；2. 尺寸要求：关键尺寸偏差≤±0.5mm；3. 表面要求：无凹陷、无划痕、无锈蚀；4. 材质要求：符合设计强度标准,B,1.0,采购件,,焊装件,纸箱,0.0129,20.0,8.0,8.0,,365.0,275.0,160.0
HQ140B0626L2LS,六角头螺栓和平垫圈组合件,,,1. 核心防护：防腐蚀、防丢失、防损伤；2. 材质要求：无锈蚀、无裂纹、无变形；,C,3.0,采购件,0.019,总装,STD,/,/,/,/,/,/,/,/
HQ140B0626L2L,六角头螺栓和平垫圈组合件,,,1. 核心防护：防腐蚀、防丢失、防损伤；2. 材质要求：无锈蚀、无裂纹、无变形；,C,13.0,采购件,0.019,总装,STD,/,/,/,/,/,/,/,/
H97A8405015AD,机舱前中装饰板总成,,,1. 核心防护：防变形、防划伤、防碰撞；2. 尺寸要求：关键尺寸偏差≤±0.5mm；3. 表面要求：无凹陷、无划痕、无锈蚀；4. 材质要求：符合设计强度标准,C,1.0,采购件,,总装,天地盖纸箱,1.051,1566.32,84.85,338.22,36,1700,1110,1150
H97E6207014AA,右后门框密封条总成,,,1. 核心防护：防损伤、防污损、防丢失；2. 外观要求：表面无划痕、无锈蚀、无破损；3. 尺寸要求：符合设计图纸要求；4. 通用要求：无明显质量缺陷,B,1.0,采购件,1.194,总装,天地盖纸箱,0.0087,30.0,6.0,6.0,,365.0,275.0,160.0
H97C5100020CF,右门槛内板总成,无,有,1. 核心防护：防变形、防划伤、防碰撞；2. 尺寸要求：关键尺寸偏差≤±0.5mm；3. 表面要求：无凹陷、无划痕、无锈蚀；4. 材质要求：符合设计强度标准,A,1.0,焊装件,,,,12.897,2349,364,333,6,2700,1600,590
H97A3102002AAPK01,车轮螺栓装饰盖及拆卸夹,,,1. 核心防护：防腐蚀、防丢失、防损伤；2. 材质要求：无锈蚀、无裂纹、无变形；,C,1.0,采购件,,总装,STD,/,1795.92,635.75,3092.14,18,365,275,160
H97D3621821AA,前驱动电机总成,防锈袋,,1. 核心防护：防震动、防潮湿、防静电、防冲击；2. 电气要求：绝缘性能良好，无短路风险；3. 外观要求：外壳无破损，接口无变形；4. 存储要求：温度-20~50℃，湿度≤60%,A,1.0,采购件,,总装,铁架,0.007,20.0,6.0,6.0,,365.0,275.0,160.0
H97A5016010AA,堵盖20×24,,,1. 核心防护：防损伤、防污损、防丢失；2. 外观要求：表面无划痕、无锈蚀、无破损；3. 尺寸要求：符合设计图纸要求；4. 通用要求：无明显质量缺陷,C,6.0,采购件,,,,0.0063,16.0,6.0,6.0,,365.0,275.0,160.0
H37A6305001AA,背门锁总成,,,1. 核心防护：防损伤、防污损、防丢失；2. 外观要求：表面无划痕、无锈蚀、无破损；3. 尺寸要求：符合设计图纸要求；4. 通用要求：无明显质量缺陷,C,1.0,采购件,0.552,总装,纸箱,0.552,84.15,158.77,120.74,20,650,435,260
HQ1860612L,六角法兰面螺栓,,,1. 核心防护：防腐蚀、防丢失、防损伤；2. 材质要求：无锈蚀、无裂纹、无变形；,C,54.0,采购件,0.2,总装,STD,/,/,/,/,/,/,/,/
H97D6107011AB,左前门窗台外密封条总成,,,1. 核心防护：防损伤、防污损、防丢失；2. 外观要求：表面无划痕、无锈蚀、无破损；3. 尺寸要求：符合设计图纸要求；4. 通用要求：无明显质量缺陷,C,1.0,采购件,0.323,总装,纸箱,0.55,1058,79,41,32,1200,400,230
H97B1303006AB,中通道出水硬管,,,1. 核心防护：防挤压、防破损、防老化；2. 密封要求：接口密封良好，无泄漏风险；3. 材质要求：无裂纹、无气泡、无破损；4. 尺寸要求：内径、壁厚符合设计要求,C,1.0,采购件,0.4,总装,纸箱,0.0063,,,,,,,
H97A5103016AA,纵梁前段外板焊接总成（左）,防锈袋,有,1. 核心防护：防变形、防划伤、防碰撞；2. 尺寸要求：关键尺寸偏差≤±0.5mm；3. 表面要求：无凹陷、无划痕、无锈蚀；4. 材质要求：符合设计强度标准,A,1.0,焊装件,,焊装件,轻钢,0.0295,,,,,,,
HQ32006,六角法兰面螺母,,,1. 核心防护：防腐蚀、防丢失、防损伤；2. 材质要求：无锈蚀、无裂纹、无变形；,C,65.0,采购件,,总装,STD,/,/,/,/,/,/,/,/
H97A5700030AC,副气囊安装支架组件,,,1. 核心防护：防损伤、防污损、防丢失；2. 外观要求：表面无划痕、无锈蚀、无破损；3. 尺寸要求：符合设计图纸要求；4. 通用要求：无明显质量缺陷,C,1.0,采购件,0.92（±8%）,总装,纸箱,0.0116,,,,,,,
H97Z2309002AC,右前驱动轴总成,,,1. 核心防护：防损伤、防污损、防丢失；2. 外观要求：表面无划痕、无锈蚀、无破损；3. 尺寸要求：符合设计图纸要求；4. 通用要求：无明显质量缺陷,B,1.0,采购件,8.26,总装,天地盖纸箱,8.05,118.6,619.27,139.77,84,1200,1000,1000
H97D2915001CA,后减振器支柱总成,,,1. 核心防护：防变形、防划伤、防碰撞；2. 尺寸要求：关键尺寸偏差≤±0.5mm；3. 表面要求：无凹陷、无划痕、无锈蚀；4. 材质要求：符合设计强度标准,C,2.0,采购件,4.5,总装,纸箱,0.0129,,,,,,,
HQ1400616L2L,六角头螺栓和大平垫圈组合件,,,1. 核心防护：防腐蚀、防丢失、防损伤；2. 材质要求：无锈蚀、无裂纹、无变形；,C,16.0,采购件,0.0202,总装,STD,/,/,/,/,/,/,/,/
H97D3720008AA,中控锁开关,,,1. 核心防护：防损伤、防污损、防丢失；2. 外观要求：表面无划痕、无锈蚀、无破损；3. 尺寸要求：符合设计图纸要求；4. 通用要求：无明显质量缺陷,C,1.0,采购件,0.019,总装,纸箱,0.0177,,,,,,,
H56A3923008AB,加油警示标签,,,1. 核心防护：防磨损、防脱落、防污损；2. 内容要求：字迹清晰，信息完整准确；3. 粘贴要求：粘贴牢固，无气泡、无起翘；4. 耐久性：符合户外使用要求,C,1.0,采购件,,总装,STD,/,,,,6000,365,275,160
H97A2941005AB,左前带支架高度传感器总成,,,1. 核心防护：防震动、防潮湿、防静电、防冲击；2. 电气要求：绝缘性能良好，无短路风险；3. 外观要求：外壳无破损，接口无变形；4. 存储要求：温度-20~50℃，湿度≤60%,C,1.0,采购件,,总装,纸箱,0.096,98.21,84.16,126.27,36,600,400,148
H97A5016023AA,背门排水孔堵盖,,,1. 核心防护：防损伤、防污损、防丢失；2. 外观要求：表面无划痕、无锈蚀、无破损；3. 尺寸要求：符合设计图纸要求；4. 通用要求：无明显质量缺陷,C,3.0,采购件,0.001,总装,纸箱,0.001,8.89,17,7.07,2700,365,275,160
H97Z6120900AC,左前车门防擦条合件,,,1. 核心防护：防损伤、防污损、防丢失；2. 外观要求：表面无划痕、无锈蚀、无破损；3. 尺寸要求：符合设计图纸要求；4. 通用要求：无明显质量缺陷,B,1.0,采购件,1.2106,总装,天地盖纸箱,0.42,728.0,167.0,88.0,,1330.0,900.0,1150.0
H97A2941009AC,右前空气弹簧管路后段,,,1. 核心防护：防挤压、防破损、防老化；2. 密封要求：接口密封良好，无泄漏风险；3. 材质要求：无裂纹、无气泡、无破损；4. 尺寸要求：内径、壁厚符合设计要求,C,1.0,采购件,0.094,总装,天地盖纸箱,0.117,3428.43,287.47,1566.39,80,1100,1100,545
H97A7909004AA,重低音扬声器,,,1. 核心防护：防损伤、防污损、防丢失；2. 外观要求：表面无划痕、无锈蚀、无破损；3. 尺寸要求：符合设计图纸要求；4. 通用要求：无明显质量缺陷,B,1.0,采购件,2.605,总装,纸箱,0.06,50.0,10.0,10.0,12,1140,980,1050
H97A6201042AB,右后车门防污条总成,,,1. 核心防护：防损伤、防污损、防丢失；2. 外观要求：表面无划痕、无锈蚀、无破损；3. 尺寸要求：符合设计图纸要求；4. 通用要求：无明显质量缺陷,C,1.0,采购件,0.066,总装,纸箱,0.062,68.0,10.0,10.0,,365.0,275.0,160.0
H97D5704010AB,顶盖右行李架总成,,,1. 核心防护：防损伤、防污损、防丢失；2. 外观要求：表面无划痕、无锈蚀、无破损；3. 尺寸要求：符合设计图纸要求；4. 通用要求：无明显质量缺陷,B,1.0,采购件,1.421,总装,天地盖纸箱,0.034,40.0,10.0,10.0,,365.0,275.0,160.0
H97A6107028AA,右前门防水膜,,,1. 核心防护：防损伤、防污损、防丢失；2. 外观要求：表面无划痕、无锈蚀、无破损；3. 尺寸要求：符合设计图纸要求；4. 通用要求：无明显质量缺陷,C,1.0,采购件,0.043,总装,纸箱,0.073,313.65,44.68,428.41,40,800,600,280
Q673C15F62,钢带式弹性软管夹箍,,,1. 核心防护：防挤压、防破损、防老化；2. 密封要求：接口密封良好，无泄漏风险；3. 材质要求：无裂纹、无气泡、无破损；4. 尺寸要求：内径、壁厚符合设计要求,C,2.0,采购件,,总装,STD,/,/,/,/,/,/,/,/
H97C1303015AA,低温散热器出水管,,,1. 核心防护：防挤压、防破损、防老化；2. 密封要求：接口密封良好，无泄漏风险；3. 材质要求：无裂纹、无气泡、无破损；4. 尺寸要求：内径、壁厚符合设计要求,C,1.0,采购件,,,,0.208,327,270,99,40,600,400,280
H97C5505008AA,扶手箱胶垫,,,1. 核心防护：防损伤、防污损、防丢失；2. 外观要求：表面无划痕、无锈蚀、无破损；3. 尺寸要求：符合设计图纸要求；4. 通用要求：无明显质量缺陷,C,1.0,采购件,0.078,总装,纸箱,0.0087,30.0,6.0,6.0,,365.0,275.0,160.0
H97Z6120901AC,右前车门防擦条合件,,,1. 核心防护：防损伤、防污损、防丢失；2. 外观要求：表面无划痕、无锈蚀、无破损；3. 尺寸要求：符合设计图纸要求；4. 通用要求：无明显质量缺陷,B,1.0,采购件,1.05,总装,天地盖纸箱,,25.0,6.0,6.0,,365.0,275.0,160.0
H97D1303016AB,低温散热器进水管,,,1. 核心防护：防挤压、防破损、防老化；2. 密封要求：接口密封良好，无泄漏风险；3. 材质要求：无裂纹、无气泡、无破损；4. 尺寸要求：内径、壁厚符合设计要求,C,1.0,采购件,,总装,纸箱,/,/,/,/,/,/,/,/
H97X5505023XA,USB盖板,,,1. 核心防护：防变形、防划伤、防碰撞；2. 尺寸要求：关键尺寸偏差≤±0.5mm；3. 表面要求：无凹陷、无划痕、无锈蚀；4. 材质要求：符合设计强度标准,C,1.0,采购件,0.06,总装,纸箱,0.0063,16.0,6.0,6.0,80,650,435,260
H97C1201011BA,前部消音器隔热板,,,1. 核心防护：防变形、防划伤、防碰撞；2. 尺寸要求：关键尺寸偏差≤±0.5mm；3. 表面要求：无凹陷、无划痕、无锈蚀；4. 材质要求：符合设计强度标准,C,1.0,采购件,,总装,纸箱,0.4,446,199,141,20,600,400,320
H97A6309007AA,背门电动撑杆总成,,,1. 核心防护：防损伤、防污损、防丢失；2. 外观要求：表面无划痕、无锈蚀、无破损；3. 尺寸要求：符合设计图纸要求；4. 通用要求：无明显质量缺陷,C,2.0,采购件,0.948,总装,纸箱,0.0063,,,,,,,
HQ1461035,六角头螺栓、弹簧垫圈和平垫圈组合件,,,1. 核心防护：防腐蚀、防丢失、防损伤；2. 材质要求：无锈蚀、无裂纹、无变形；,C,4.0,采购件,0.04,总装,STD,/,/,/,/,/,/,/,/
H56A3506008AA,制动管路单管夹,,,1. 核心防护：防挤压、防破损、防老化；2. 密封要求：接口密封良好，无泄漏风险；3. 材质要求：无裂纹、无气泡、无破损；4. 尺寸要求：内径、壁厚符合设计要求,C,12.0,采购件,,总装,STD,0.0017,16,23.17,16,1000,365,275,210
H97A6103012BA,右前门玻璃总成,PE袋,,1. 核心防护：防冲击、防划伤、防破碎；2. 外观要求：无气泡、无划痕、无杂质；,A,1.0,采购件,4.072,总装,轻钢,4.34,1148,963,184,40,1170,1030,880
H97D3605806AA,车窗防夹控制器,,,1. 核心防护：防震动、防潮湿、防静电、防冲击；2. 电气要求：绝缘性能良好，无短路风险；3. 外观要求：外壳无破损，接口无变形；4. 存储要求：温度-20~50℃，湿度≤60%,C,1.0,采购件,0.23,总装,纸箱,0.0129,,,,,,,
H97C1307042AB,中冷水泵总成,,,1. 核心防护：防损伤、防污损、防丢失；2. 外观要求：表面无划痕、无锈蚀、无破损；3. 尺寸要求：符合设计图纸要求；4. 通用要求：无明显质量缺陷,C,1.0,采购件,,,,/,/,/,/,/,/,/,/
H97Y1201005AA,前消声器总成,,,1. 核心防护：防损伤、防污损、防丢失；2. 外观要求：表面无划痕、无锈蚀、无破损；3. 尺寸要求：符合设计图纸要求；4. 通用要求：无明显质量缺陷,C,1.0,采购件,,总装,纸箱,6.5,2026,473,92,16,3000,1200,1200
HQ1841035T10L1,六角法兰面螺栓,,,1. 核心防护：防腐蚀、防丢失、防损伤；2. 材质要求：无锈蚀、无裂纹、无变形；,C,6.0,采购件,0.2,总装,STD,/,/,/,/,/,/,/,/
H97A3602004AD,左前轮速传感器总成,,,1. 核心防护：防震动、防潮湿、防静电、防冲击；2. 电气要求：绝缘性能良好，无短路风险；3. 外观要求：外壳无破损，接口无变形；4. 存储要求：温度-20~50℃，湿度≤60%,C,1.0,采购件,0.06,总装,纸箱,0.0086,,,,,,,
HQ140B0618L,六角头螺栓和平垫圈组合件,,,1. 核心防护：防腐蚀、防丢失、防损伤；2. 材质要求：无锈蚀、无裂纹、无变形；,C,12.0,采购件,0.019,总装,STD,/,/,/,/,/,/,/,/
H97D3724112AA,左前门饰板线束总成,,,1. 核心防护：防变形、防划伤、防碰撞；2. 尺寸要求：关键尺寸偏差≤±0.5mm；3. 表面要求：无凹陷、无划痕、无锈蚀；4. 材质要求：符合设计强度标准,C,1.0,采购件,,总装,纸箱,1.69,372.0,316.0,217.0,,650.0,435.0,260.0
H97C1311004AB,电机副水箱总成,,,1. 核心防护：防震动、防潮湿、防静电、防冲击；2. 电气要求：绝缘性能良好，无短路风险；3. 外观要求：外壳无破损，接口无变形；4. 存储要求：温度-20~50℃，湿度≤60%,C,1.0,采购件,0.965,总装,纸箱,,250.0,240.0,230.0,,1200.0,1000.0,1050.0
H97D3724305AE,前副车架线束总成,,,1. 核心防护：防损伤、防污损、防丢失；2. 外观要求：表面无划痕、无锈蚀、无破损；3. 尺寸要求：符合设计图纸要求；4. 通用要求：无明显质量缺陷,C,1.0,采购件,,总装,纸箱,0.007,25.0,6.0,6.0,,365.0,275.0,160.0
HQY1861050T10L1D,带导向六角法兰面螺栓和带齿垫圈组合件,,,1. 核心防护：防腐蚀、防丢失、防损伤；2. 材质要求：无锈蚀、无裂纹、无变形；,C,8.0,采购件,,总装,STD,/,/,/,/,/,/,/,/
H97A3923011AC,空调制冷剂标签,,,1. 核心防护：防磨损、防脱落、防污损；2. 内容要求：字迹清晰，信息完整准确；3. 粘贴要求：粘贴牢固，无气泡、无起翘；4. 耐久性：符合户外使用要求,C,1.0,采购件,,总装,STD,/,,,,4800,365,275,160
H97X5400005XA,左侧围总成,防锈袋,有,1. 核心防护：防损伤、防污损、防丢失；2. 外观要求：表面无划痕、无锈蚀、无破损；3. 尺寸要求：符合设计图纸要求；4. 通用要求：无明显质量缺陷,A,1.0,焊装自制件,,焊装件,铁架,0.01,3997,685,1605,,,,
H97A5518007AB,左A柱天窗排水管,,,1. 核心防护：防变形、防划伤、防碰撞；2. 尺寸要求：关键尺寸偏差≤±0.5mm；3. 表面要求：无凹陷、无划痕、无锈蚀；4. 材质要求：符合设计强度标准,C,1.0,采购件,0.165,总装,纸箱,0.2,1008,898,312,20,600,400,280
H97C5001094CA,ECU支架组件,,,1. 核心防护：防震动、防潮湿、防静电、防冲击；2. 电气要求：绝缘性能良好，无短路风险；3. 外观要求：外壳无破损，接口无变形；4. 存储要求：温度-20~50℃，湿度≤60%,C,1.0,采购件,0.421（±8%）,总装,纸箱,0.233,,,,,,,
H97C1000010AB,减振软垫1,,,1. 核心防护：防损伤、防污损、防丢失；2. 外观要求：表面无划痕、无锈蚀、无破损；3. 尺寸要求：符合设计图纸要求；4. 通用要求：无明显质量缺陷,C,2.0,采购件,0.025,总装,纸箱,,1020.0,80.0,50.0,,650.0,435.0,260.0
HQ32410T10L1U,六角法兰面承面带齿锁紧螺母,,,1. 核心防护：防腐蚀、防丢失、防损伤；2. 材质要求：无锈蚀、无裂纹、无变形；,C,8.0,采购件,,总装,STD,/,/,/,/,/,/,/,/
H97Y3630810RD,T-BOX,,,1. 核心防护：防损伤、防污损、防丢失；2. 外观要求：表面无划痕、无锈蚀、无破损；3. 尺寸要求：符合设计图纸要求；4. 通用要求：无明显质量缺陷,C,1.0,采购件,0.35,总装,纸箱,/,/,/,/,/,/,/,/
HQY80108,公差调节器,,,1. 核心防护：防损伤、防污损、防丢失；2. 外观要求：表面无划痕、无锈蚀、无破损；3. 尺寸要求：符合设计图纸要求；4. 通用要求：无明显质量缺陷,C,8.0,采购件,0.036,总装,STD,0.59,387.0,23.0,132.0,,600.0,400.0,280.0
H56A3719001AD,智能遥控钥匙,,,1. 核心防护：防损伤、防污损、防丢失；2. 外观要求：表面无划痕、无锈蚀、无破损；3. 尺寸要求：符合设计图纸要求；4. 通用要求：无明显质量缺陷,C,2.0,采购件,,,,0.035,76.51,42.47,16.53,48,380,235,185
HQ1840630,六角法兰面螺栓,,,1. 核心防护：防腐蚀、防丢失、防损伤；2. 材质要求：无锈蚀、无裂纹、无变形；,C,2.0,采购件,0.2,总装,STD,/,/,/,/,/,/,/,/
H97X3101060AA,右下裙边装饰件总成,,,1. 核心防护：防损伤、防污损、防丢失；2. 外观要求：表面无划痕、无锈蚀、无破损；3. 尺寸要求：符合设计图纸要求；4. 通用要求：无明显质量缺陷,B,1.0,采购件,,,,0.0454,,,,,,,
Q215B0616T1F62,内六角花型盘头螺钉,,,1. 核心防护：防腐蚀、防丢失、防损伤；2. 材质要求：无锈蚀、无裂纹、无变形；,C,5.0,采购件,,总装,STD,,48.0,22.0,18.0,,365.0,275.0,210.0
H97D1303041AA,前暖芯出水管,,,1. 核心防护：防挤压、防破损、防老化；2. 密封要求：接口密封良好，无泄漏风险；3. 材质要求：无裂纹、无气泡、无破损；4. 尺寸要求：内径、壁厚符合设计要求,C,1.0,采购件,,总装,纸箱,0.526,783,484,189,20,800,600,280
H97A5515010ABJK05,后背门下装饰板总成,,,1. 核心防护：防变形、防划伤、防碰撞；2. 尺寸要求：关键尺寸偏差≤±0.5mm；3. 表面要求：无凹陷、无划痕、无锈蚀；4. 材质要求：符合设计强度标准,B,1.0,采购件,2.506,总装,天地盖纸箱,3.047,1340,627,174,10,1600,1140,1900
H97A6309013AA,背门左撑杆下支架总成-带球头销,,,1. 核心防护：防腐蚀、防丢失、防损伤；2. 材质要求：无锈蚀、无裂纹、无变形；,C,1.0,采购件,0.08,总装,纸箱,0.0068,,,,,,,
H97A5511042AAJK05,右前门框上装饰件总成,,,1. 核心防护：防损伤、防污损、防丢失；2. 外观要求：表面无划痕、无锈蚀、无破损；3. 尺寸要求：符合设计图纸要求；4. 通用要求：无明显质量缺陷,B,1.0,采购件,0.24,总装,纸箱,0.008,,,,,,,
H97Z8212005BA,前排座椅左侧安全带主体总成,,,1. 核心防护：防污损、防变形、防划伤；2. 结构要求：骨架无变形，面料无破损；3. 功能要求：调节机构灵活，无卡滞；4. 外观要求：面料无污渍，缝线整齐,C,1.0,采购件,,,,1.45,884.87,152.39,177.83,8,650,435,160
H97A5501009AA,左CCB 连接支架,,,1. 核心防护：防损伤、防污损、防丢失；2. 外观要求：表面无划痕、无锈蚀、无破损；3. 尺寸要求：符合设计图纸要求；4. 通用要求：无明显质量缺陷,C,1.0,采购件,0.205,总装,纸箱,0.006,,,,,,,
Q673C38F62,A型钢带式弹性软管夹箍,,,1. 核心防护：防挤压、防破损、防老化；2. 密封要求：接口密封良好，无泄漏风险；3. 材质要求：无裂纹、无气泡、无破损；4. 尺寸要求：内径、壁厚符合设计要求,C,1.0,采购件,,总装,STD,0.0111,,,,,,,
H97D9201011AA,电池包总成,PE袋,,1. 核心防护：防震动、防潮湿、防静电、防冲击；2. 电气要求：绝缘性能良好，无短路风险；3. 外观要求：外壳无破损，接口无变形；4. 存储要求：温度-20~50℃，湿度≤60%,A,1.0,采购件,,,,0.342,1491.25,1362.4,149.54,1,1800,1600,210
H97X3629806AA,后左角雷达,,,1. 核心防护：防损伤、防污损、防丢失；2. 外观要求：表面无划痕、无锈蚀、无破损；3. 尺寸要求：符合设计图纸要求；4. 通用要求：无明显质量缺陷,C,1.0,采购件,0.085,总装,纸箱,0.092,2523.44,2353.13,270.77,30,600,400,1390
H97E1104011AB,燃油箱安装带2,,,1. 核心防护：防损伤、防污损、防丢失；2. 外观要求：表面无划痕、无锈蚀、无破损；3. 尺寸要求：符合设计图纸要求；4. 通用要求：无明显质量缺陷,C,1.0,采购件,0.83,总装,纸箱,0.65,508.85,73.7,136.89,18,650,450,210
1201140-RA51,消声器密封垫,,,1. 核心防护：防老化、防挤压、防变形；2. 材质要求：无裂纹、无异味、无破损；3. 尺寸要求：关键尺寸偏差≤±1.0mm；4. 性能要求：弹性符合设计标准,C,2.0,采购件,,总装,STD,0.05,54.42,84.28,102.05,450,400,300,150
H97A8405030AA,机舱右后装饰板总成,,,1. 核心防护：防变形、防划伤、防碰撞；2. 尺寸要求：关键尺寸偏差≤±0.5mm；3. 表面要求：无凹陷、无划痕、无锈蚀；4. 材质要求：符合设计强度标准,C,1.0,采购件,,总装,纸箱,0.054,72.0,10.0,10.0,,365.0,275.0,160.0
H97X6101120XA,右前门总成,防锈袋,有,1. 核心防护：防损伤、防污损、防丢失；2. 外观要求：表面无划痕、无锈蚀、无破损；3. 尺寸要求：符合设计图纸要求；4. 通用要求：无明显质量缺陷,A,1.0,焊装自制件,,,,,264.0,116.0,69.0,,650.0,435.0,330.0
H97A8405033AB,风窗流水槽盖板左密封件,,,1. 核心防护：防变形、防划伤、防碰撞；2. 尺寸要求：关键尺寸偏差≤±0.5mm；3. 表面要求：无凹陷、无划痕、无锈蚀；4. 材质要求：符合设计强度标准,C,1.0,采购件,,总装,纸箱,0.47,1220.0,80.0,50.0,,550.0,365.0,210.0
H97A5016013AA,贴片φ40,,,1. 核心防护：防损伤、防污损、防丢失；2. 外观要求：表面无划痕、无锈蚀、无破损；3. 尺寸要求：符合设计图纸要求；4. 通用要求：无明显质量缺陷,C,8.0,采购件,,总装,STD,0.0099,40,40,2,1400,365,275,160
H97C8108001CC,压缩机排出管总成,,,1. 核心防护：防挤压、防破损、防老化；2. 密封要求：接口密封良好，无泄漏风险；3. 材质要求：无裂纹、无气泡、无破损；4. 尺寸要求：内径、壁厚符合设计要求,C,1.0,采购件,,总装,纸箱,,547.0,412.0,128.0,,1140.0,1140.0,730.0
H97A6105008AA,前门外开拉丝总成,,,1. 核心防护：防损伤、防污损、防丢失；2. 外观要求：表面无划痕、无锈蚀、无破损；3. 尺寸要求：符合设计图纸要求；4. 通用要求：无明显质量缺陷,C,2.0,采购件,0.0409,总装,纸箱,0.24,986.0,451.0,198.0,,1330.0,1140.0,545.0
H97C5519001AA,前地板前地毯总成,,,1. 核心防护：防变形、防划伤、防碰撞；2. 尺寸要求：关键尺寸偏差≤±0.5mm；3. 表面要求：无凹陷、无划痕、无锈蚀；4. 材质要求：符合设计强度标准,B,1.0,采购件,3.44,总装,天地盖纸箱,,,,,,,,
HQ32005,六角法兰面螺母,,,1. 核心防护：防腐蚀、防丢失、防损伤；2. 材质要求：无锈蚀、无裂纹、无变形；,C,4.0,采购件,,总装,STD,/,/,/,/,/,/,/,/
H97A2804022AB,后保险杠右安装座,,,1. 核心防护：防损伤、防污损、防丢失；2. 外观要求：表面无划痕、无锈蚀、无破损；3. 尺寸要求：符合设计图纸要求；4. 通用要求：无明显质量缺陷,C,1.0,采购件,0.466,总装,纸箱,0.159,178.41,62.06,333.78,75,650,435,260
09409-06201,卡扣,,,1. 核心防护：防腐蚀、防丢失、防损伤；2. 材质要求：无锈蚀、无裂纹、无变形；,C,11.0,采购件,0.002,总装,STD,/,/,/,/,/,/,/,/
H97C3605872BD,电动背门控制器,,,1. 核心防护：防震动、防潮湿、防静电、防冲击；2. 电气要求：绝缘性能良好，无短路风险；3. 外观要求：外壳无破损，接口无变形；4. 存储要求：温度-20~50℃，湿度≤60%,C,1.0,采购件,0.13,总装,纸箱,0.148,171.08,98.37,42.17,36,650,435,260
H97A7909006AE,功率放大器,,,1. 核心防护：防损伤、防污损、防丢失；2. 外观要求：表面无划痕、无锈蚀、无破损；3. 尺寸要求：符合设计图纸要求；4. 通用要求：无明显质量缺陷,C,1.0,采购件,1.12,总装,纸箱,1.5,359.56,192.93,90.39,6,650,435,1390
6308105-RA01,车门上背门限位块堵盖,,,1. 核心防护：防损伤、防污损、防丢失；2. 外观要求：表面无划痕、无锈蚀、无破损；3. 尺寸要求：符合设计图纸要求；4. 通用要求：无明显质量缺陷,C,4.0,采购件,0.001,总装,纸箱,0.001,18.15,19.46,18.74,1000,400,300,230
H97D5120004AA,后部下防护板支架,,,1. 核心防护：防变形、防划伤、防碰撞；2. 尺寸要求：关键尺寸偏差≤±0.5mm；3. 表面要求：无凹陷、无划痕、无锈蚀；4. 材质要求：符合设计强度标准,C,1.0,采购件,,总装,纸箱,0.121,120.0,12.0,12.0,,365.0,275.0,160.0
H97A5300020CK,前围加强梁总成,防锈袋,有,1. 核心防护：防变形、防划伤、防碰撞；2. 尺寸要求：关键尺寸偏差≤±0.5mm；3. 表面要求：无凹陷、无划痕、无锈蚀；4. 材质要求：符合设计强度标准,A,1.0,焊装件,,总装,轻钢,10.87,1339,340,291,9,1600,1150,780
HQY1861068T10L1,六角法兰面螺栓,,,1. 核心防护：防腐蚀、防丢失、防损伤；2. 材质要求：无锈蚀、无裂纹、无变形；,C,4.0,采购件,0.2,总装,STD,/,/,/,/,/,/,/,/
H97D1303008BA,中通道出水软管,,,1. 核心防护：防挤压、防破损、防老化；2. 密封要求：接口密封良好，无泄漏风险；3. 材质要求：无裂纹、无气泡、无破损；4. 尺寸要求：内径、壁厚符合设计要求,C,1.0,采购件,0.479,总装,纸箱,0.034,40.0,10.0,10.0,,365.0,275.0,160.0
HQY38002,塑料螺母,,,1. 核心防护：防腐蚀、防丢失、防损伤；2. 材质要求：无锈蚀、无裂纹、无变形；,C,3.0,采购件,,总装,STD,/,/,/,/,/,/,/,/
HQY1400620,六角头螺栓和平垫圈组合件,,,1. 核心防护：防腐蚀、防丢失、防损伤；2. 材质要求：无锈蚀、无裂纹、无变形；,C,8.0,采购件,0.019,总装,STD,/,/,/,/,/,/,/,/
H97C5100015CF,左门槛内板总成,防锈袋,有,1. 核心防护：防变形、防划伤、防碰撞；2. 尺寸要求：关键尺寸偏差≤±0.5mm；3. 表面要求：无凹陷、无划痕、无锈蚀；4. 材质要求：符合设计强度标准,A,1.0,焊装件,,,,13.148,2349,364,333,6,2700,1600,590
H97A6207023AA,左后门轮眉防污条总成,,,1. 核心防护：防损伤、防污损、防丢失；2. 外观要求：表面无划痕、无锈蚀、无破损；3. 尺寸要求：符合设计图纸要求；4. 通用要求：无明显质量缺陷,C,1.0,采购件,0.185,总装,纸箱,0.0129,20.0,8.0,8.0,,365.0,275.0,160.0
H97B1303004AA,中通道进水硬管,,,1. 核心防护：防挤压、防破损、防老化；2. 密封要求：接口密封良好，无泄漏风险；3. 材质要求：无裂纹、无气泡、无破损；4. 尺寸要求：内径、壁厚符合设计要求,C,1.0,采购件,0.4,总装,纸箱,0.0117,16.0,8.0,8.0,,365.0,275.0,160.0
HQY2714816L2,内六角花形大半圆头自攻螺钉,,,1. 核心防护：防腐蚀、防丢失、防损伤；2. 材质要求：无锈蚀、无裂纹、无变形；,C,76.0,采购件,,总装,STD,/,/,/,/,/,/,/,/
Q673C23F62,钢带式弹性软管夹箍,,,1. 核心防护：防挤压、防破损、防老化；2. 密封要求：接口密封良好，无泄漏风险；3. 材质要求：无裂纹、无气泡、无破损；4. 尺寸要求：内径、壁厚符合设计要求,C,7.0,采购件,,总装,STD,/,/,/,/,/,/,/,/
HQ1840612L1,六角法兰面螺栓,,,1. 核心防护：防腐蚀、防丢失、防损伤；2. 材质要求：无锈蚀、无裂纹、无变形；,C,28.0,采购件,0.2,总装,STD,/,/,/,/,/,/,/,/
HQY40210Z1,前制动软管安装垫圈,,,1. 核心防护：防挤压、防破损、防老化；2. 密封要求：接口密封良好，无泄漏风险；3. 材质要求：无裂纹、无气泡、无破损；4. 尺寸要求：内径、壁厚符合设计要求,C,8.0,采购件,,,,/,/,/,/,/,/,/,/
H97B5120001AB,前部下防护板,,,1. 核心防护：防变形、防划伤、防碰撞；2. 尺寸要求：关键尺寸偏差≤±0.5mm；3. 表面要求：无凹陷、无划痕、无锈蚀；4. 材质要求：符合设计强度标准,C,1.0,采购件,,总装,天地盖纸箱,932,1690,813,52,65,2000,1140,750
H56A1300038AA,Ф20尼龙水管双管夹,,,1. 核心防护：防挤压、防破损、防老化；2. 密封要求：接口密封良好，无泄漏风险；3. 材质要求：无裂纹、无气泡、无破损；4. 尺寸要求：内径、壁厚符合设计要求,C,7.0,采购件,0.029,总装,STD,0.029,28,72,27.89,300,550,365,210
H97A5505006AABKGB,贯穿式储物盒胶垫,,,1. 核心防护：防损伤、防污损、防丢失；2. 外观要求：表面无划痕、无锈蚀、无破损；3. 尺寸要求：符合设计图纸要求；4. 通用要求：无明显质量缺陷,B,1.0,采购件,0.179,总装,纸箱,0.0056,243.95,167.64,26.12,78,650,435,260
H97C3502014AA,EPB控制器,,,1. 核心防护：防震动、防潮湿、防静电、防冲击；2. 电气要求：绝缘性能良好，无短路风险；3. 外观要求：外壳无破损，接口无变形；4. 存储要求：温度-20~50℃，湿度≤60%,C,1.0,采购件,0.2,总装,纸箱,0.2,147.3,33.35,114.71,26,600,400,148
H97X3727310AE,车身线束总成合件,,,1. 核心防护：防损伤、防污损、防丢失；2. 外观要求：表面无划痕、无锈蚀、无破损；3. 尺寸要求：符合设计图纸要求；4. 通用要求：无明显质量缺陷,C,1.0,采购件,/,总装,纸箱,25.8,4606.78,1561.83,1841.38,7,1140,980,110
H97Z6105013AA,车门锁扣总成,,,1. 核心防护：防损伤、防污损、防丢失；2. 外观要求：表面无划痕、无锈蚀、无破损；3. 尺寸要求：符合设计图纸要求；4. 通用要求：无明显质量缺陷,C,4.0,采购件,0.106,总装,纸箱,0.11,60.34,40.64,46.31,60,550,365,160
H97E5301101AA,前围横梁组件,,,1. 核心防护：防变形、防划伤、防碰撞；2. 尺寸要求：关键尺寸偏差≤±0.5mm；3. 表面要求：无凹陷、无划痕、无锈蚀；4. 材质要求：符合设计强度标准,B,1.0,采购件,,总装,纸箱,1.85,551,195,111,8,650,435,260
1104234-RA52,燃油管单管夹,,,1. 核心防护：防挤压、防破损、防老化；2. 密封要求：接口密封良好，无泄漏风险；3. 材质要求：无裂纹、无气泡、无破损；4. 尺寸要求：内径、壁厚符合设计要求,C,1.0,采购件,0.005,总装,纸箱,/,/,/,/,/,/,/,/
HQY1841022T9N1Y,前制动软管连接螺栓,,,1. 核心防护：防挤压、防破损、防老化；2. 密封要求：接口密封良好，无泄漏风险；3. 材质要求：无裂纹、无气泡、无破损；4. 尺寸要求：内径、壁厚符合设计要求,C,4.0,采购件,,,,/,/,/,/,/,/,/,/
H97C3101006AA,车轮总成,,,1. 核心防护：防损伤、防污损、防丢失；2. 外观要求：表面无划痕、无锈蚀、无破损；3. 尺寸要求：符合设计图纸要求；4. 通用要求：无明显质量缺陷,B,4.0,采购件,,总装,木箱,30,774,774,284,16,2300,1600,1000
H97E6207017AA,左后门密封条总成,,,1. 核心防护：防损伤、防污损、防丢失；2. 外观要求：表面无划痕、无锈蚀、无破损；3. 尺寸要求：符合设计图纸要求；4. 通用要求：无明显质量缺陷,B,1.0,采购件,0.4,总装,天地盖纸箱,0.0107,,,,,,,
H97Z7903901AA,后天线电缆合件,,,1. 核心防护：防损伤、防污损、防丢失；2. 外观要求：表面无划痕、无锈蚀、无破损；3. 尺寸要求：符合设计图纸要求；4. 通用要求：无明显质量缺陷,C,1.0,采购件,0.1563,总装,纸箱,0.0177,,,,,,,
H97D7000900ACUK02,第二排座椅60%靠背合件,,,1. 核心防护：防污损、防变形、防划伤；2. 结构要求：骨架无变形，面料无破损；3. 功能要求：调节机构灵活，无卡滞；4. 外观要求：面料无污渍，缝线整齐,B,1.0,采购件,,总装,天地盖纸箱,0.0612,,,,,,,
H97B2902005AC,左前空气弹簧支柱总成,,,1. 核心防护：防变形、防划伤、防碰撞；2. 尺寸要求：关键尺寸偏差≤±0.5mm；3. 表面要求：无凹陷、无划痕、无锈蚀；4. 材质要求：符合设计强度标准,C,1.0,采购件,,总装,纸箱,0.0086,,,,,,,
H37A3900002BB,随车工具总成,,,1. 核心防护：防污损、防丢失、防损坏；2. 内容要求：资料完整，无缺页、无破损；3. 外观要求：工具无锈蚀，表面无损伤；4. 完整性：数量齐全，无缺失,C,1.0,采购件,,总装,纸箱,0.1136,0.0,0.0,0.0,,650.0,435.0,260.0
Q215B0516,内六角花形盘头螺钉,,,1. 核心防护：防腐蚀、防丢失、防损伤；2. 材质要求：无锈蚀、无裂纹、无变形；,C,2.0,采购件,,总装,STD,/,/,/,/,/,/,/,/
H97X6400001XA,左前门总成,防锈袋,有,1. 核心防护：防损伤、防污损、防丢失；2. 外观要求：表面无划痕、无锈蚀、无破损；3. 尺寸要求：符合设计图纸要求；4. 通用要求：无明显质量缺陷,A,1.0,焊装自制件,,,,0.0068,,,,,,,
H97A7010004AA,中间支架盖板,,,1. 核心防护：防变形、防划伤、防碰撞；2. 尺寸要求：关键尺寸偏差≤±0.5mm；3. 表面要求：无凹陷、无划痕、无锈蚀；4. 材质要求：符合设计强度标准,C,1.0,采购件,0.088,总装,纸箱,0.007,,,,,,,
Q673C27F62K,钢带式弹性软管夹箍-预张开式,,,1. 核心防护：防挤压、防破损、防老化；2. 密封要求：接口密封良好，无泄漏风险；3. 材质要求：无裂纹、无气泡、无破损；4. 尺寸要求：内径、壁厚符合设计要求,C,2.0,采购件,,总装,STD,/,/,/,/,/,/,/,/
H97A2904016AA,前悬架右后上控制臂总成,,,1. 核心防护：防变形、防碰撞、防锈蚀；2. 强度要求：符合设计承载标准；3. 外观要求：无裂纹、无变形、无锈蚀；4. 性能要求：减震性能良好，无异常噪音,C,1.0,采购件,,总装,纸箱,0.0062,,,,,,,
H97A1174004AA,炭罐脱附管1,,,1. 核心防护：防挤压、防破损、防老化；2. 密封要求：接口密封良好，无泄漏风险；3. 材质要求：无裂纹、无气泡、无破损；4. 尺寸要求：内径、壁厚符合设计要求,C,1.0,采购件,0.055,总装,纸箱,0.11,2106,431,388,200,2300,1150,590
H56A1303069AA,四通控制阀总成,,,1. 核心防护：防损伤、防污损、防丢失；2. 外观要求：表面无划痕、无锈蚀、无破损；3. 尺寸要求：符合设计图纸要求；4. 通用要求：无明显质量缺陷,C,2.0,采购件,,,,/,/,/,/,/,/,/,/
H97C1174002AA,炭罐脱附管3,,,1. 核心防护：防挤压、防破损、防老化；2. 密封要求：接口密封良好，无泄漏风险；3. 材质要求：无裂纹、无气泡、无破损；4. 尺寸要求：内径、壁厚符合设计要求,C,1.0,采购件,0.1,总装,纸箱,/,/,/,/,/,/,/,/
H97D1109001AA,空气滤清器进气管总成,,,1. 核心防护：防挤压、防破损、防老化；2. 密封要求：接口密封良好，无泄漏风险；3. 材质要求：无裂纹、无气泡、无破损；4. 尺寸要求：内径、壁厚符合设计要求,C,1.0,采购件,,总装,纸箱,0.36,246.97,174,532.3,15,800,600,280
H97A6101042AB,右前车门防污条总成,,,1. 核心防护：防损伤、防污损、防丢失；2. 外观要求：表面无划痕、无锈蚀、无破损；3. 尺寸要求：符合设计图纸要求；4. 通用要求：无明显质量缺陷,C,1.0,采购件,0.106,总装,纸箱,0.169,2129,45,25,32,1100,550,330
H97C1001006AA,发动机前悬置支架,,,1. 核心防护：防损伤、防污损、防丢失；2. 外观要求：表面无划痕、无锈蚀、无破损；3. 尺寸要求：符合设计图纸要求；4. 通用要求：无明显质量缺陷,C,1.0,采购件,0.45,总装,纸箱,0.0072,,,,,,,
H97C8405020AB,发动机装饰罩总成,,,1. 核心防护：防损伤、防污损、防丢失；2. 外观要求：表面无划痕、无锈蚀、无破损；3. 尺寸要求：符合设计图纸要求；4. 通用要求：无明显质量缺陷,B,1.0,采购件,,总装,天地盖纸箱,1.573,1119,108.23,500.9,32,1270,1180,1150
H97B1303007AA,水泵出水软管,,,1. 核心防护：防挤压、防破损、防老化；2. 密封要求：接口密封良好，无泄漏风险；3. 材质要求：无裂纹、无气泡、无破损；4. 尺寸要求：内径、壁厚符合设计要求,C,1.0,采购件,,总装,纸箱,/,/,/,/,/,/,/,/
H97A2941002AA,制动管路9号总成,,,1. 核心防护：防挤压、防破损、防老化；2. 密封要求：接口密封良好，无泄漏风险；3. 材质要求：无裂纹、无气泡、无破损；4. 尺寸要求：内径、壁厚符合设计要求,B,1.0,采购件,0.3,总装,轻钢,0.365,2710.7,234.69,1344.65,100,3000,1140,1900
HQY1401251T10L1U,六角法兰面螺栓和平垫圈组合件,,,1. 核心防护：防腐蚀、防丢失、防损伤；2. 材质要求：无锈蚀、无裂纹、无变形；,C,4.0,采购件,0.022,总装,STD,/,/,/,/,/,/,/,/
H97A5533010AA,后吹面风道前段总成,,,1. 核心防护：防损伤、防污损、防丢失；2. 外观要求：表面无划痕、无锈蚀、无破损；3. 尺寸要求：符合设计图纸要求；4. 通用要求：无明显质量缺陷,C,1.0,采购件,0.325,总装,纸箱,0.0356,50.0,31.0,53.0,,550.0,365.0,210.0
H97D3718021AA,行李箱右照明灯,,,1. 核心防护：防损伤、防污损、防丢失；2. 外观要求：表面无划痕、无锈蚀、无破损；3. 尺寸要求：符合设计图纸要求；4. 通用要求：无明显质量缺陷,C,1.0,采购件,0.01,总装,纸箱,0.001,18.0,18.0,17.0,,400.0,300.0,230.0
H97X5400010XA,右侧围总成,防锈袋,有,1. 核心防护：防损伤、防污损、防丢失；2. 外观要求：表面无划痕、无锈蚀、无破损；3. 尺寸要求：符合设计图纸要求；4. 通用要求：无明显质量缺陷,A,1.0,焊装自制件,,焊装件,铁架,,3997,685,1605,,600.0,400.0,230.0
HQY215B1035T10L2D,内六角花型大盘头螺栓,,,1. 核心防护：防腐蚀、防丢失、防损伤；2. 材质要求：无锈蚀、无裂纹、无变形；,C,12.0,采购件,,总装,STD,/,/,/,/,/,/,/,/
HQ18512120T10L1U,六角法兰面螺栓,,,1. 核心防护：防腐蚀、防丢失、防损伤；2. 材质要求：无锈蚀、无裂纹、无变形；,C,1.0,采购件,0.2,总装,STD,/,/,/,/,/,/,/,/
H97A8402017AA,发动机罩气动撑杆,,,1. 核心防护：防损伤、防污损、防丢失；2. 外观要求：表面无划痕、无锈蚀、无破损；3. 尺寸要求：符合设计图纸要求；4. 通用要求：无明显质量缺陷,C,2.0,采购件,0.188,总装,纸箱,0.22,246,155,20,45,550,365,160
H97A2941012AC,右后空气弹簧管路,,,1. 核心防护：防挤压、防破损、防老化；2. 密封要求：接口密封良好，无泄漏风险；3. 材质要求：无裂纹、无气泡、无破损；4. 尺寸要求：内径、壁厚符合设计要求,C,1.0,采购件,0.027,总装,纸箱,0.05,727.03,710.45,228.38,40,1100,550,330
HQ1860616L,六角法兰面螺栓,,,1. 核心防护：防腐蚀、防丢失、防损伤；2. 材质要求：无锈蚀、无裂纹、无变形；,C,6.0,采购件,0.2,总装,STD,/,/,/,/,/,/,/,/
H97D3724116AA,左后门饰板线束总成,,,1. 核心防护：防变形、防划伤、防碰撞；2. 尺寸要求：关键尺寸偏差≤±0.5mm；3. 表面要求：无凹陷、无划痕、无锈蚀；4. 材质要求：符合设计强度标准,C,1.0,采购件,,总装,纸箱,0.2,125.0,33.0,33.0,,365.0,275.0,160.0
HQ1860850L1,六角法兰面螺栓,,,1. 核心防护：防腐蚀、防丢失、防损伤；2. 材质要求：无锈蚀、无裂纹、无变形；,C,4.0,采购件,0.2,总装,STD,/,/,/,/,/,/,/,/
HQY645003,制动管路三管夹,,,1. 核心防护：防挤压、防破损、防老化；2. 密封要求：接口密封良好，无泄漏风险；3. 材质要求：无裂纹、无气泡、无破损；4. 尺寸要求：内径、壁厚符合设计要求,C,4.0,采购件,0.007,总装,纸箱,/,/,/,/,/,/,/,/
H97A8402031AB,左前罩板铰链总成,,,1. 核心防护：防变形、防划伤、防碰撞；2. 尺寸要求：关键尺寸偏差≤±0.5mm；3. 表面要求：无凹陷、无划痕、无锈蚀；4. 材质要求：符合设计强度标准,B,1.0,采购件,,总装,纸箱,0.034,40.0,10.0,10.0,,365.0,275.0,160.0
H97A3716002AD,右后组合灯固定侧,,,1. 核心防护：防损伤、防污损、防丢失；2. 外观要求：表面无划痕、无锈蚀、无破损；3. 尺寸要求：符合设计图纸要求；4. 通用要求：无明显质量缺陷,B,1.0,采购件,0.9,总装,纸箱,1.18,392.55,252.15,160.55,2,650,435,260
H97Z8212010BA,前排座椅右侧安全带主体总成,,,1. 核心防护：防污损、防变形、防划伤；2. 结构要求：骨架无变形，面料无破损；3. 功能要求：调节机构灵活，无卡滞；4. 外观要求：面料无污渍，缝线整齐,C,1.0,采购件,,,,1.45,885.87,153.39,182.7,8,650,435,160
H97D6107012AB,右前门窗台外密封条总成,,,1. 核心防护：防损伤、防污损、防丢失；2. 外观要求：表面无划痕、无锈蚀、无破损；3. 尺寸要求：符合设计图纸要求；4. 通用要求：无明显质量缺陷,C,1.0,采购件,0.323,总装,纸箱,0.55,1058,79,41,32,1200,400,230
H97B8201008BA,内后视镜前装饰罩,,,1. 核心防护：防损伤、防污损、防丢失；2. 外观要求：表面无划痕、无锈蚀、无破损；3. 尺寸要求：符合设计图纸要求；4. 通用要求：无明显质量缺陷,C,1.0,采购件,,总装,纸箱,0.185,299.21,132.18,228.07,5,600,400,210
H97D1303122AA,三通比例阀出水管总成,,,1. 核心防护：防挤压、防破损、防老化；2. 密封要求：接口密封良好，无泄漏风险；3. 材质要求：无裂纹、无气泡、无破损；4. 尺寸要求：内径、壁厚符合设计要求,C,1.0,采购件,,,,0.0129,20.0,8.0,8.0,,365.0,275.0,160.0
H97A5006125AA,前风窗玻璃左装饰条总成,,,1. 核心防护：防冲击、防划伤、防破碎；2. 外观要求：无气泡、无划痕、无杂质；,C,1.0,采购件,,总装,纸箱,0.268,949,568,122,18,1200,400,230
H97D5013006AA,前围内隔音垫,,,1. 核心防护：防损伤、防污损、防丢失；2. 外观要求：表面无划痕、无锈蚀、无破损；3. 尺寸要求：符合设计图纸要求；4. 通用要求：无明显质量缺陷,C,1.0,采购件,5.4,总装,天地盖纸箱,12.072,1494,827,532,18,1600,1140,1150
H97A7903006AA,正极滤波器,,,1. 核心防护：防损伤、防污损、防丢失；2. 外观要求：表面无划痕、无锈蚀、无破损；3. 尺寸要求：符合设计图纸要求；4. 通用要求：无明显质量缺陷,C,1.0,采购件,0.055,总装,纸箱,0.055,139.43,64.91,107.47,64,435,325,210
HQY69601,子母扣,,,1. 核心防护：防损伤、防污损、防丢失；2. 外观要求：表面无划痕、无锈蚀、无破损；3. 尺寸要求：符合设计图纸要求；4. 通用要求：无明显质量缺陷,C,8.0,采购件,,总装,STD,/,/,/,/,/,/,/,/
H97D9322001BA,前舱高压盒总成,,,1. 核心防护：防震动、防潮湿、防静电、防冲击；2. 电气要求：绝缘性能良好，无短路风险；3. 外观要求：外壳无破损，接口无变形；4. 存储要求：温度-20~50℃，湿度≤60%,C,1.0,采购件,2,总装,纸箱,0.007,20.0,6.0,6.0,,365.0,275.0,160.0
H97A1104024AA,燃油间隙管夹,,,1. 核心防护：防挤压、防破损、防老化；2. 密封要求：接口密封良好，无泄漏风险；3. 材质要求：无裂纹、无气泡、无破损；4. 尺寸要求：内径、壁厚符合设计要求,C,1.0,采购件,0.003,总装,纸箱,0.0063,16.0,6.0,6.0,,365.0,275.0,160.0
Q673C26F62K,钢带式弹性软管夹箍-预张开式,,,1. 核心防护：防挤压、防破损、防老化；2. 密封要求：接口密封良好，无泄漏风险；3. 材质要求：无裂纹、无气泡、无破损；4. 尺寸要求：内径、壁厚符合设计要求,C,2.0,采购件,,总装,STD,/,/,/,/,/,/,/,/
H97D1303045AA,三通到chiller2水管,,,1. 核心防护：防挤压、防破损、防老化；2. 密封要求：接口密封良好，无泄漏风险；3. 材质要求：无裂纹、无气泡、无破损；4. 尺寸要求：内径、壁厚符合设计要求,C,1.0,采购件,,总装,纸箱,,,,,,365.0,275.0,85.0
H97D3101040AAPK01,右后轮眉装饰件总成前段,,,1. 核心防护：防损伤、防污损、防丢失；2. 外观要求：表面无划痕、无锈蚀、无破损；3. 尺寸要求：符合设计图纸要求；4. 通用要求：无明显质量缺陷,B,1.0,采购件,0.199,总装,纸箱,0.006,,,,,,,
H97A5207007AA,前管路总成,,,1. 核心防护：防挤压、防破损、防老化；2. 密封要求：接口密封良好，无泄漏风险；3. 材质要求：无裂纹、无气泡、无破损；4. 尺寸要求：内径、壁厚符合设计要求,C,1.0,采购件,0.135,总装,纸箱,0.0171,,,,,,,
H97D5520110AABEGA,右后侧围内饰板总成,,,1. 核心防护：防变形、防划伤、防碰撞；2. 尺寸要求：关键尺寸偏差≤±0.5mm；3. 表面要求：无凹陷、无划痕、无锈蚀；4. 材质要求：符合设计强度标准,B,1.0,采购件,2.046,总装,天地盖纸箱,0.0116,,,,,,,
H97C5013010AB,行李箱地板内隔音垫,,,1. 核心防护：防变形、防划伤、防碰撞；2. 尺寸要求：关键尺寸偏差≤±0.5mm；3. 表面要求：无凹陷、无划痕、无锈蚀；4. 材质要求：符合设计强度标准,C,1.0,采购件,3,总装,天地盖纸箱,3.9,1070,724,200,30,1330,1140,1050
H97X5006018XA,前端模块总成,PE袋,,1. 核心防护：防震动、防潮湿、防静电、防冲击；2. 电气要求：绝缘性能良好，无短路风险；3. 外观要求：外壳无破损，接口无变形；4. 存储要求：温度-20~50℃，湿度≤60%,A,1.0,自制件,,总装,天地盖纸箱,0.0177,1390,515,750,,,,
H97A5001041AB,前排左前拉手支架组件,,,1. 核心防护：防损伤、防污损、防丢失；2. 外观要求：表面无划痕、无锈蚀、无破损；3. 尺寸要求：符合设计图纸要求；4. 通用要求：无明显质量缺陷,C,1.0,采购件,0.116（±8%）,总装,纸箱,0.0612,,,,,,,
HQ140B0830X2L,六角头螺栓和平垫圈组合件,,,1. 核心防护：防腐蚀、防丢失、防损伤；2. 材质要求：无锈蚀、无裂纹、无变形；,C,8.0,采购件,0.019,总装,STD,/,/,/,/,/,/,/,/
H97A6203012AA,右后门玻璃导槽总成,,,1. 核心防护：防冲击、防划伤、防破碎；2. 外观要求：无气泡、无划痕、无杂质；,B,1.0,采购件,0.898,总装,天地盖纸箱,,945.0,50.0,50.0,,650.0,435.0,260.0
H97C8212011BA,后排单带扣组件,,,1. 核心防护：防损伤、防污损、防丢失；2. 外观要求：表面无划痕、无锈蚀、无破损；3. 尺寸要求：符合设计图纸要求；4. 通用要求：无明显质量缺陷,C,1.0,采购件,0.26,总装,纸箱,0.102,500.0,200.0,100.0,,600.0,400.0,220.0
HQ33912,非金属嵌件六角法兰面锁紧螺母,,,1. 核心防护：防腐蚀、防丢失、防损伤；2. 材质要求：无锈蚀、无裂纹、无变形；,C,1.0,采购件,,总装,STD,/,/,/,/,/,/,/,/
DUMMYSCZL00GA,随车资料包,,,1. 核心防护：防污损、防丢失、防损坏；2. 内容要求：资料完整，无缺页、无破损；3. 外观要求：工具无锈蚀，表面无损伤；4. 完整性：数量齐全，无缺失,C,1.0,采购件,,,,0.257,216.0,83.0,27.0,,365.0,275.0,210.0
H97A5300030AE,右A柱内板下部总成,防锈袋,有,1. 核心防护：防变形、防划伤、防碰撞；2. 尺寸要求：关键尺寸偏差≤±0.5mm；3. 表面要求：无凹陷、无划痕、无锈蚀；4. 材质要求：符合设计强度标准,A,1.0,焊装件,,焊装件,轻钢,0.008,9.0,18.0,18.0,,365.0,275.0,160.0
H97A5006149AA,导水板,,,1. 核心防护：防变形、防划伤、防碰撞；2. 尺寸要求：关键尺寸偏差≤±0.5mm；3. 表面要求：无凹陷、无划痕、无锈蚀；4. 材质要求：符合设计强度标准,C,1.0,采购件,0.167,总装,纸箱,0.1,232,130,100,30,650,435,260
4108010-RA01,牌照灯,,,,,,,,,,9.191,2210.0,1200.0,190.0,,,,
H56A5006799AA,卡扣,,,,,,,0.002,总装,STD,/,/,/,/,/,/,/,/
H97A3602009AA,脚踢感应条,,,,,,,,,,0.06,221.0,75.0,75.0,,650.0,240.0,150.0
H97A3711003AD,左前位置灯,,,,,,,,,,1.15,398,206,81,10,1100,550,330
H97A3711004AD,右前位置灯,,,,,,,,,,1.15,398,206,81,10,1100,550,330
H97A3716003AC,左后雾灯,,,,,,,,,,0.749,832.0,149.0,89.0,,1100.0,550.0,330.0
H97A3716004AC,右后雾灯,,,,,,,,,,0.898,850.0,620.0,35.0,,1450.0,1130.0,1050.0
H97A7903003AB,鲨鱼鳍天线,,,,,,,0.483,总装,纸箱,0.13,220.0,69.0,30.0,,650.0,435.0,260.0
H97C2803002AB,前保险杠下蒙皮,,,,,,,,,,0.13,220.0,69.0,30.0,,650.0,435.0,260.0
H97C2803006AA,前保险杠蒙皮,,,,,,,,,,0.131,123.0,12.0,12.0,,365.0,275.0,160.0
H97C2803011AA,前号牌架,,,,,,,,,,0.081,110.0,10.0,10.0,,365.0,275.0,160.0
H97C2803022BA,右前雷达支架1,,,,,,,,,,3.47,1580.0,80.0,50.0,,550.0,365.0,210.0
H97C2803023BA,左前雷达支架2,,,,,,,,,,0.2,125.0,33.0,33.0,,365.0,275.0,160.0
H97C2803024BA,右前雷达支架2,,,,,,,,,,0.093,97.0,25.0,25.0,,300.0,200.0,148.0
H97C2803096AA,前保险杠左下装饰板总成,,,,,,,,,,0.121,120.0,12.0,12.0,,365.0,275.0,160.0
H97C2803097AA,前保险杠右下装饰板总成,,,,,,,,,,0.06,50.0,10.0,10.0,,365.0,275.0,160.0
H97C2804009AA,后托钩堵盖,,,,,,,,,,0.0266,58.0,18.0,18.0,,365.0,275.0,160.0
H97C2804011AB,后保险杠中间装饰条,,,,,,,,,,0.024,50.0,8.0,8.0,,365.0,275.0,160.0
H97C2804013BA,左后雷达支架,,,,,,,,,,0.0295,35.0,10.0,10.0,,365.0,275.0,160.0
H97C2804014BA,右后雷达支架,,,,,,,,,,0.026,25.0,10.0,10.0,,365.0,275.0,160.0
H97C2804015BA,左后雷达支架2,,,,,,,,,,0.018,16.0,8.0,8.0,,365.0,275.0,160.0
H97C2804016BA,右后雷达支架2,,,,,,,,,,0.0102,42.0,14.0,14.0,,300.0,200.0,148.0
H97C2804040AA,后保险杠右侧堵盖,,,,,,,,,,0.0129,20.0,8.0,8.0,,365.0,275.0,160.0
H97C3629012AB,前向毫米波雷达安装支架,,,,,,,,,,0.0087,30.0,6.0,6.0,,365.0,275.0,160.0
H97D2803018AB,前保险杠右支撑板,,,,,,,,,,0.0078,25.0,6.0,6.0,,365.0,275.0,160.0
H97D2803040AA,前保险杠左装饰条,,,,,,,,,,0.007,20.0,6.0,6.0,,365.0,275.0,160.0
H97D2803041AA,前保险杠右装饰条,,,,,,,,,,0.0063,16.0,6.0,6.0,,365.0,275.0,160.0
H97D3724122AD,后保险杠线束总成,,,,,,,,,,0.006,12.0,6.0,6.0,,365.0,275.0,160.0
H97D3785001AAPK01,泊车雷达传感器（Z型）,,,,,,,,,,,,,,,365.0,275.0,85.0
H97D3785004AA,泊车雷达传感器,,,,,,,,,,0.0056,,,,,,,
H97D3785004AABK01,泊车雷达传感器,,,,,,,,,,0.0063,,,,,,,
H97D3785004AAPK01,泊车雷达传感器,,,,,,,,,,0.0091,,,,,,,
H97D7914001AA,前环视摄像头总成,,,,,,,,,,0.006,,,,,,,
H97D7914002AB,后环视摄像头总成,,,,,,,,,,0.0295,,,,,,,
H97E8202014AA,右外后视镜镜片总成,,,,,,,,,,0.0116,,,,,,,
H97X2804039AA,后号牌架,,,,,,,,,,0.0085,,,,,,,
H97X3101026AA,左前轮眉装饰件本体,,,,,,,,,,0.0129,,,,,,,
H97X3101044AAPK01,左前轮眉下饰板,,,,,,,,,,0.0612,,,,,,,
H97X3101048AAPK01,右前轮眉上饰板,,,,,,,,,,0.0086,,,,,,,
H97X3101049AAPK01,右前轮眉下饰板,,,,,,,,,,0.42,728.0,167.0,88.0,,1330.0,900.0,1150.0
H97X3629803AA,前向毫米波雷达,,,,,,,,,,0.252,752.71,259.19,454.6,56,600,400,280
H97X3629830AA,前左角雷达,,,,,,,,,,0.085,2076.48,270.77,2755.56,30,600,400,280
H97Y8202019AA,左外后视镜装饰罩,,,,,,,,,,0.02,45.0,45.0,30.0,,435.0,325.0,210.0
H97Y8202020AA,右外后视镜装饰罩,,,,,,,,,,0.005,76.0,39.0,9.0,,365.0,275.0,160.0
H97Y8202022AA,左外镜体总成,,,,,,,,,,0.005,76.0,39.0,9.0,,365.0,275.0,160.0
H97Y8202027AA,右外镜体总成,,,,,,,,,,0.01,,,,,,,
Q2714216,十字槽盘头自攻螺钉-C型,,,,,,,,总装,STD,/,/,/,/,/,/,/,/
Q2734216,十字槽大半圆头自攻螺钉-C型,,,,,,,,总装,STD,/,/,/,/,/,/,/,/
,,,,,,,,,,,2.47,774.0,182.0,120.0,,1200.0,1000.0,1000.0
