零件号,零件名称,包装袋情况,干燥剂情况,零件质量要求,包装等级分类,单车用量,零件分类,零件种类,零件重量KG,零件尺寸L,零件尺寸W,零件尺寸H
H97A2904015AA,前悬架左后上控制臂总成,,,1. 核心防护：防变形、防碰撞、防锈蚀；2. 强度要求：符合设计承载标准；3. 外观要求：无裂纹、无变形、无锈蚀；4. 性能要求：减震性能良好，无异常噪音,C,1.0,采购件,总装,0.0145,35.0,10.0,10.0
H97A5016003AA,贴片 Φ30,,,1. 核心防护：防损伤、防污损、防丢失；2. 外观要求：表面无划痕、无锈蚀、无破损；3. 尺寸要求：符合设计图纸要求；4. 通用要求：无明显质量缺陷,C,41.0,采购件,总装,0.0056,30,3.52,29.98
H97A7010002AA,右后排座椅靠背总成固定锁销,,,1. 核心防护：防腐蚀、防丢失、防损伤；2. 材质要求：无锈蚀、无裂纹、无变形；,C,1.0,采购件,总装,2.3,1690.0,1583.0,176.0
H97E6301080AA,后背门右侧扰流板总成,,,1. 核心防护：防变形、防划伤、防碰撞；2. 尺寸要求：关键尺寸偏差≤±0.5mm；3. 表面要求：无凹陷、无划痕、无锈蚀；4. 材质要求：符合设计强度标准,B,1.0,采购件,总装,0.509,1546,481,293
H97A5520085ADTE15,左B柱上饰板总成,,,1. 核心防护：防变形、防划伤、防碰撞；2. 尺寸要求：关键尺寸偏差≤±0.5mm；3. 表面要求：无凹陷、无划痕、无锈蚀；4. 材质要求：符合设计强度标准,C,1.0,采购件,总装,0.743,570,272,180
H97A5522001CB,行李箱地毯总成,,,1. 核心防护：防损伤、防污损、防丢失；2. 外观要求：表面无划痕、无锈蚀、无破损；3. 尺寸要求：符合设计图纸要求；4. 通用要求：无明显质量缺陷,B,1.0,采购件,总装,0.002,20.0,20.0,20.0
H97A5301057AB,前防撞梁连接板（左）,,,1. 核心防护：防变形、防划伤、防碰撞；2. 尺寸要求：关键尺寸偏差≤±0.5mm；3. 表面要求：无凹陷、无划痕、无锈蚀；4. 材质要求：符合设计强度标准,B,1.0,焊装件,焊装件,0.0013,36.0,20.0,20.0
H97A5205012AA,右前雨刮臂总成,,,1. 核心防护：防损伤、防污损、防丢失；2. 外观要求：表面无划痕、无锈蚀、无破损；3. 尺寸要求：符合设计图纸要求；4. 通用要求：无明显质量缺陷,C,1.0,采购件,总装,0.543,649,101,74
H97A3716008AA,后组合灯移动侧右侧板,,,1. 核心防护：防变形、防划伤、防碰撞；2. 尺寸要求：关键尺寸偏差≤±0.5mm；3. 表面要求：无凹陷、无划痕、无锈蚀；4. 材质要求：符合设计强度标准,C,1.0,采购件,总装,0.05,172.93,99.94,87.82
H97A5501080AABEGA,仪表板右端盖总成,,,1. 核心防护：防变形、防划伤、防碰撞；2. 尺寸要求：关键尺寸偏差≤±0.5mm；3. 表面要求：无凹陷、无划痕、无锈蚀；4. 材质要求：符合设计强度标准,C,1.0,采购件,总装,0.172,460.93,143.75,93.43
H97C3721002AB,高音喇叭,,,1. 核心防护：防损伤、防污损、防丢失；2. 外观要求：表面无划痕、无锈蚀、无破损；3. 尺寸要求：符合设计图纸要求；4. 通用要求：无明显质量缺陷,C,1.0,采购件,总装,0.24,135,95,83
H97A5006065AC,左后门C柱装饰板总成,,,1. 核心防护：防变形、防划伤、防碰撞；2. 尺寸要求：关键尺寸偏差≤±0.5mm；3. 表面要求：无凹陷、无划痕、无锈蚀；4. 材质要求：符合设计强度标准,B,1.0,采购件,总装,0.423,207.95,139.73,451.7
HQY215B0612,内六角花形大盘头螺钉,,,1. 核心防护：防腐蚀、防丢失、防损伤；2. 材质要求：无锈蚀、无裂纹、无变形；,C,4.0,采购件,总装,0.593,461.0,267.0,83.0
H97A2803033AA,前保险杠左上安装座,,,1. 核心防护：防损伤、防污损、防丢失；2. 外观要求：表面无划痕、无锈蚀、无破损；3. 尺寸要求：符合设计图纸要求；4. 通用要求：无明显质量缺陷,C,1.0,采购件,总装,2.9,1180.0,1150.0,60.0
H56A1104023AA,油管双管夹Ⅱ,,,1. 核心防护：防挤压、防破损、防老化；2. 密封要求：接口密封良好，无泄漏风险；3. 材质要求：无裂纹、无气泡、无破损；4. 尺寸要求：内径、壁厚符合设计要求,C,3.0,采购件,总装,0.016,14,60.4,27
H97Y2804005ABBK01,后保险杠总成,,,1. 核心防护：防损伤、防污损、防丢失；2. 外观要求：表面无划痕、无锈蚀、无破损；3. 尺寸要求：符合设计图纸要求；4. 通用要求：无明显质量缺陷,B,1.0,涂装件,总装,0.06,1896.24,800,820.24
H97A6103007AA,左前门玻璃导槽总成,,,1. 核心防护：防冲击、防划伤、防破碎；2. 外观要求：无气泡、无划痕、无杂质；,B,1.0,采购件,总装,0.97,985,959,201
H97A5001047AB,前排右后拉手支架组件,,,1. 核心防护：防损伤、防污损、防丢失；2. 外观要求：表面无划痕、无锈蚀、无破损；3. 尺寸要求：符合设计图纸要求；4. 通用要求：无明显质量缺陷,C,1.0,采购件,总装,0.168,433.0,193.0,33.0
H97C2803027AA,散热器导流框,,,1. 核心防护：防损伤、防污损、防丢失；2. 外观要求：表面无划痕、无锈蚀、无破损；3. 尺寸要求：符合设计图纸要求；4. 通用要求：无明显质量缺陷,C,1.0,采购件,总装,0.0145,50.0,50.0,12.0
H97A5525001AATE15,左遮阳板,,,1. 核心防护：防变形、防划伤、防碰撞；2. 尺寸要求：关键尺寸偏差≤±0.5mm；3. 表面要求：无凹陷、无划痕、无锈蚀；4. 材质要求：符合设计强度标准,C,1.0,采购件,总装,0.53,440.67,194.44,79.54
H97A6207028AA,右后门防水膜,,,1. 核心防护：防损伤、防污损、防丢失；2. 外观要求：表面无划痕、无锈蚀、无破损；3. 尺寸要求：符合设计图纸要求；4. 通用要求：无明显质量缺陷,C,1.0,采购件,总装,0.02,438.85,435.86,60.08
H97A1104014AA,油箱隔离阀导管,,,1. 核心防护：防挤压、防破损、防老化；2. 密封要求：接口密封良好，无泄漏风险；3. 材质要求：无裂纹、无气泡、无破损；4. 尺寸要求：内径、壁厚符合设计要求,C,1.0,采购件,总装,0.016,58.0,27.0,14.0
H97Z3923006AB,充电指示标签,,,1. 核心防护：防磨损、防脱落、防污损；2. 内容要求：字迹清晰，信息完整准确；3. 粘贴要求：粘贴牢固，无气泡、无起翘；4. 耐久性：符合户外使用要求,C,1.0,采购件,总装,1.65,2445.0,90.0,45.0
H97C3923004AC,胎压警示标签,,,1. 核心防护：防磨损、防脱落、防污损；2. 内容要求：字迹清晰，信息完整准确；3. 粘贴要求：粘贴牢固，无气泡、无起翘；4. 耐久性：符合户外使用要求,C,1.0,采购件,总装,0.001,78,56,32
H97D9246001BA,电池包流入管总成,,,1. 核心防护：防挤压、防破损、防老化；2. 密封要求：接口密封良好，无泄漏风险；3. 材质要求：无裂纹、无气泡、无破损；4. 尺寸要求：内径、壁厚符合设计要求,C,1.0,采购件,总装,0.093,97.0,25.0,25.0
H97A5526001AAJG08,前排安全拉手,,,1. 核心防护：防损伤、防污损、防丢失；2. 外观要求：表面无划痕、无锈蚀、无破损；3. 尺寸要求：符合设计图纸要求；4. 通用要求：无明显质量缺陷,C,2.0,采购件,总装,0.121,120.0,12.0,12.0
H97D5013007AB,前围外隔音垫,,,1. 核心防护：防损伤、防污损、防丢失；2. 外观要求：表面无划痕、无锈蚀、无破损；3. 尺寸要求：符合设计图纸要求；4. 通用要求：无明显质量缺陷,C,1.0,采购件,总装,5.399,899,453,125
H97A7909007BA,低音扬声器,,,1. 核心防护：防损伤、防污损、防丢失；2. 外观要求：表面无划痕、无锈蚀、无破损；3. 尺寸要求：符合设计图纸要求；4. 通用要求：无明显质量缺陷,B,2.0,采购件,总装,0.034,40.0,10.0,10.0
H97C5505019AABKAA,上面板总成,,,1. 核心防护：防变形、防划伤、防碰撞；2. 尺寸要求：关键尺寸偏差≤±0.5mm；3. 表面要求：无凹陷、无划痕、无锈蚀；4. 材质要求：符合设计强度标准,C,1.0,采购件,总装,0.67,361,343,65
H77A6105900AA,锁芯及机械钥匙合件,,,1. 核心防护：防损伤、防污损、防丢失；2. 外观要求：表面无划痕、无锈蚀、无破损；3. 尺寸要求：符合设计图纸要求；4. 通用要求：无明显质量缺陷,C,1.0,采购件,总装,0.022,44.29,90.61,40.93
H97A6309002AA,车体上背门限位器,,,1. 核心防护：防损伤、防污损、防丢失；2. 外观要求：表面无划痕、无锈蚀、无破损；3. 尺寸要求：符合设计图纸要求；4. 通用要求：无明显质量缺陷,C,2.0,采购件,总装,0.019,34.32,43.66,39.6
H97A3102001ABPK01,车轮装饰盖,,,1. 核心防护：防损伤、防污损、防丢失；2. 外观要求：表面无划痕、无锈蚀、无破损；3. 尺寸要求：符合设计图纸要求；4. 通用要求：无明显质量缺陷,C,4.0,采购件,总装,0.031,69.24,69.24,28.58
H97A5515015ABJK05,后背门左侧装饰板总成,,,1. 核心防护：防变形、防划伤、防碰撞；2. 尺寸要求：关键尺寸偏差≤±0.5mm；3. 表面要求：无凹陷、无划痕、无锈蚀；4. 材质要求：符合设计强度标准,C,1.0,采购件,总装,0.31,479,254,216
H97A6205011AA,后门外开拉丝总成,,,1. 核心防护：防损伤、防污损、防丢失；2. 外观要求：表面无划痕、无锈蚀、无破损；3. 尺寸要求：符合设计图纸要求；4. 通用要求：无明显质量缺陷,C,2.0,采购件,总装,0.074,548.43,426.91,128.74
H97A3506004AA,制动管路4号总成,,,1. 核心防护：防挤压、防破损、防老化；2. 密封要求：接口密封良好，无泄漏风险；3. 材质要求：无裂纹、无气泡、无破损；4. 尺寸要求：内径、壁厚符合设计要求,C,1.0,采购件,总装,0.152,897,302,227
HQY401B14,平垫圈,,,1. 核心防护：防腐蚀、防丢失、防损伤；2. 材质要求：无锈蚀、无裂纹、无变形；,C,2.0,采购件,总装,0.0087,30.0,6.0,6.0
H97C3735002AA,副仪表板组合开关,,,1. 核心防护：防变形、防划伤、防碰撞；2. 尺寸要求：关键尺寸偏差≤±0.5mm；3. 表面要求：无凹陷、无划痕、无锈蚀；4. 材质要求：符合设计强度标准,C,1.0,采购件,总装,0.079,125.03,43.4,27.01
H97A5519003AB,前地板后地毯总成,,,1. 核心防护：防变形、防划伤、防碰撞；2. 尺寸要求：关键尺寸偏差≤±0.5mm；3. 表面要求：无凹陷、无划痕、无锈蚀；4. 材质要求：符合设计强度标准,B,1.0,采购件,总装,16.616,1931.34,1456.97,424.58
1104221-RA51,油管双管夹Ⅰ,,,1. 核心防护：防挤压、防破损、防老化；2. 密封要求：接口密封良好，无泄漏风险；3. 材质要求：无裂纹、无气泡、无破损；4. 尺寸要求：内径、壁厚符合设计要求,C,5.0,采购件,总装,0.007,20.0,6.0,6.0
H973602001,前碰传感器,,,1. 核心防护：防震动、防潮湿、防静电、防冲击；2. 电气要求：绝缘性能良好，无短路风险；3. 外观要求：外壳无破损，接口无变形；4. 存储要求：温度-20~50℃，湿度≤60%,C,2.0,采购件,总装,0.02,35.34,24.3,36.49
H97E5006901BBBG03,后导流板总成合件,,,1. 核心防护：防变形、防划伤、防碰撞；2. 尺寸要求：关键尺寸偏差≤±0.5mm；3. 表面要求：无凹陷、无划痕、无锈蚀；4. 材质要求：符合设计强度标准,B,1.0,采购件,总装,3.28,1504,281,130
H97A5701010AA,顶盖后横梁焊接总成,防锈袋,有,1. 核心防护：防变形、防划伤、防碰撞；2. 尺寸要求：关键尺寸偏差≤±0.5mm；3. 表面要求：无凹陷、无划痕、无锈蚀；4. 材质要求：符合设计强度标准,A,1.0,焊装件,焊装件,4.12,190,291,130
H97A2804020AA,后保险杠上安装座,,,1. 核心防护：防损伤、防污损、防丢失；2. 外观要求：表面无划痕、无锈蚀、无破损；3. 尺寸要求：符合设计图纸要求；4. 通用要求：无明显质量缺陷,B,1.0,采购件,总装,0.617,128.85,929.93,119.46
H97Y3402001AAAE05,方向盘总成,,,1. 核心防护：防损伤、防污损、防丢失；2. 外观要求：表面无划痕、无锈蚀、无破损；3. 尺寸要求：符合设计图纸要求；4. 通用要求：无明显质量缺陷,B,1.0,采购件,总装,1.75,379,341,203
H97D3506003AA,制动管路3号总成,,,1. 核心防护：防挤压、防破损、防老化；2. 密封要求：接口密封良好，无泄漏风险；3. 材质要求：无裂纹、无气泡、无破损；4. 尺寸要求：内径、壁厚符合设计要求,B,1.0,采购件,总装,0.053,230,111,254
H97X3629005AA,后左角雷达安装支架,,,1. 核心防护：防损伤、防污损、防丢失；2. 外观要求：表面无划痕、无锈蚀、无破损；3. 尺寸要求：符合设计图纸要求；4. 通用要求：无明显质量缺陷,C,1.0,采购件,总装,0.08,129,100,88
H97A5016002AA,贴片 Φ18,,,1. 核心防护：防损伤、防污损、防丢失；2. 外观要求：表面无划痕、无锈蚀、无破损；3. 尺寸要求：符合设计图纸要求；4. 通用要求：无明显质量缺陷,C,10.0,采购件,总装,0.002,18,17.96,2
H97C1205007AA,催化器密封垫2,,,1. 核心防护：防老化、防挤压、防变形；2. 材质要求：无裂纹、无异味、无破损；3. 尺寸要求：关键尺寸偏差≤±1.0mm；4. 性能要求：弹性符合设计标准,C,1.0,采购件,总装,0.483,220.0,83.0,88.0
H97D1303022AA,PTC1到暖芯水管,,,1. 核心防护：防挤压、防破损、防老化；2. 密封要求：接口密封良好，无泄漏风险；3. 材质要求：无裂纹、无气泡、无破损；4. 尺寸要求：内径、壁厚符合设计要求,C,1.0,采购件,总装,0.033,25.0,12.0,12.0
H97D6203007BA,左后门玻璃总成,PE袋,,1. 核心防护：防冲击、防划伤、防破碎；2. 外观要求：无气泡、无划痕、无杂质；,A,1.0,采购件,总装,5.85,1055.65,195.76,998.05
H97A5515020ABJK05,后背门右侧装饰板总成,,,1. 核心防护：防变形、防划伤、防碰撞；2. 尺寸要求：关键尺寸偏差≤±0.5mm；3. 表面要求：无凹陷、无划痕、无锈蚀；4. 材质要求：符合设计强度标准,C,1.0,采购件,总装,0.276,479,254,216
H97A5533007AB,左后吹足管道后段,,,1. 核心防护：防挤压、防破损、防老化；2. 密封要求：接口密封良好，无泄漏风险；3. 材质要求：无裂纹、无气泡、无破损；4. 尺寸要求：内径、壁厚符合设计要求,C,1.0,采购件,总装,0.1644,236,182,95
H97A5520090ADTE15,右B柱上饰板总成,,,1. 核心防护：防变形、防划伤、防碰撞；2. 尺寸要求：关键尺寸偏差≤±0.5mm；3. 表面要求：无凹陷、无划痕、无锈蚀；4. 材质要求：符合设计强度标准,C,1.0,采购件,总装,0.743,570,272,180
H97A3506005AA,制动管路5号总成,,,1. 核心防护：防挤压、防破损、防老化；2. 密封要求：接口密封良好，无泄漏风险；3. 材质要求：无裂纹、无气泡、无破损；4. 尺寸要求：内径、壁厚符合设计要求,C,1.0,采购件,总装,0.06,378,129,148
H97A3725001AB,12V电源插座,,,1. 核心防护：防损伤、防污损、防丢失；2. 外观要求：表面无划痕、无锈蚀、无破损；3. 尺寸要求：符合设计图纸要求；4. 通用要求：无明显质量缺陷,C,2.0,采购件,总装,0.022,39.48,31.92,63.69
H97A6205007AA,左后门锁体,,,1. 核心防护：防损伤、防污损、防丢失；2. 外观要求：表面无划痕、无锈蚀、无破损；3. 尺寸要求：符合设计图纸要求；4. 通用要求：无明显质量缺陷,C,1.0,采购件,总装,0.044,405.0,250.0,10.0
H97A6107027AA,左前门防水膜,,,1. 核心防护：防损伤、防污损、防丢失；2. 外观要求：表面无划痕、无锈蚀、无破损；3. 尺寸要求：符合设计图纸要求；4. 通用要求：无明显质量缺陷,C,1.0,采购件,总装,0.073,313.65,44.68,428.41
H97A2941007AC,左前空气弹簧管路后段,,,1. 核心防护：防挤压、防破损、防老化；2. 密封要求：接口密封良好，无泄漏风险；3. 材质要求：无裂纹、无气泡、无破损；4. 尺寸要求：内径、壁厚符合设计要求,C,1.0,采购件,总装,0.169,3435.67,299.78,1552.86
H56A3504001AB,制动开关,,,1. 核心防护：防油污、防划伤、防锈蚀；2. 性能要求：摩擦系数符合标准，无偏磨；3. 外观要求：表面无油污，无锈蚀；4. 尺寸要求：厚度、直径符合设计要求,C,1.0,采购件,总装,0.021,68.66,28.28,45.49
H56D5016063AA,贴片20*24,,,1. 核心防护：防损伤、防污损、防丢失；2. 外观要求：表面无划痕、无锈蚀、无破损；3. 尺寸要求：符合设计图纸要求；4. 通用要求：无明显质量缺陷,C,10.0,采购件,总装,0.11,220.0,69.0,30.0
H97C3506010AA,左前制动软管,,,1. 核心防护：防挤压、防破损、防老化；2. 密封要求：接口密封良好，无泄漏风险；3. 材质要求：无裂纹、无气泡、无破损；4. 尺寸要求：内径、壁厚符合设计要求,C,1.0,采购件,总装,0.35,900.0,453.0,125.0
H97A3506006AA,制动管路6号总成,,,1. 核心防护：防挤压、防破损、防老化；2. 密封要求：接口密封良好，无泄漏风险；3. 材质要求：无裂纹、无气泡、无破损；4. 尺寸要求：内径、壁厚符合设计要求,C,1.0,采购件,总装,0.055,322,174,134
H97A3716001AD,左后组合灯固定侧,,,1. 核心防护：防损伤、防污损、防丢失；2. 外观要求：表面无划痕、无锈蚀、无破损；3. 尺寸要求：符合设计图纸要求；4. 通用要求：无明显质量缺陷,B,1.0,采购件,总装,1.18,392.55,252.15,160.55
H97E6207018AA,右后门密封条总成,,,1. 核心防护：防损伤、防污损、防丢失；2. 外观要求：表面无划痕、无锈蚀、无破损；3. 尺寸要求：符合设计图纸要求；4. 通用要求：无明显质量缺陷,B,1.0,采购件,总装,0.1,50.0,45.0,30.0
H97A3711001BG,左前照灯,,,1. 核心防护：防损伤、防污损、防丢失；2. 外观要求：表面无划痕、无锈蚀、无破损；3. 尺寸要求：符合设计图纸要求；4. 通用要求：无明显质量缺陷,B,1.0,采购件,总装,6,682.21,454.14,301.16
H97D1303061AA,后电机进水软管,,,1. 核心防护：防挤压、防破损、防老化；2. 密封要求：接口密封良好，无泄漏风险；3. 材质要求：无裂纹、无气泡、无破损；4. 尺寸要求：内径、壁厚符合设计要求,C,1.0,采购件,总装,0.229,312,240,203
H97Y8202901AABH08,右外后视镜合件,,,1. 核心防护：防损伤、防污损、防丢失；2. 外观要求：表面无划痕、无锈蚀、无破损；3. 尺寸要求：符合设计图纸要求；4. 通用要求：无明显质量缺陷,B,1.0,采购件,总装,1.65,418.27,354.1,216.63
H97C5013011AA,行李箱地板外隔音垫,,,1. 核心防护：防变形、防划伤、防碰撞；2. 尺寸要求：关键尺寸偏差≤±0.5mm；3. 表面要求：无凹陷、无划痕、无锈蚀；4. 材质要求：符合设计强度标准,C,1.0,采购件,总装,0.143,688.69,958.95,187.71
H97A5533001AA,左后吹足管道前段总成,,,1. 核心防护：防挤压、防破损、防老化；2. 密封要求：接口密封良好，无泄漏风险；3. 材质要求：无裂纹、无气泡、无破损；4. 尺寸要求：内径、壁厚符合设计要求,C,1.0,采购件,总装,0.2804,386,329,192
H97X5501005XBAE01,仪表板总成,PE袋,,1. 核心防护：防变形、防划伤、防碰撞；2. 尺寸要求：关键尺寸偏差≤±0.5mm；3. 表面要求：无凹陷、无划痕、无锈蚀；4. 材质要求：符合设计强度标准,A,1.0,自制件,总装,0.082,1708,817,750
3741100-RA01,前雨刮电机及支架总成,,,1. 核心防护：防震动、防潮湿、防静电、防冲击；2. 电气要求：绝缘性能良好，无短路风险；3. 外观要求：外壳无破损，接口无变形；4. 存储要求：温度-20~50℃，湿度≤60%,C,1.0,采购件,总装,2.135,579,195,145
H97A2941014AD,气泵主储气罐连接管路,,,1. 核心防护：防挤压、防破损、防老化；2. 密封要求：接口密封良好，无泄漏风险；3. 材质要求：无裂纹、无气泡、无破损；4. 尺寸要求：内径、壁厚符合设计要求,C,1.0,采购件,总装,0.039,371.86,444.84,227.34
H97A2941010AB,右前带支架高度传感器总成,,,1. 核心防护：防震动、防潮湿、防静电、防冲击；2. 电气要求：绝缘性能良好，无短路风险；3. 外观要求：外壳无破损，接口无变形；4. 存储要求：温度-20~50℃，湿度≤60%,C,1.0,采购件,总装,0.095,98.21,86.05,126.38
H97A5006055AB,左后门B柱装饰板总成,,,1. 核心防护：防变形、防划伤、防碰撞；2. 尺寸要求：关键尺寸偏差≤±0.5mm；3. 表面要求：无凹陷、无划痕、无锈蚀；4. 材质要求：符合设计强度标准,C,1.0,采购件,总装,0.12,156.0,54.0,65.0
H97C3901001AA,拖钩,,,1. 核心防护：防损伤、防污损、防丢失；2. 外观要求：表面无划痕、无锈蚀、无破损；3. 尺寸要求：符合设计图纸要求；4. 通用要求：无明显质量缺陷,C,1.0,采购件,总装,0.608,228,56,22
H97A3101015AC,左后轮罩挡泥板总成,,,1. 核心防护：防变形、防划伤、防碰撞；2. 尺寸要求：关键尺寸偏差≤±0.5mm；3. 表面要求：无凹陷、无划痕、无锈蚀；4. 材质要求：符合设计强度标准,B,1.0,采购件,总装,0.942,987,716,419
H97A3602803AA,雨量光照传感器,,,1. 核心防护：防震动、防潮湿、防静电、防冲击；2. 电气要求：绝缘性能良好，无短路风险；3. 外观要求：外壳无破损，接口无变形；4. 存储要求：温度-20~50℃，湿度≤60%,C,1.0,采购件,总装,0.02,63.88,38.96,48.84
H97A5525003ABJG08,左遮阳板挂钩,,,1. 核心防护：防变形、防划伤、防碰撞；2. 尺寸要求：关键尺寸偏差≤±0.5mm；3. 表面要求：无凹陷、无划痕、无锈蚀；4. 材质要求：符合设计强度标准,C,1.0,采购件,总装,0.0006,18.0,18.0,7.0
H97C3504005AB,制动踏板总成,,,1. 核心防护：防变形、防划伤、防碰撞；2. 尺寸要求：关键尺寸偏差≤±0.5mm；3. 表面要求：无凹陷、无划痕、无锈蚀；4. 材质要求：符合设计强度标准,B,1.0,采购件,总装,1.78,464,207,260
H97A5520140ABTE15,右C柱上饰板总成,,,1. 核心防护：防变形、防划伤、防碰撞；2. 尺寸要求：关键尺寸偏差≤±0.5mm；3. 表面要求：无凹陷、无划痕、无锈蚀；4. 材质要求：符合设计强度标准,C,1.0,采购件,总装,0.276,248,222,180
H97A7010001AA,左后排座椅靠背总成固定锁销,,,1. 核心防护：防腐蚀、防丢失、防损伤；2. 材质要求：无锈蚀、无裂纹、无变形；,C,1.0,采购件,总装,0.06,50.0,10.0,10.0
H97D5006187AA,右前车门上装饰条,,,1. 核心防护：防损伤、防污损、防丢失；2. 外观要求：表面无划痕、无锈蚀、无破损；3. 尺寸要求：符合设计图纸要求；4. 通用要求：无明显质量缺陷,C,1.0,采购件,总装,0.04,65.0,21.0,21.0
H97A6309012AA,背门右撑杆上支架总成－带球头销,,,1. 核心防护：防腐蚀、防丢失、防损伤；2. 材质要求：无锈蚀、无裂纹、无变形；,C,1.0,采购件,总装,0.034,40.0,10.0,10.0
H97A5511901BCUK02,右前门内饰板合件,,,1. 核心防护：防变形、防划伤、防碰撞；2. 尺寸要求：关键尺寸偏差≤±0.5mm；3. 表面要求：无凹陷、无划痕、无锈蚀；4. 材质要求：符合设计强度标准,B,1.0,采购件,总装,0.0266,58.0,18.0,18.0
H97C5505043AAAG16,副仪表板小储物盒,,,1. 核心防护：防变形、防划伤、防碰撞；2. 尺寸要求：关键尺寸偏差≤±0.5mm；3. 表面要求：无凹陷、无划痕、无锈蚀；4. 材质要求：符合设计强度标准,C,1.0,采购件,总装,0.024,50.0,8.0,8.0
H97A3500002AA,储油壶进油管,,,1. 核心防护：防挤压、防破损、防老化；2. 密封要求：接口密封良好，无泄漏风险；3. 材质要求：无裂纹、无气泡、无破损；4. 尺寸要求：内径、壁厚符合设计要求,C,1.0,采购件,总装,0.063,361.4,73.99,85.88
H97A6103008AA,右前门玻璃导槽总成,,,1. 核心防护：防冲击、防划伤、防破碎；2. 外观要求：无气泡、无划痕、无杂质；,B,1.0,采购件,总装,0.97,985,959,201
H97C9325010AA,电池包后高压线束总成,,,1. 核心防护：防震动、防潮湿、防静电、防冲击；2. 电气要求：绝缘性能良好，无短路风险；3. 外观要求：外壳无破损，接口无变形；4. 存储要求：温度-20~50℃，湿度≤60%,C,1.0,采购件,总装,0.018,16.0,8.0,8.0
H97A5520160ACBKGA,右D柱上饰板总成,,,1. 核心防护：防变形、防划伤、防碰撞；2. 尺寸要求：关键尺寸偏差≤±0.5mm；3. 表面要求：无凹陷、无划痕、无锈蚀；4. 材质要求：符合设计强度标准,B,1.0,采购件,总装,0.56,632,288,391
H97X1000001XA,发动机总成,防锈袋,,1. 核心防护：防损伤、防污损、防丢失；2. 外观要求：表面无划痕、无锈蚀、无破损；3. 尺寸要求：符合设计图纸要求；4. 通用要求：无明显质量缺陷,A,1.0,自制件,总装,0.0087,805,600,688
H97A6205012AB,后门内开拉丝总成,,,1. 核心防护：防损伤、防污损、防丢失；2. 外观要求：表面无划痕、无锈蚀、无破损；3. 尺寸要求：符合设计图纸要求；4. 通用要求：无明显质量缺陷,C,2.0,采购件,总装,0.0357,469.19,350.1,56.72
H97D3900001AA,随车工具盒,,,1. 核心防护：防污损、防丢失、防损坏；2. 内容要求：资料完整，无缺页、无破损；3. 外观要求：工具无锈蚀，表面无损伤；4. 完整性：数量齐全，无缺失,C,1.0,采购件,总装,0.767,334.51,1144.49,197.73
H97A6201041AB,左后车门防污条总成,,,1. 核心防护：防损伤、防污损、防丢失；2. 外观要求：表面无划痕、无锈蚀、无破损；3. 尺寸要求：符合设计图纸要求；4. 通用要求：无明显质量缺陷,C,1.0,采购件,总装,0.0066,18.0,6.0,6.0
H97X3703003XA,蓄电池,,,1. 核心防护：防震动、防潮湿、防静电、防冲击；2. 电气要求：绝缘性能良好，无短路风险；3. 外观要求：外壳无破损，接口无变形；4. 存储要求：温度-20~50℃，湿度≤60%,B,1.0,采购件,总装,3.6,237,204,72.5
H97D5518005ABTK11,天窗总成,防锈袋,,1. 核心防护：防冲击、防划伤、防破碎；2. 外观要求：无气泡、无划痕、无杂质；,A,1.0,采购件,总装,12.2,1030,137,737
H97A6109001AB,前门限位器总成,,,1. 核心防护：防损伤、防污损、防丢失；2. 外观要求：表面无划痕、无锈蚀、无破损；3. 尺寸要求：符合设计图纸要求；4. 通用要求：无明显质量缺陷,C,2.0,采购件,总装,0.22,182,81,61
H56A1300039AA,Ф23橡胶水管双管夹,,,1. 核心防护：防挤压、防破损、防老化；2. 密封要求：接口密封良好，无泄漏风险；3. 材质要求：无裂纹、无气泡、无破损；4. 尺寸要求：内径、壁厚符合设计要求,C,1.0,采购件,总装,0.016,20,73.5,31.65
H97A3101010AF,右前轮罩挡泥板总成,,,1. 核心防护：防变形、防划伤、防碰撞；2. 尺寸要求：关键尺寸偏差≤±0.5mm；3. 表面要求：无凹陷、无划痕、无锈蚀；4. 材质要求：符合设计强度标准,B,1.0,采购件,总装,1.34,986.46,534.89,751.77
H97Y3714005AAJK05,前顶灯总成,,,1. 核心防护：防损伤、防污损、防丢失；2. 外观要求：表面无划痕、无锈蚀、无破损；3. 尺寸要求：符合设计图纸要求；4. 通用要求：无明显质量缺陷,C,1.0,采购件,总装,0.9,232.17,101.59,290.64
H97D8105004DA,电池冷却器总成,,,1. 核心防护：防震动、防潮湿、防静电、防冲击；2. 电气要求：绝缘性能良好，无短路风险；3. 外观要求：外壳无破损，接口无变形；4. 存储要求：温度-20~50℃，湿度≤60%,C,1.0,采购件,总装,1.46,201.12,116.55,176.06
H97A5518008AB,右A柱天窗排水管,,,1. 核心防护：防变形、防划伤、防碰撞；2. 尺寸要求：关键尺寸偏差≤±0.5mm；3. 表面要求：无凹陷、无划痕、无锈蚀；4. 材质要求：符合设计强度标准,C,1.0,采购件,总装,0.2,1008,898,312
H97A5526008AAJG08,后排右安全拉手,,,1. 核心防护：防损伤、防污损、防丢失；2. 外观要求：表面无划痕、无锈蚀、无破损；3. 尺寸要求：符合设计图纸要求；4. 通用要求：无明显质量缺陷,C,1.0,采购件,总装,0.605,1121.0,709.0,327.0
HQY1861045T10L1D,六角法兰面螺栓和垫片组合件,,,1. 核心防护：防腐蚀、防丢失、防损伤；2. 材质要求：无锈蚀、无裂纹、无变形；,C,2.0,采购件,总装,0.466,935.0,120.0,95.0
H97E6107021AA,左前门密封条总成,,,1. 核心防护：防损伤、防污损、防丢失；2. 外观要求：表面无划痕、无锈蚀、无破损；3. 尺寸要求：符合设计图纸要求；4. 通用要求：无明显质量缺陷,B,1.0,采购件,总装,0.42,1341.8,1072.33,216.09
H97A3617803AA,智能助力器总成,,,1. 核心防护：防损伤、防污损、防丢失；2. 外观要求：表面无划痕、无锈蚀、无破损；3. 尺寸要求：符合设计图纸要求；4. 通用要求：无明显质量缺陷,C,1.0,采购件,总装,0.06,232.0,84.0,34.0
H97A8405031AA,左遮缝装饰件,,,1. 核心防护：防损伤、防污损、防丢失；2. 外观要求：表面无划痕、无锈蚀、无破损；3. 尺寸要求：符合设计图纸要求；4. 通用要求：无明显质量缺陷,C,1.0,采购件,总装,0.14,885.0,455.0,185.0
H97A5006130AA,前风窗玻璃右装饰条总成,,,1. 核心防护：防冲击、防划伤、防破碎；2. 外观要求：无气泡、无划痕、无杂质；,C,1.0,采购件,总装,0.268,949,568,122
H97A5501070AABKGA,仪表板右下底板总成,,,1. 核心防护：防变形、防划伤、防碰撞；2. 尺寸要求：关键尺寸偏差≤±0.5mm；3. 表面要求：无凹陷、无划痕、无锈蚀；4. 材质要求：符合设计强度标准,C,1.0,采购件,总装,0.319,546,276,68
H97A5006134AA,前风窗玻璃右装饰卡条,,,1. 核心防护：防冲击、防划伤、防破碎；2. 外观要求：无气泡、无划痕、无杂质；,C,1.0,采购件,总装,0.056,633.9,87.66,367.45
H97X3629006AA,后右角雷达安装支架,,,1. 核心防护：防损伤、防污损、防丢失；2. 外观要求：表面无划痕、无锈蚀、无破损；3. 尺寸要求：符合设计图纸要求；4. 通用要求：无明显质量缺陷,C,1.0,采购件,总装,0.093,97.0,25.0,25.0
H97D5001259AA,低压线束支架1,,,1. 核心防护：防损伤、防污损、防丢失；2. 外观要求：表面无划痕、无锈蚀、无破损；3. 尺寸要求：符合设计图纸要求；4. 通用要求：无明显质量缺陷,C,1.0,采购件,总装,0.027,31.69,54.7,76.8
H97A5701021AA,顶盖天窗加强环组件,防锈袋,有,1. 核心防护：防冲击、防划伤、防破碎；2. 外观要求：无气泡、无划痕、无杂质；,A,1.0,焊装件,焊装件,0.06,50.0,10.0,10.0
H97X3724113AB,右前门线束总成,,,1. 核心防护：防损伤、防污损、防丢失；2. 外观要求：表面无划痕、无锈蚀、无破损；3. 尺寸要求：符合设计图纸要求；4. 通用要求：无明显质量缺陷,C,1.0,采购件,总装,0.64,959,649,202
H97B1101001BA,油箱泄漏诊断模块支架,,,1. 核心防护：防震动、防潮湿、防静电、防冲击；2. 电气要求：绝缘性能良好，无短路风险；3. 外观要求：外壳无破损，接口无变形；4. 存储要求：温度-20~50℃，湿度≤60%,C,1.0,采购件,总装,0.12,102.28,13.9,70
H97A8405025AA,机舱左后装饰板总成,,,1. 核心防护：防变形、防划伤、防碰撞；2. 尺寸要求：关键尺寸偏差≤±0.5mm；3. 表面要求：无凹陷、无划痕、无锈蚀；4. 材质要求：符合设计强度标准,C,1.0,采购件,总装,0.0266,58.0,18.0,18.0
H97C1001002AA,发动机右悬置总成,,,1. 核心防护：防损伤、防污损、防丢失；2. 外观要求：表面无划痕、无锈蚀、无破损；3. 尺寸要求：符合设计图纸要求；4. 通用要求：无明显质量缺陷,C,1.0,采购件,总装,2.82,251,201,156
H97A6305006AAJK05,背门锁护套,,,1. 核心防护：防损伤、防污损、防丢失；2. 外观要求：表面无划痕、无锈蚀、无破损；3. 尺寸要求：符合设计图纸要求；4. 通用要求：无明显质量缺陷,C,1.0,采购件,总装,0.029,128.71,42.23,91.06
H97A5520080ACTK11,右A柱上饰板总成,,,1. 核心防护：防变形、防划伤、防碰撞；2. 尺寸要求：关键尺寸偏差≤±0.5mm；3. 表面要求：无凹陷、无划痕、无锈蚀；4. 材质要求：符合设计强度标准,B,1.0,采购件,总装,0.69,781,482,183
H97A5120015AA,燃油箱维修口盖,,,1. 核心防护：防损伤、防污损、防丢失；2. 外观要求：表面无划痕、无锈蚀、无破损；3. 尺寸要求：符合设计图纸要求；4. 通用要求：无明显质量缺陷,C,1.0,采购件,总装,0.0102,42.0,14.0,14.0
H97D3714002AAJK05,右后顶灯总成,,,1. 核心防护：防损伤、防污损、防丢失；2. 外观要求：表面无划痕、无锈蚀、无破损；3. 尺寸要求：符合设计图纸要求；4. 通用要求：无明显质量缺陷,C,1.0,采购件,总装,0.0087,30.0,6.0,6.0
H97Y8202900AABG03,左外后视镜合件,,,1. 核心防护：防损伤、防污损、防丢失；2. 外观要求：表面无划痕、无锈蚀、无破损；3. 尺寸要求：符合设计图纸要求；4. 通用要求：无明显质量缺陷,B,1.0,采购件,总装,1.65,418.27,354.1,216.63
H97D1311014AA,蓄水瓶总成及附件,,,1. 核心防护：防损伤、防污损、防丢失；2. 外观要求：表面无划痕、无锈蚀、无破损；3. 尺寸要求：符合设计图纸要求；4. 通用要求：无明显质量缺陷,C,1.0,采购件,总装,1.123,360.75,201.4,289.18
H97Z8212001BA,第二排座椅侧安全带主体总成,,,1. 核心防护：防污损、防变形、防划伤；2. 结构要求：骨架无变形，面料无破损；3. 功能要求：调节机构灵活，无卡滞；4. 外观要求：面料无污渍，缝线整齐,C,2.0,采购件,总装,0.0078,25.0,6.0,6.0
H97A8403003AA,左翼子板装饰板,,,1. 核心防护：防变形、防划伤、防碰撞；2. 尺寸要求：关键尺寸偏差≤±0.5mm；3. 表面要求：无凹陷、无划痕、无锈蚀；4. 材质要求：符合设计强度标准,B,1.0,采购件,总装,0.0066,18.0,6.0,6.0
H97D3724120AA,后背门转接线束总成,,,1. 核心防护：防损伤、防污损、防丢失；2. 外观要求：表面无划痕、无锈蚀、无破损；3. 尺寸要求：符合设计图纸要求；4. 通用要求：无明显质量缺陷,C,1.0,采购件,总装,0.007,20.0,6.0,6.0
H97D3730303AB,前电机搭铁线束,,,1. 核心防护：防震动、防潮湿、防静电、防冲击；2. 电气要求：绝缘性能良好，无短路风险；3. 外观要求：外壳无破损，接口无变形；4. 存储要求：温度-20~50℃，湿度≤60%,C,1.0,采购件,总装,0.0063,16.0,6.0,6.0
H97D3605893BA,左前门电动车窗开关,,,1. 核心防护：防冲击、防划伤、防破碎；2. 外观要求：无气泡、无划痕、无杂质；,C,1.0,采购件,总装,0.13,151,86,57
H97X5525002ABTG11,右遮阳板,,,1. 核心防护：防变形、防划伤、防碰撞；2. 尺寸要求：关键尺寸偏差≤±0.5mm；3. 表面要求：无凹陷、无划痕、无锈蚀；4. 材质要求：符合设计强度标准,C,1.0,采购件,总装,0.52,440.67,79.54,194.44
H97A5006070AC,右后门C柱装饰板总成,,,1. 核心防护：防变形、防划伤、防碰撞；2. 尺寸要求：关键尺寸偏差≤±0.5mm；3. 表面要求：无凹陷、无划痕、无锈蚀；4. 材质要求：符合设计强度标准,B,1.0,采购件,总装,0.423,207.95,139.73,451.7
H97Y8201005AA,内后视镜总成,,,1. 核心防护：防损伤、防污损、防丢失；2. 外观要求：表面无划痕、无锈蚀、无破损；3. 尺寸要求：符合设计图纸要求；4. 通用要求：无明显质量缺陷,B,1.0,采购件,总装,0.42,260.76,87.66,119.94
H97A3716011AB,左后组合灯固定侧侧板,,,1. 核心防护：防变形、防划伤、防碰撞；2. 尺寸要求：关键尺寸偏差≤±0.5mm；3. 表面要求：无凹陷、无划痕、无锈蚀；4. 材质要求：符合设计强度标准,C,1.0,采购件,总装,0.0112,27.0,27.0,12.0
H97D5206005AA,左后角窗玻璃总成,,,1. 核心防护：防冲击、防划伤、防破碎；2. 外观要求：无气泡、无划痕、无杂质；,B,1.0,采购件,总装,4.8,506.39,158.18,1252.4
H97A8404006AA,紧急开启把手,,,1. 核心防护：防损伤、防污损、防丢失；2. 外观要求：表面无划痕、无锈蚀、无破损；3. 尺寸要求：符合设计图纸要求；4. 通用要求：无明显质量缺陷,C,1.0,采购件,总装,0.0089,36.0,22.0,12.0
H97A8402035AA,发动机罩锁总成,,,1. 核心防护：防损伤、防污损、防丢失；2. 外观要求：表面无划痕、无锈蚀、无破损；3. 尺寸要求：符合设计图纸要求；4. 通用要求：无明显质量缺陷,C,1.0,采购件,焊装件,0.266,110,97,42
Q67640,B型蜗杆传动式软管环箍,,,1. 核心防护：防挤压、防破损、防老化；2. 密封要求：接口密封良好，无泄漏风险；3. 材质要求：无裂纹、无气泡、无破损；4. 尺寸要求：内径、壁厚符合设计要求,C,2.0,采购件,总装,0.0036,21.0,23.0,12.0
H97A5207011AA,加液管总成,,,1. 核心防护：防挤压、防破损、防老化；2. 密封要求：接口密封良好，无泄漏风险；3. 材质要求：无裂纹、无气泡、无破损；4. 尺寸要求：内径、壁厚符合设计要求,C,1.0,采购件,总装,0.076,98.87,86.6,339.14
H97A5533005AA,后吹足管道分风器总成,,,1. 核心防护：防挤压、防破损、防老化；2. 密封要求：接口密封良好，无泄漏风险；3. 材质要求：无裂纹、无气泡、无破损；4. 尺寸要求：内径、壁厚符合设计要求,C,1.0,采购件,总装,0.215,264,169,79
H97A5601030AF,后围板焊接总成,防锈袋,有,1. 核心防护：防变形、防划伤、防碰撞；2. 尺寸要求：关键尺寸偏差≤±0.5mm；3. 表面要求：无凹陷、无划痕、无锈蚀；4. 材质要求：符合设计强度标准,A,1.0,焊装件,焊装件,5.3,1263,420,159
H97D3746002AA,玻璃升降器开关,,,1. 核心防护：防冲击、防划伤、防破碎；2. 外观要求：无气泡、无划痕、无杂质；,C,3.0,采购件,总装,0.0356,56.76,43.7,59.14
5205203-RA01,右前刮片总成,,,1. 核心防护：防损伤、防污损、防丢失；2. 外观要求：表面无划痕、无锈蚀、无破损；3. 尺寸要求：符合设计图纸要求；4. 通用要求：无明显质量缺陷,C,1.0,采购件,总装,0.08,694,41,39
H97A1104004AB,燃油加油管软管,,,1. 核心防护：防挤压、防破损、防老化；2. 密封要求：接口密封良好，无泄漏风险；3. 材质要求：无裂纹、无气泡、无破损；4. 尺寸要求：内径、壁厚符合设计要求,C,1.0,采购件,总装,0.0112,27.0,27.0,12.0
H97D1109016AA,空滤器支撑3,,,1. 核心防护：防损伤、防污损、防丢失；2. 外观要求：表面无划痕、无锈蚀、无破损；3. 尺寸要求：符合设计图纸要求；4. 通用要求：无明显质量缺陷,C,1.0,采购件,总装,0.008,24.0,24.0,12.0
H56A6109003AA,车门缓冲块,,,1. 核心防护：防老化、防挤压、防变形；2. 材质要求：无裂纹、无异味、无破损；3. 尺寸要求：关键尺寸偏差≤±1.0mm；4. 性能要求：弹性符合设计标准,C,4.0,采购件,总装,0.0089,36.0,22.0,12.0
H97A5505022AABEGA,右前延伸板总成,,,1. 核心防护：防变形、防划伤、防碰撞；2. 尺寸要求：关键尺寸偏差≤±0.5mm；3. 表面要求：无凹陷、无划痕、无锈蚀；4. 材质要求：符合设计强度标准,B,1.0,采购件,总装,0.172,326,236,72
H97A5301021AB,水箱上横梁左安装板,,,1. 核心防护：防变形、防划伤、防碰撞；2. 尺寸要求：关键尺寸偏差≤±0.5mm；3. 表面要求：无凹陷、无划痕、无锈蚀；4. 材质要求：符合设计强度标准,C,1.0,采购件,总装,0.193,281.91,98.56,58.91
H97E5001055AA,GCU安装托盘总成,,,1. 核心防护：防损伤、防污损、防丢失；2. 外观要求：表面无划痕、无锈蚀、无破损；3. 尺寸要求：符合设计图纸要求；4. 通用要求：无明显质量缺陷,C,1.0,采购件,总装,0.0036,21.0,23.0,12.0
H97D3724118AA,右后门饰板线束总成,,,1. 核心防护：防变形、防划伤、防碰撞；2. 尺寸要求：关键尺寸偏差≤±0.5mm；3. 表面要求：无凹陷、无划痕、无锈蚀；4. 材质要求：符合设计强度标准,C,1.0,采购件,总装,0.375,461.0,267.0,83.0
H97A5533004AA,右后吹足管道中段总成,,,1. 核心防护：防挤压、防破损、防老化；2. 密封要求：接口密封良好，无泄漏风险；3. 材质要求：无裂纹、无气泡、无破损；4. 尺寸要求：内径、壁厚符合设计要求,C,1.0,采购件,总装,3.497,900.0,698.0,285.0
H97A1104015AA,燃油蒸汽管总成,,,1. 核心防护：防挤压、防破损、防老化；2. 密封要求：接口密封良好，无泄漏风险；3. 材质要求：无裂纹、无气泡、无破损；4. 尺寸要求：内径、壁厚符合设计要求,C,1.0,采购件,总装,0.06,420.0,226.0,57.0
H97B2902010AC,右前空气弹簧支柱总成,,,1. 核心防护：防变形、防划伤、防碰撞；2. 尺寸要求：关键尺寸偏差≤±0.5mm；3. 表面要求：无凹陷、无划痕、无锈蚀；4. 材质要求：符合设计强度标准,C,1.0,采购件,总装,0.022,63.0,38.0,32.0
H97D5001230AA,蓄电池固定带总成,,,1. 核心防护：防震动、防潮湿、防静电、防冲击；2. 电气要求：绝缘性能良好，无短路风险；3. 外观要求：外壳无破损，接口无变形；4. 存储要求：温度-20~50℃，湿度≤60%,C,1.0,采购件,总装,0.001,14.0,14.0,9.0
H97A3711002BG,右前照灯,,,1. 核心防护：防损伤、防污损、防丢失；2. 外观要求：表面无划痕、无锈蚀、无破损；3. 尺寸要求：符合设计图纸要求；4. 通用要求：无明显质量缺陷,B,1.0,采购件,总装,6,682.21,454.14,301.16
H97A5701008AB,顶盖外板,防锈袋,有,1. 核心防护：防变形、防划伤、防碰撞；2. 尺寸要求：关键尺寸偏差≤±0.5mm；3. 表面要求：无凹陷、无划痕、无锈蚀；4. 材质要求：符合设计强度标准,A,1.0,焊装自制件,焊装件,20,2996,1335,198
H97A3718001BA,行李箱左照明灯,,,1. 核心防护：防损伤、防污损、防丢失；2. 外观要求：表面无划痕、无锈蚀、无破损；3. 尺寸要求：符合设计图纸要求；4. 通用要求：无明显质量缺陷,C,1.0,采购件,总装,0.026,202.89,22.36,19.23
H97A1103001AA,油箱盖总成,,,1. 核心防护：防损伤、防污损、防丢失；2. 外观要求：表面无划痕、无锈蚀、无破损；3. 尺寸要求：符合设计图纸要求；4. 通用要求：无明显质量缺陷,C,1.0,采购件,总装,0.043,400.0,280.0,20.0
H97A5515013ABBKGA,背门门槛护板总成,,,1. 核心防护：防变形、防划伤、防碰撞；2. 尺寸要求：关键尺寸偏差≤±0.5mm；3. 表面要求：无凹陷、无划痕、无锈蚀；4. 材质要求：符合设计强度标准,B,1.0,采购件,总装,0.842,1081,162,133
H97A5520111AC,左后侧围下部安装支架,,,1. 核心防护：防损伤、防污损、防丢失；2. 外观要求：表面无划痕、无锈蚀、无破损；3. 尺寸要求：符合设计图纸要求；4. 通用要求：无明显质量缺陷,B,1.0,采购件,总装,0.322,388,100,100
H97A6203011AA,左后门玻璃导槽总成,,,1. 核心防护：防冲击、防划伤、防破碎；2. 外观要求：无气泡、无划痕、无杂质；,B,1.0,采购件,总装,0.13,419.0,17.0,17.0
H97A5526007AAGZS1,后排左安全拉手,,,1. 核心防护：防损伤、防污损、防丢失；2. 外观要求：表面无划痕、无锈蚀、无破损；3. 尺寸要求：符合设计图纸要求；4. 通用要求：无明显质量缺陷,C,1.0,采购件,总装,0.682,190.0,120.0,90.0
H37A5001226BA,蓄电池撑杆,,,1. 核心防护：防震动、防潮湿、防静电、防冲击；2. 电气要求：绝缘性能良好，无短路风险；3. 外观要求：外壳无破损，接口无变形；4. 存储要求：温度-20~50℃，湿度≤60%,C,2.0,采购件,总装,0.052,375.0,229.0,140.0
H97C1303140AA,中冷低温散热器进水管,,,1. 核心防护：防挤压、防破损、防老化；2. 密封要求：接口密封良好，无泄漏风险；3. 材质要求：无裂纹、无气泡、无破损；4. 尺寸要求：内径、壁厚符合设计要求,C,1.0,采购件,总装,0.9,405.0,153.0,100.0
H97X5200005AA,前风窗玻璃总成,PE袋,,1. 核心防护：防冲击、防划伤、防破碎；2. 外观要求：无气泡、无划痕、无杂质；,A,1.0,采购件,总装,18.5,1550.13,722.66,1000.95
H97D9325018BA,前PDU高压线束总成,,,1. 核心防护：防震动、防潮湿、防静电、防冲击；2. 电气要求：绝缘性能良好，无短路风险；3. 外观要求：外壳无破损，接口无变形；4. 存储要求：温度-20~50℃，湿度≤60%,C,1.0,采购件,总装,4.7,526.0,314.0,290.0
H97A5520075ACTE15,左A柱上饰板总成,,,1. 核心防护：防变形、防划伤、防碰撞；2. 尺寸要求：关键尺寸偏差≤±0.5mm；3. 表面要求：无凹陷、无划痕、无锈蚀；4. 材质要求：符合设计强度标准,B,1.0,采购件,总装,0.69,781,482,183
H56A1300014AA,插销式尼龙双管夹,,,1. 核心防护：防挤压、防破损、防老化；2. 密封要求：接口密封良好，无泄漏风险；3. 材质要求：无裂纹、无气泡、无破损；4. 尺寸要求：内径、壁厚符合设计要求,C,1.0,采购件,总装,1.69,372.0,316.0,217.0
H97C3629002AA,USB充电器,,,1. 核心防护：防震动、防潮湿、防静电、防冲击；2. 电气要求：绝缘性能良好，无短路风险；3. 外观要求：外壳无破损，接口无变形；4. 存储要求：温度-20~50℃，湿度≤60%,C,1.0,采购件,总装,0.048,72.79,77.68,27.77
H973602003,门压力传感器,,,1. 核心防护：防震动、防潮湿、防静电、防冲击；2. 电气要求：绝缘性能良好，无短路风险；3. 外观要求：外壳无破损，接口无变形；4. 存储要求：温度-20~50℃，湿度≤60%,C,2.0,采购件,总装,0.0185,53.27,30.42,52.35
H97A5525006AAGZS1,右遮阳板底座盖板,,,1. 核心防护：防变形、防划伤、防碰撞；2. 尺寸要求：关键尺寸偏差≤±0.5mm；3. 表面要求：无凹陷、无划痕、无锈蚀；4. 材质要求：符合设计强度标准,C,1.0,采购件,总装,0.11,219.0,160.0,119.0
H97A3506014AA,四通接头,,,1. 核心防护：防损伤、防污损、防丢失；2. 外观要求：表面无划痕、无锈蚀、无破损；3. 尺寸要求：符合设计图纸要求；4. 通用要求：无明显质量缺陷,C,1.0,采购件,总装,0.095,59.91,61.53,35
H97D8108021DB,电池冷却模块空调管总成,,,1. 核心防护：防挤压、防破损、防老化；2. 密封要求：接口密封良好，无泄漏风险；3. 材质要求：无裂纹、无气泡、无破损；4. 尺寸要求：内径、壁厚符合设计要求,C,1.0,采购件,总装,2.135,562.0,208.0,140.0
H97A8404008AB,加油口盖本体,,,1. 核心防护：防损伤、防污损、防丢失；2. 外观要求：表面无划痕、无锈蚀、无破损；3. 尺寸要求：符合设计图纸要求；4. 通用要求：无明显质量缺陷,C,1.0,采购件,总装,0.38,99.04,177.06,339.83
H97D3101045AAPK01,左后轮眉装饰件总成后段,,,1. 核心防护：防损伤、防污损、防丢失；2. 外观要求：表面无划痕、无锈蚀、无破损；3. 尺寸要求：符合设计图纸要求；4. 通用要求：无明显质量缺陷,B,1.0,采购件,总装,0.211,515.0,115.0,37.0
H97A1141001BA,主储气筒总成,,,1. 核心防护：防损伤、防污损、防丢失；2. 外观要求：表面无划痕、无锈蚀、无破损；3. 尺寸要求：符合设计图纸要求；4. 通用要求：无明显质量缺陷,B,1.0,采购件,总装,2.42,207.53,774.03,140
H97A5016007AA,堵盖Φ20,,,1. 核心防护：防损伤、防污损、防丢失；2. 外观要求：表面无划痕、无锈蚀、无破损；3. 尺寸要求：符合设计图纸要求；4. 通用要求：无明显质量缺陷,C,12.0,采购件,总装,0.002,8.54,28.27,28.26
H97A5505021AABEGA,左前延伸板总成,,,1. 核心防护：防变形、防划伤、防碰撞；2. 尺寸要求：关键尺寸偏差≤±0.5mm；3. 表面要求：无凹陷、无划痕、无锈蚀；4. 材质要求：符合设计强度标准,B,1.0,采购件,总装,0.203,326,236,72
H97A3718902AC,左后门外开手柄合件,,,1. 核心防护：防损伤、防污损、防丢失；2. 外观要求：表面无划痕、无锈蚀、无破损；3. 尺寸要求：符合设计图纸要求；4. 通用要求：无明显质量缺陷,B,1.0,采购件,总装,0.093,97.0,25.0,25.0
H97Z7903008AB,天线放大器,,,1. 核心防护：防损伤、防污损、防丢失；2. 外观要求：表面无划痕、无锈蚀、无破损；3. 尺寸要求：符合设计图纸要求；4. 通用要求：无明显质量缺陷,C,1.0,采购件,总装,0.04,90.67,32.4,16.81
H97C1104008AB,进油管3号总成,,,1. 核心防护：防挤压、防破损、防老化；2. 密封要求：接口密封良好，无泄漏风险；3. 材质要求：无裂纹、无气泡、无破损；4. 尺寸要求：内径、壁厚符合设计要求,C,1.0,采购件,总装,0.06,50.0,10.0,10.0
H97A5520125ABBEGA,左B柱下饰板总成,,,1. 核心防护：防变形、防划伤、防碰撞；2. 尺寸要求：关键尺寸偏差≤±0.5mm；3. 表面要求：无凹陷、无划痕、无锈蚀；4. 材质要求：符合设计强度标准,C,1.0,采购件,总装,0.062,68.0,10.0,10.0
H97A1113001BB,电动气泵带支架及附件总成,,,1. 核心防护：防损伤、防污损、防丢失；2. 外观要求：表面无划痕、无锈蚀、无破损；3. 尺寸要求：符合设计图纸要求；4. 通用要求：无明显质量缺陷,B,1.0,采购件,总装,8.172,372.26,406.91,253.03
H97X5518900BATE15,顶棚合件,,,1. 核心防护：防损伤、防污损、防丢失；2. 外观要求：表面无划痕、无锈蚀、无破损；3. 尺寸要求：符合设计图纸要求；4. 通用要求：无明显质量缺陷,B,1.0,采购件,总装,0.034,3100.43,1584.51,458.16
H97C5001028AA,副仪表板后安装支架总成,防锈袋,,1. 核心防护：防变形、防划伤、防碰撞；2. 尺寸要求：关键尺寸偏差≤±0.5mm；3. 表面要求：无凹陷、无划痕、无锈蚀；4. 材质要求：符合设计强度标准,C,1.0,采购件,总装,0.0266,58.0,18.0,18.0
H97D5006177AA,左翼子板摄像头防护板总成,,,1. 核心防护：防变形、防划伤、防碰撞；2. 尺寸要求：关键尺寸偏差≤±0.5mm；3. 表面要求：无凹陷、无划痕、无锈蚀；4. 材质要求：符合设计强度标准,C,1.0,采购件,总装,0.024,50.0,8.0,8.0
H97C5533009AA,后吹面风道后部,,,1. 核心防护：防损伤、防污损、防丢失；2. 外观要求：表面无划痕、无锈蚀、无破损；3. 尺寸要求：符合设计图纸要求；4. 通用要求：无明显质量缺陷,C,1.0,采购件,总装,0.0295,35.0,10.0,10.0
H97A1105002AA,空气过滤器支架,,,1. 核心防护：防损伤、防污损、防丢失；2. 外观要求：表面无划痕、无锈蚀、无破损；3. 尺寸要求：符合设计图纸要求；4. 通用要求：无明显质量缺陷,C,1.0,采购件,总装,0.026,25.0,10.0,10.0
H97D2800005AD,车架左前段总成,防锈袋,有,1. 核心防护：防损伤、防污损、防丢失；2. 外观要求：表面无划痕、无锈蚀、无破损；3. 尺寸要求：符合设计图纸要求；4. 通用要求：无明显质量缺陷,A,1.0,焊装件,焊装件,15.009,1193,620,547
H97A6309014AA,背门右撑杆下支架总成-带球头销,,,1. 核心防护：防腐蚀、防丢失、防损伤；2. 材质要求：无锈蚀、无裂纹、无变形；,C,1.0,采购件,总装,0.0102,42.0,14.0,14.0
H97A5512911ABBKGA,右后门槛迎宾护板合件,,,1. 核心防护：防变形、防划伤、防碰撞；2. 尺寸要求：关键尺寸偏差≤±0.5mm；3. 表面要求：无凹陷、无划痕、无锈蚀；4. 材质要求：符合设计强度标准,B,1.0,采购件,总装,0.828,1046,195,162
H97A8404002AE,充电口盖本体,,,1. 核心防护：防损伤、防污损、防丢失；2. 外观要求：表面无划痕、无锈蚀、无破损；3. 尺寸要求：符合设计图纸要求；4. 通用要求：无明显质量缺陷,C,1.0,采购件,总装,0.455,359.74,208.61,105.84
Q673C23F61,A型钢带式弹性软管夹箍,,,1. 核心防护：防挤压、防破损、防老化；2. 密封要求：接口密封良好，无泄漏风险；3. 材质要求：无裂纹、无气泡、无破损；4. 尺寸要求：内径、壁厚符合设计要求,C,1.0,采购件,总装,0.0087,30.0,6.0,6.0
H97E6207013AA,左后门框密封条总成,,,1. 核心防护：防损伤、防污损、防丢失；2. 外观要求：表面无划痕、无锈蚀、无破损；3. 尺寸要求：符合设计图纸要求；4. 通用要求：无明显质量缺陷,B,1.0,采购件,总装,0.0078,25.0,6.0,6.0
H97D3724115AA,左后门线束总成,,,1. 核心防护：防损伤、防污损、防丢失；2. 外观要求：表面无划痕、无锈蚀、无破损；3. 尺寸要求：符合设计图纸要求；4. 通用要求：无明显质量缺陷,C,1.0,采购件,总装,0.26,693,596,212
H97D3101035AAPK01,左后轮眉装饰件总成前段,,,1. 核心防护：防损伤、防污损、防丢失；2. 外观要求：表面无划痕、无锈蚀、无破损；3. 尺寸要求：符合设计图纸要求；4. 通用要求：无明显质量缺陷,B,1.0,采购件,总装,0.006,12.0,6.0,6.0
H97C3721001AB,低音喇叭,,,1. 核心防护：防损伤、防污损、防丢失；2. 外观要求：表面无划痕、无锈蚀、无破损；3. 尺寸要求：符合设计图纸要求；4. 通用要求：无明显质量缺陷,C,1.0,采购件,总装,0.24,135,95,83
H97A3607800AA,安全气囊控制器,,,1. 核心防护：防震动、防潮湿、防静电、防冲击；2. 电气要求：绝缘性能良好，无短路风险；3. 外观要求：外壳无破损，接口无变形；4. 存储要求：温度-20~50℃，湿度≤60%,C,1.0,采购件,总装,0.24,113.03,112.17,34.8
H97A2912015AC,左后空气弹簧总成,,,1. 核心防护：防变形、防碰撞、防锈蚀；2. 强度要求：符合设计承载标准；3. 外观要求：无裂纹、无变形、无锈蚀；4. 性能要求：减震性能良好，无异常噪音,C,1.0,采购件,总装,3.2,321,235,209
H97A6104008AA,右前门玻璃升降器总成,,,1. 核心防护：防冲击、防划伤、防破碎；2. 外观要求：无气泡、无划痕、无杂质；,B,1.0,采购件,总装,1.384,613,597,101
H97D1001001AA,发动机左悬置总成,,,1. 核心防护：防损伤、防污损、防丢失；2. 外观要求：表面无划痕、无锈蚀、无破损；3. 尺寸要求：符合设计图纸要求；4. 通用要求：无明显质量缺陷,C,1.0,采购件,总装,2.4,215,174,139
H97A6305002BA,背门锁扣总成,,,1. 核心防护：防损伤、防污损、防丢失；2. 外观要求：表面无划痕、无锈蚀、无破损；3. 尺寸要求：符合设计图纸要求；4. 通用要求：无明显质量缺陷,C,1.0,采购件,焊装件,0.19,54.42,98,57.44
H97A5520150ADBKAA,右C柱下饰板总成,,,1. 核心防护：防变形、防划伤、防碰撞；2. 尺寸要求：关键尺寸偏差≤±0.5mm；3. 表面要求：无凹陷、无划痕、无锈蚀；4. 材质要求：符合设计强度标准,B,1.0,采购件,总装,0.2,125.0,33.0,33.0
H97A6105007AB,前门内开拉丝总成,,,1. 核心防护：防损伤、防污损、防丢失；2. 外观要求：表面无划痕、无锈蚀、无破损；3. 尺寸要求：符合设计图纸要求；4. 通用要求：无明显质量缺陷,C,2.0,采购件,总装,0.046,120.0,12.0,12.0
H97D1303065AA,电池冷却器出水管总成,,,1. 核心防护：防挤压、防破损、防老化；2. 密封要求：接口密封良好，无泄漏风险；3. 材质要求：无裂纹、无气泡、无破损；4. 尺寸要求：内径、壁厚符合设计要求,C,1.0,采购件,总装,0.06,50.0,10.0,10.0
H97A1116001AA,油箱隔离阀总成,,,1. 核心防护：防损伤、防污损、防丢失；2. 外观要求：表面无划痕、无锈蚀、无破损；3. 尺寸要求：符合设计图纸要求；4. 通用要求：无明显质量缺陷,C,1.0,采购件,总装,0.45,94.45,168,54.36
H97A6107029AA,右前门前防水膜,,,1. 核心防护：防损伤、防污损、防丢失；2. 外观要求：表面无划痕、无锈蚀、无破损；3. 尺寸要求：符合设计图纸要求；4. 通用要求：无明显质量缺陷,C,1.0,采购件,总装,0.028,213,137,23
H97A5520135ABTK11,左C柱上饰板总成,,,1. 核心防护：防变形、防划伤、防碰撞；2. 尺寸要求：关键尺寸偏差≤±0.5mm；3. 表面要求：无凹陷、无划痕、无锈蚀；4. 材质要求：符合设计强度标准,C,1.0,采购件,总装,0.276,248,222,180
H97A6101041AB,左前车门防污条总成,,,1. 核心防护：防损伤、防污损、防丢失；2. 外观要求：表面无划痕、无锈蚀、无破损；3. 尺寸要求：符合设计图纸要求；4. 通用要求：无明显质量缺陷,C,1.0,采购件,总装,0.169,2129,45,25
H97A5006129AA,前风窗玻璃左装饰卡条,,,1. 核心防护：防冲击、防划伤、防破碎；2. 外观要求：无气泡、无划痕、无杂质；,C,1.0,采购件,总装,0.056,633.9,87.66,367.45
H97A5518018AB,右C柱天窗排水管,,,1. 核心防护：防变形、防划伤、防碰撞；2. 尺寸要求：关键尺寸偏差≤±0.5mm；3. 表面要求：无凹陷、无划痕、无锈蚀；4. 材质要求：符合设计强度标准,C,1.0,采购件,总装,0.26,1391,867,477
H97A3615806BA,香氛发生器,,,1. 核心防护：防损伤、防污损、防丢失；2. 外观要求：表面无划痕、无锈蚀、无破损；3. 尺寸要求：符合设计图纸要求；4. 通用要求：无明显质量缺陷,C,1.0,采购件,总装,0.0129,20.0,8.0,8.0
H97A2941006AC,左前空气弹簧管路前段,,,1. 核心防护：防挤压、防破损、防老化；2. 密封要求：接口密封良好，无泄漏风险；3. 材质要求：无裂纹、无气泡、无破损；4. 尺寸要求：内径、壁厚符合设计要求,B,1.0,采购件,总装,0.057,446.85,213.59,566.8
H97E6107008AA,右前门框密封条总成,,,1. 核心防护：防损伤、防污损、防丢失；2. 外观要求：表面无划痕、无锈蚀、无破损；3. 尺寸要求：符合设计图纸要求；4. 通用要求：无明显质量缺陷,B,1.0,采购件,总装,0.0117,1256.13,975.97,137.54
HQY1870625,快慢充插座安装螺栓,,,1. 核心防护：防腐蚀、防丢失、防损伤；2. 材质要求：无锈蚀、无裂纹、无变形；,C,8.0,采购件,总装,0.0087,30.0,6.0,6.0
H97A3104004BA,右后轮毂包下消声垫,,,1. 核心防护：防损伤、防污损、防丢失；2. 外观要求：表面无划痕、无锈蚀、无破损；3. 尺寸要求：符合设计图纸要求；4. 通用要求：无明显质量缺陷,C,1.0,采购件,总装,2,507.36,893.86,261.43
H97A8404013BC,充电指示灯,,,1. 核心防护：防损伤、防污损、防丢失；2. 外观要求：表面无划痕、无锈蚀、无破损；3. 尺寸要求：符合设计图纸要求；4. 通用要求：无明显质量缺陷,C,1.0,采购件,总装,0.0066,18.0,6.0,6.0
H97C7912005AA,车辆控制屏总成,,,1. 核心防护：防损伤、防污损、防丢失；2. 外观要求：表面无划痕、无锈蚀、无破损；3. 尺寸要求：符合设计图纸要求；4. 通用要求：无明显质量缺陷,B,1.0,采购件,总装,0.007,20.0,6.0,6.0
H97B5001279CA,油箱泄漏诊断模块安装支架Ⅰ组件,,,1. 核心防护：防震动、防潮湿、防静电、防冲击；2. 电气要求：绝缘性能良好，无短路风险；3. 外观要求：外壳无破损，接口无变形；4. 存储要求：温度-20~50℃，湿度≤60%,C,1.0,采购件,总装,0.006,12.0,6.0,6.0
H97X5100011XA,后车体总成,防锈袋,有,1. 核心防护：防损伤、防污损、防丢失；2. 外观要求：表面无划痕、无锈蚀、无破损；3. 尺寸要求：符合设计图纸要求；4. 通用要求：无明显质量缺陷,A,1.0,焊装自制件,焊装件,0.0091,1993,1506,488
H97A5006010AA,前端模块锁支架组件,,,1. 核心防护：防震动、防潮湿、防静电、防冲击；2. 电气要求：绝缘性能良好，无短路风险；3. 外观要求：外壳无破损，接口无变形；4. 存储要求：温度-20~50℃，湿度≤60%,C,1.0,采购件,总装,0.679,164.01,126,345.4
H97D1303024AA,PTC2进水软管,,,1. 核心防护：防挤压、防破损、防老化；2. 密封要求：接口密封良好，无泄漏风险；3. 材质要求：无裂纹、无气泡、无破损；4. 尺寸要求：内径、壁厚符合设计要求,C,1.0,采购件,总装,0.095,200,117,55
H97A5006030BB,右后车门防擦条总成,,,1. 核心防护：防损伤、防污损、防丢失；2. 外观要求：表面无划痕、无锈蚀、无破损；3. 尺寸要求：符合设计图纸要求；4. 通用要求：无明显质量缺陷,B,1.0,采购件,总装,0.227,989.31,30.03,46.16
H97X3629800BA,前视单目摄像头,,,1. 核心防护：防损伤、防污损、防丢失；2. 外观要求：表面无划痕、无锈蚀、无破损；3. 尺寸要求：符合设计图纸要求；4. 通用要求：无明显质量缺陷,C,1.0,采购件,总装,0.25,2036,944.3,1098.47
1101731-RA52,空气过滤器,,,1. 核心防护：防损伤、防污损、防丢失；2. 外观要求：表面无划痕、无锈蚀、无破损；3. 尺寸要求：符合设计图纸要求；4. 通用要求：无明显质量缺陷,C,1.0,采购件,总装,0.09,119.72,92.83,81.79
H97A6207024AA,右后门轮眉防污条总成,,,1. 核心防护：防损伤、防污损、防丢失；2. 外观要求：表面无划痕、无锈蚀、无破损；3. 尺寸要求：符合设计图纸要求；4. 通用要求：无明显质量缺陷,C,1.0,采购件,总装,0.2,125.0,33.0,33.0
H97D1109002AA,空气滤清器出气管总成,,,1. 核心防护：防挤压、防破损、防老化；2. 密封要求：接口密封良好，无泄漏风险；3. 材质要求：无裂纹、无气泡、无破损；4. 尺寸要求：内径、壁厚符合设计要求,C,1.0,采购件,总装,0.28,250,108,148
H97A8402022AA,机罩后沿装饰条,,,1. 核心防护：防损伤、防污损、防丢失；2. 外观要求：表面无划痕、无锈蚀、无破损；3. 尺寸要求：符合设计图纸要求；4. 通用要求：无明显质量缺陷,B,1.0,采购件,总装,0.06,50.0,10.0,10.0
H97Y8201009AA,内后视镜后装饰罩,,,1. 核心防护：防损伤、防污损、防丢失；2. 外观要求：表面无划痕、无锈蚀、无破损；3. 尺寸要求：符合设计图纸要求；4. 通用要求：无明显质量缺陷,C,1.0,采购件,总装,0.067,258.78,115.43,136.64
H97A5518017AB,左C柱天窗排水管,,,1. 核心防护：防变形、防划伤、防碰撞；2. 尺寸要求：关键尺寸偏差≤±0.5mm；3. 表面要求：无凹陷、无划痕、无锈蚀；4. 材质要求：符合设计强度标准,C,1.0,采购件,总装,0.26,1392,857,443
H97A2906002BA,前稳定杆接头总成,,,1. 核心防护：防损伤、防污损、防丢失；2. 外观要求：表面无划痕、无锈蚀、无破损；3. 尺寸要求：符合设计图纸要求；4. 通用要求：无明显质量缺陷,C,2.0,采购件,总装,0.0266,58.0,18.0,18.0
H97A5300005AA,前机舱封板分总成（左）,防锈袋,有,1. 核心防护：防变形、防划伤、防碰撞；2. 尺寸要求：关键尺寸偏差≤±0.5mm；3. 表面要求：无凹陷、无划痕、无锈蚀；4. 材质要求：符合设计强度标准,A,1.0,焊装件,焊装件,0.024,50.0,8.0,8.0
H97X3631802AH,MP5音响主机总成,,,1. 核心防护：防损伤、防污损、防丢失；2. 外观要求：表面无划痕、无锈蚀、无破损；3. 尺寸要求：符合设计图纸要求；4. 通用要求：无明显质量缺陷,C,1.0,采购件,总装,0.0295,35.0,10.0,10.0
H97D1300018AA,水管支架3,,,1. 核心防护：防挤压、防破损、防老化；2. 密封要求：接口密封良好，无泄漏风险；3. 材质要求：无裂纹、无气泡、无破损；4. 尺寸要求：内径、壁厚符合设计要求,C,1.0,采购件,总装,0.089,118,61,56
H97A5006025BB,左后车门防擦条总成,,,1. 核心防护：防损伤、防污损、防丢失；2. 外观要求：表面无划痕、无锈蚀、无破损；3. 尺寸要求：符合设计图纸要求；4. 通用要求：无明显质量缺陷,B,1.0,采购件,总装,0.227,989.31,30.03,46.16
H97A2803034AA,前保险杠右上安装座,,,1. 核心防护：防损伤、防污损、防丢失；2. 外观要求：表面无划痕、无锈蚀、无破损；3. 尺寸要求：符合设计图纸要求；4. 通用要求：无明显质量缺陷,C,1.0,采购件,总装,0.0102,42.0,14.0,14.0
H97B2312002CA,前电机左前悬置总成,,,1. 核心防护：防震动、防潮湿、防静电、防冲击；2. 电气要求：绝缘性能良好，无短路风险；3. 外观要求：外壳无破损，接口无变形；4. 存储要求：温度-20~50℃，湿度≤60%,C,1.0,采购件,总装,0.0129,20.0,8.0,8.0
H97D5517005AA,后出风口总成,,,1. 核心防护：防损伤、防污损、防丢失；2. 外观要求：表面无划痕、无锈蚀、无破损；3. 尺寸要求：符合设计图纸要求；4. 通用要求：无明显质量缺陷,C,1.0,采购件,总装,0.0117,16.0,8.0,8.0
H97D3506001AA,制动管路1号总成,,,1. 核心防护：防挤压、防破损、防老化；2. 密封要求：接口密封良好，无泄漏风险；3. 材质要求：无裂纹、无气泡、无破损；4. 尺寸要求：内径、壁厚符合设计要求,C,1.0,采购件,总装,0.0087,30.0,6.0,6.0
H97A3720012AA,电动后背门关闭开关,,,1. 核心防护：防损伤、防污损、防丢失；2. 外观要求：表面无划痕、无锈蚀、无破损；3. 尺寸要求：符合设计图纸要求；4. 通用要求：无明显质量缺陷,C,1.0,采购件,总装,0.0187,34.66,56.09,40.4
H97A9512003AA,防异响毛毡,,,1. 核心防护：防损伤、防污损、防丢失；2. 外观要求：表面无划痕、无锈蚀、无破损；3. 尺寸要求：符合设计图纸要求；4. 通用要求：无明显质量缺陷,C,6.0,采购件,总装,0.0066,18.0,6.0,6.0
H97A5518006AA,天窗密封条,,,1. 核心防护：防冲击、防划伤、防破碎；2. 外观要求：无气泡、无划痕、无杂质；,B,1.0,采购件,总装,0.007,20.0,6.0,6.0
H97X5100004XA,前地板总成,防锈袋,有,1. 核心防护：防变形、防划伤、防碰撞；2. 尺寸要求：关键尺寸偏差≤±0.5mm；3. 表面要求：无凹陷、无划痕、无锈蚀；4. 材质要求：符合设计强度标准,A,1.0,焊装自制件,焊装件,0.0063,1520,292,1683
H97A5301111AC,水箱上横梁右安装板组件,,,1. 核心防护：防变形、防划伤、防碰撞；2. 尺寸要求：关键尺寸偏差≤±0.5mm；3. 表面要求：无凹陷、无划痕、无锈蚀；4. 材质要求：符合设计强度标准,C,1.0,采购件,总装,0.006,12.0,6.0,6.0
H97A5520155ACBEGA,左D柱上饰板总成,,,1. 核心防护：防变形、防划伤、防碰撞；2. 尺寸要求：关键尺寸偏差≤±0.5mm；3. 表面要求：无凹陷、无划痕、无锈蚀；4. 材质要求：符合设计强度标准,C,1.0,采购件,总装,0.56,632,288,391
1108312-RA01,加速踏板螺栓堵盖2,,,1. 核心防护：防变形、防划伤、防碰撞；2. 尺寸要求：关键尺寸偏差≤±0.5mm；3. 表面要求：无凹陷、无划痕、无锈蚀；4. 材质要求：符合设计强度标准,C,1.0,采购件,总装,0.009,32.75,23.4,25.89
H53A3629001AB,带数据传输USB充电器,,,1. 核心防护：防震动、防潮湿、防静电、防冲击；2. 电气要求：绝缘性能良好，无短路风险；3. 外观要求：外壳无破损，接口无变形；4. 存储要求：温度-20~50℃，湿度≤60%,C,1.0,采购件,总装,0.06,50.65,59.02,51.9
H97D6203008BA,右后门玻璃总成,PE袋,,1. 核心防护：防冲击、防划伤、防破碎；2. 外观要求：无气泡、无划痕、无杂质；,A,1.0,采购件,总装,5.85,1055.65,195.76,998.05
H97C5207001AA,清洗剂储液罐总成,,,1. 核心防护：防损伤、防污损、防丢失；2. 外观要求：表面无划痕、无锈蚀、无破损；3. 尺寸要求：符合设计图纸要求；4. 通用要求：无明显质量缺陷,C,1.0,采购件,总装,0.46,192.91,681.68,584.84
H97A5205011AA,左前雨刮臂总成,,,1. 核心防护：防损伤、防污损、防丢失；2. 外观要求：表面无划痕、无锈蚀、无破损；3. 尺寸要求：符合设计图纸要求；4. 通用要求：无明显质量缺陷,C,1.0,采购件,总装,0.458,649,101,74
H97A6307006AA,背门框密封条总成,,,1. 核心防护：防损伤、防污损、防丢失；2. 外观要求：表面无划痕、无锈蚀、无破损；3. 尺寸要求：符合设计图纸要求；4. 通用要求：无明显质量缺陷,C,1.0,采购件,总装,1.63,348.56,1384.26,1035.32
H97D3730302AA,电池包搭铁线束,,,1. 核心防护：防震动、防潮湿、防静电、防冲击；2. 电气要求：绝缘性能良好，无短路风险；3. 外观要求：外壳无破损，接口无变形；4. 存储要求：温度-20~50℃，湿度≤60%,C,1.0,采购件,总装,0.11,155,114,60
1108311-RA01,加速踏板螺栓堵盖1,,,1. 核心防护：防变形、防划伤、防碰撞；2. 尺寸要求：关键尺寸偏差≤±0.5mm；3. 表面要求：无凹陷、无划痕、无锈蚀；4. 材质要求：符合设计强度标准,C,1.0,采购件,总装,0.008,30.62,23.4,25.77
H97C5001029CA,门槛连接梁总成,,,1. 核心防护：防变形、防划伤、防碰撞；2. 尺寸要求：关键尺寸偏差≤±0.5mm；3. 表面要求：无凹陷、无划痕、无锈蚀；4. 材质要求：符合设计强度标准,C,1.0,采购件,总装,2,400.0,240.0,310.0
H97A5501065BABKGA,仪表板左下底板总成,,,1. 核心防护：防变形、防划伤、防碰撞；2. 尺寸要求：关键尺寸偏差≤±0.5mm；3. 表面要求：无凹陷、无划痕、无锈蚀；4. 材质要求：符合设计强度标准,C,1.0,采购件,总装,0.36,78.2,332.48,579.52
H97A6104007AA,左前门玻璃升降器总成,,,1. 核心防护：防冲击、防划伤、防破碎；2. 外观要求：无气泡、无划痕、无杂质；,B,1.0,采购件,总装,1.384,613,597,101
H97D1303047AA,四通到发动机软管,,,1. 核心防护：防挤压、防破损、防老化；2. 密封要求：接口密封良好，无泄漏风险；3. 材质要求：无裂纹、无气泡、无破损；4. 尺寸要求：内径、壁厚符合设计要求,C,1.0,采购件,总装,0.013,160.0,30.0,5.0
H97B3101005AC,左前轮罩挡泥板总成,,,1. 核心防护：防变形、防划伤、防碰撞；2. 尺寸要求：关键尺寸偏差≤±0.5mm；3. 表面要求：无凹陷、无划痕、无锈蚀；4. 材质要求：符合设计强度标准,B,1.0,采购件,总装,1.232,986.46,565.96,750.77
H97C1311015AA,蓄水瓶衬套,,,1. 核心防护：防老化、防挤压、防变形；2. 材质要求：无裂纹、无异味、无破损；3. 尺寸要求：关键尺寸偏差≤±1.0mm；4. 性能要求：弹性符合设计标准,C,2.0,采购件,总装,3.497,973.0,660.0,340.0
H97D1303027AA,蓄水瓶进水软管,,,1. 核心防护：防挤压、防破损、防老化；2. 密封要求：接口密封良好，无泄漏风险；3. 材质要求：无裂纹、无气泡、无破损；4. 尺寸要求：内径、壁厚符合设计要求,C,1.0,采购件,总装,0.3,295.0,210.0,56.0
H97A5701005AB,顶盖前横梁焊接总成,防锈袋,有,1. 核心防护：防变形、防划伤、防碰撞；2. 尺寸要求：关键尺寸偏差≤±0.5mm；3. 表面要求：无凹陷、无划痕、无锈蚀；4. 材质要求：符合设计强度标准,A,1.0,焊装件,焊装件,3.28,1266,200,56
H97X3601800BA,发动机控制器,,,1. 核心防护：防震动、防潮湿、防静电、防冲击；2. 电气要求：绝缘性能良好，无短路风险；3. 外观要求：外壳无破损，接口无变形；4. 存储要求：温度-20~50℃，湿度≤60%,B,1.0,采购件,总装,1.65,2445.0,90.0,45.0
H97A2803029AB,前保险杠左安装座,,,1. 核心防护：防损伤、防污损、防丢失；2. 外观要求：表面无划痕、无锈蚀、无破损；3. 尺寸要求：符合设计图纸要求；4. 通用要求：无明显质量缺陷,C,1.0,采购件,总装,0.071,227.2,84.93,130.11
5205011-RA01,前雨刮臂端盖,,,1. 核心防护：防损伤、防污损、防丢失；2. 外观要求：表面无划痕、无锈蚀、无破损；3. 尺寸要求：符合设计图纸要求；4. 通用要求：无明显质量缺陷,C,2.0,采购件,总装,0.0029,27,27,22
H97Z3923002AA,车型编码标牌,,,1. 核心防护：防损伤、防污损、防丢失；2. 外观要求：表面无划痕、无锈蚀、无破损；3. 尺寸要求：符合设计图纸要求；4. 通用要求：无明显质量缺陷,C,1.0,采购件,总装,0.0139,32.15,218.39,40.03
H97A8212004AC,前排安全带高度调节器,,,1. 核心防护：防损伤、防污损、防丢失；2. 外观要求：表面无划痕、无锈蚀、无破损；3. 尺寸要求：符合设计图纸要求；4. 通用要求：无明显质量缺陷,C,2.0,采购件,总装,0.248,36.56,185,49.2
H97A6107013AA,左前门窗台内密封条总成,,,1. 核心防护：防损伤、防污损、防丢失；2. 外观要求：表面无划痕、无锈蚀、无破损；3. 尺寸要求：符合设计图纸要求；4. 通用要求：无明显质量缺陷,C,1.0,采购件,总装,0.3,812,73,41
H97A5520112AC,右后侧围下部安装支架,,,1. 核心防护：防损伤、防污损、防丢失；2. 外观要求：表面无划痕、无锈蚀、无破损；3. 尺寸要求：符合设计图纸要求；4. 通用要求：无明显质量缺陷,B,1.0,采购件,总装,0.322,393,100,100
H97A6207027AA,左后门防水膜,,,1. 核心防护：防损伤、防污损、防丢失；2. 外观要求：表面无划痕、无锈蚀、无破损；3. 尺寸要求：符合设计图纸要求；4. 通用要求：无明显质量缺陷,C,1.0,采购件,总装,0.077,438.85,435.85,60.08
H97X3724111AB,左前门线束总成,,,1. 核心防护：防损伤、防污损、防丢失；2. 外观要求：表面无划痕、无锈蚀、无破损；3. 尺寸要求：符合设计图纸要求；4. 通用要求：无明显质量缺陷,C,1.0,采购件,总装,0.64,959,649,206
H97Y1300003AB,三通比例阀安装支架,,,1. 核心防护：防损伤、防污损、防丢失；2. 外观要求：表面无划痕、无锈蚀、无破损；3. 尺寸要求：符合设计图纸要求；4. 通用要求：无明显质量缺陷,C,1.0,采购件,总装,0.155,138,128,90
H97D1303066BA,低温散热器出水管后段,,,1. 核心防护：防挤压、防破损、防老化；2. 密封要求：接口密封良好，无泄漏风险；3. 材质要求：无裂纹、无气泡、无破损；4. 尺寸要求：内径、壁厚符合设计要求,C,1.0,采购件,总装,0.093,97.0,25.0,25.0
H97A5517010AB,空调进气道风管总成,,,1. 核心防护：防挤压、防破损、防老化；2. 密封要求：接口密封良好，无泄漏风险；3. 材质要求：无裂纹、无气泡、无破损；4. 尺寸要求：内径、壁厚符合设计要求,C,1.0,采购件,总装,0.121,120.0,12.0,12.0
H97A5511910BCBEGA,左前门槛迎宾护板合件,,,1. 核心防护：防变形、防划伤、防碰撞；2. 尺寸要求：关键尺寸偏差≤±0.5mm；3. 表面要求：无凹陷、无划痕、无锈蚀；4. 材质要求：符合设计强度标准,B,1.0,采购件,总装,0.547,645,323,114
H97A8402014AA,发动机罩后密封条总成,,,1. 核心防护：防损伤、防污损、防丢失；2. 外观要求：表面无划痕、无锈蚀、无破损；3. 尺寸要求：符合设计图纸要求；4. 通用要求：无明显质量缺陷,C,1.0,采购件,总装,0.45,1279.03,65.68,52.15
H97Y1201010AA,后消声器总成,,,1. 核心防护：防损伤、防污损、防丢失；2. 外观要求：表面无划痕、无锈蚀、无破损；3. 尺寸要求：符合设计图纸要求；4. 通用要求：无明显质量缺陷,B,1.0,采购件,总装,10.9,1550,1328,218
H97C3609006AG,手机无线充电控制器,,,1. 核心防护：防震动、防潮湿、防静电、防冲击；2. 电气要求：绝缘性能良好，无短路风险；3. 外观要求：外壳无破损，接口无变形；4. 存储要求：温度-20~50℃，湿度≤60%,C,1.0,采购件,总装,0.034,40.0,10.0,10.0
H97A8404014AA,加油口盖排水管总成,,,1. 核心防护：防挤压、防破损、防老化；2. 密封要求：接口密封良好，无泄漏风险；3. 材质要求：无裂纹、无气泡、无破损；4. 尺寸要求：内径、壁厚符合设计要求,C,1.0,采购件,总装,0.03,607,187,104
H97A3404002AB,转向下轴,,,1. 核心防护：防损伤、防污损、防丢失；2. 外观要求：表面无划痕、无锈蚀、无破损；3. 尺寸要求：符合设计图纸要求；4. 通用要求：无明显质量缺陷,B,1.0,采购件,总装,0.024,50.0,8.0,8.0
H97A6204011AA,左后门玻璃升降器总成,,,1. 核心防护：防冲击、防划伤、防破碎；2. 外观要求：无气泡、无划痕、无杂质；,B,1.0,采购件,总装,1.303,630,487,100
H97Y2803005ABBK01,前保险杠总成,,,1. 核心防护：防损伤、防污损、防丢失；2. 外观要求：表面无划痕、无锈蚀、无破损；3. 尺寸要求：符合设计图纸要求；4. 通用要求：无明显质量缺陷,B,1.0,采购件,总装,0.026,1978.35,620,745.412
H97D5006186AA,左前车门上装饰条,,,1. 核心防护：防损伤、防污损、防丢失；2. 外观要求：表面无划痕、无锈蚀、无破损；3. 尺寸要求：符合设计图纸要求；4. 通用要求：无明显质量缺陷,C,1.0,采购件,总装,0.018,16.0,8.0,8.0
H97A6107014AA,右前门窗台内密封条总成,,,1. 核心防护：防损伤、防污损、防丢失；2. 外观要求：表面无划痕、无锈蚀、无破损；3. 尺寸要求：符合设计图纸要求；4. 通用要求：无明显质量缺陷,C,1.0,采购件,总装,0.3,812,73,41
H97D1001007AA,发动机左悬置支架,,,1. 核心防护：防损伤、防污损、防丢失；2. 外观要求：表面无划痕、无锈蚀、无破损；3. 尺寸要求：符合设计图纸要求；4. 通用要求：无明显质量缺陷,C,1.0,采购件,总装,0.0117,16.0,8.0,8.0
H97A8404011AA,排水管护套,,,1. 核心防护：防挤压、防破损、防老化；2. 密封要求：接口密封良好，无泄漏风险；3. 材质要求：无裂纹、无气泡、无破损；4. 尺寸要求：内径、壁厚符合设计要求,C,2.0,采购件,总装,0.0015,29,28.96,9.2
H97C8212012BA,后排双带扣组件,,,1. 核心防护：防损伤、防污损、防丢失；2. 外观要求：表面无划痕、无锈蚀、无破损；3. 尺寸要求：符合设计图纸要求；4. 通用要求：无明显质量缺陷,C,1.0,采购件,总装,0.0078,25.0,6.0,6.0
H97D3730106AA,车载充电机搭铁线,,,1. 核心防护：防震动、防潮湿、防静电、防冲击；2. 电气要求：绝缘性能良好，无短路风险；3. 外观要求：外壳无破损，接口无变形；4. 存储要求：温度-20~50℃，湿度≤60%,C,1.0,采购件,总装,0.0066,152.97,138.66,75.11
H97A3602022AD,右前轮速传感器总成,,,1. 核心防护：防震动、防潮湿、防静电、防冲击；2. 电气要求：绝缘性能良好，无短路风险；3. 外观要求：外壳无破损，接口无变形；4. 存储要求：温度-20~50℃，湿度≤60%,C,1.0,采购件,总装,0.0063,16.0,6.0,6.0
H97A6309001AA,车门上背门限位器,,,1. 核心防护：防损伤、防污损、防丢失；2. 外观要求：表面无划痕、无锈蚀、无破损；3. 尺寸要求：符合设计图纸要求；4. 通用要求：无明显质量缺陷,C,2.0,采购件,总装,0.034,74,51,50
H97D6900900AEUG04,前排主驾驶员座椅合件,无,,1. 核心防护：防污损、防变形、防划伤；2. 结构要求：骨架无变形，面料无破损；3. 功能要求：调节机构灵活，无卡滞；4. 外观要求：面料无污渍，缝线整齐,A,1.0,采购件,总装,0.0295,1092.98,859.51,554.88
H97A8402019AA,发动机罩前密封条总成,,,1. 核心防护：防损伤、防污损、防丢失；2. 外观要求：表面无划痕、无锈蚀、无破损；3. 尺寸要求：符合设计图纸要求；4. 通用要求：无明显质量缺陷,C,1.0,采购件,总装,0.113,1625.32,90.48,536.48
H97A5515005ABJK05,后背门上装饰板总成,,,1. 核心防护：防变形、防划伤、防碰撞；2. 尺寸要求：关键尺寸偏差≤±0.5mm；3. 表面要求：无凹陷、无划痕、无锈蚀；4. 材质要求：符合设计强度标准,C,1.0,采购件,总装,0.609,1210,141,92
H97A2803031AB,前保险杠右安装座,,,1. 核心防护：防损伤、防污损、防丢失；2. 外观要求：表面无划痕、无锈蚀、无破损；3. 尺寸要求：符合设计图纸要求；4. 通用要求：无明显质量缺陷,C,1.0,采购件,总装,0.071,227.22,84.93,130.11
H97D3703004AA,蓄电池排气管,,,1. 核心防护：防挤压、防破损、防老化；2. 密封要求：接口密封良好，无泄漏风险；3. 材质要求：无裂纹、无气泡、无破损；4. 尺寸要求：内径、壁厚符合设计要求,C,1.0,采购件,总装,0.194,332.0,91.0,56.0
H97A5301058AA,前防撞梁连接板（右）,,,1. 核心防护：防变形、防划伤、防碰撞；2. 尺寸要求：关键尺寸偏差≤±0.5mm；3. 表面要求：无凹陷、无划痕、无锈蚀；4. 材质要求：符合设计强度标准,B,1.0,采购件,总装,0.007,25.0,6.0,6.0
H97A2800010CN,车架右前段总成,防锈袋,有,1. 核心防护：防损伤、防污损、防丢失；2. 外观要求：表面无划痕、无锈蚀、无破损；3. 尺寸要求：符合设计图纸要求；4. 通用要求：无明显质量缺陷,A,1.0,焊装件,焊装件,15.009,1193,624,442
H97A6204012AA,右后门玻璃升降器总成,,,1. 核心防护：防冲击、防划伤、防破碎；2. 外观要求：无气泡、无划痕、无杂质；,B,1.0,采购件,总装,1.303,630,487,100
H97A5501129AA,仪表板前端毛毡,,,1. 核心防护：防变形、防划伤、防碰撞；2. 尺寸要求：关键尺寸偏差≤±0.5mm；3. 表面要求：无凹陷、无划痕、无锈蚀；4. 材质要求：符合设计强度标准,C,5.0,采购件,总装,0.001,25.06,40,4.4
H97A2804023AA,后保险杠左上安装座,,,1. 核心防护：防损伤、防污损、防丢失；2. 外观要求：表面无划痕、无锈蚀、无破损；3. 尺寸要求：符合设计图纸要求；4. 通用要求：无明显质量缺陷,C,1.0,采购件,总装,0.468,151.99,189.16,325.35
H97A5520113AB,左后侧围安装支架,,,1. 核心防护：防损伤、防污损、防丢失；2. 外观要求：表面无划痕、无锈蚀、无破损；3. 尺寸要求：符合设计图纸要求；4. 通用要求：无明显质量缺陷,C,1.0,采购件,总装,0.0266,58.0,18.0,18.0
H97A6107026AA,左前门前防水膜,,,1. 核心防护：防损伤、防污损、防丢失；2. 外观要求：表面无划痕、无锈蚀、无破损；3. 尺寸要求：符合设计图纸要求；4. 通用要求：无明显质量缺陷,C,1.0,采购件,总装,0.028,213,137,23
H97E6301075AA,后背门左侧扰流板总成,,,1. 核心防护：防变形、防划伤、防碰撞；2. 尺寸要求：关键尺寸偏差≤±0.5mm；3. 表面要求：无凹陷、无划痕、无锈蚀；4. 材质要求：符合设计强度标准,B,1.0,采购件,总装,0.509,481,293,274
H97D3615818DA,水加热PTC总成,,,1. 核心防护：防损伤、防污损、防丢失；2. 外观要求：表面无划痕、无锈蚀、无破损；3. 尺寸要求：符合设计图纸要求；4. 通用要求：无明显质量缺陷,B,1.0,采购件,总装,2.7,325,216,78
H97A5515023AB,遮物帘总成,,,1. 核心防护：防损伤、防污损、防丢失；2. 外观要求：表面无划痕、无锈蚀、无破损；3. 尺寸要求：符合设计图纸要求；4. 通用要求：无明显质量缺陷,B,1.0,采购件,总装,0.0129,20.0,8.0,8.0
H97A3104003AB,左后轮毂包下消声垫,,,1. 核心防护：防损伤、防污损、防丢失；2. 外观要求：表面无划痕、无锈蚀、无破损；3. 尺寸要求：符合设计图纸要求；4. 通用要求：无明显质量缺陷,C,1.0,采购件,总装,2,905.73,515.78,263.42
H97A5533008AB,右后吹足管道后段,,,1. 核心防护：防挤压、防破损、防老化；2. 密封要求：接口密封良好，无泄漏风险；3. 材质要求：无裂纹、无气泡、无破损；4. 尺寸要求：内径、壁厚符合设计要求,C,1.0,采购件,总装,0.1644,236,182,95
H97D5206010AA,右后角窗玻璃总成,,,1. 核心防护：防冲击、防划伤、防破碎；2. 外观要求：无气泡、无划痕、无杂质；,B,1.0,采购件,总装,4.8,506.39,1252.4,158.18
H97A8405034AB,风窗流水槽盖板右密封件,,,1. 核心防护：防变形、防划伤、防碰撞；2. 尺寸要求：关键尺寸偏差≤±0.5mm；3. 表面要求：无凹陷、无划痕、无锈蚀；4. 材质要求：符合设计强度标准,C,1.0,采购件,总装,0.0078,25.0,6.0,6.0
H97A5013001AA,左后侧围吸音棉,,,1. 核心防护：防损伤、防污损、防丢失；2. 外观要求：表面无划痕、无锈蚀、无破损；3. 尺寸要求：符合设计图纸要求；4. 通用要求：无明显质量缺陷,C,1.0,采购件,总装,0.045,348.17,94.26,470.06
H97A5001045AB,前排左后拉手支架组件,,,1. 核心防护：防损伤、防污损、防丢失；2. 外观要求：表面无划痕、无锈蚀、无破损；3. 尺寸要求：符合设计图纸要求；4. 通用要求：无明显质量缺陷,C,1.0,采购件,总装,0.0063,16.0,6.0,6.0
H97A3605868AE,隐藏式门把手控制器,,,1. 核心防护：防震动、防潮湿、防静电、防冲击；2. 电气要求：绝缘性能良好，无短路风险；3. 外观要求：外壳无破损，接口无变形；4. 存储要求：温度-20~50℃，湿度≤60%,C,4.0,采购件,总装,0.006,12.0,6.0,6.0
H97Z2309001AC,左前驱动轴总成,防锈袋,,1. 核心防护：防损伤、防污损、防丢失；2. 外观要求：表面无划痕、无锈蚀、无破损；3. 尺寸要求：符合设计图纸要求；4. 通用要求：无明显质量缺陷,B,1.0,采购件,总装,8.6,769,128,109
H97E3501010AAHSKQ,右前制动器总成,防锈袋,,1. 核心防护：防油污、防划伤、防锈蚀；2. 性能要求：摩擦系数符合标准，无偏磨；3. 外观要求：表面无油污，无锈蚀；4. 尺寸要求：厚度、直径符合设计要求,B,1.0,采购件,总装,0.0063,620,405,200
H97D1109003AA,空气滤清器总成,,,1. 核心防护：防损伤、防污损、防丢失；2. 外观要求：表面无划痕、无锈蚀、无破损；3. 尺寸要求：符合设计图纸要求；4. 通用要求：无明显质量缺陷,C,1.0,采购件,总装,1.08,367,227,210
H97D6900901ACUK02,前排副驾驶员座椅合件,无,,1. 核心防护：防污损、防变形、防划伤；2. 结构要求：骨架无变形，面料无破损；3. 功能要求：调节机构灵活，无卡滞；4. 外观要求：面料无污渍，缝线整齐,A,1.0,采购件,总装,0.0107,1092.69,859.51,554.88
H97E5301025AA,前围焊接分总成,防锈袋,有,1. 核心防护：防损伤、防污损、防丢失；2. 外观要求：表面无划痕、无锈蚀、无破损；3. 尺寸要求：符合设计图纸要求；4. 通用要求：无明显质量缺陷,A,1.0,焊装件,焊装件,1.69,1800.0,80.0,80.0
H56A3506015AA,制动管路双管夹,,,1. 核心防护：防挤压、防破损、防老化；2. 密封要求：接口密封良好，无泄漏风险；3. 材质要求：无裂纹、无气泡、无破损；4. 尺寸要求：内径、壁厚符合设计要求,C,7.0,采购件,总装,0.0027,25,23.17,16
H97A5016011AA,Φ50孔贴,,,1. 核心防护：防损伤、防污损、防丢失；2. 外观要求：表面无划痕、无锈蚀、无破损；3. 尺寸要求：符合设计图纸要求；4. 通用要求：无明显质量缺陷,C,7.0,采购件,总装,0.015,50,49.86,2
H97B9102001AA,前电机隔热板,,,1. 核心防护：防变形、防划伤、防碰撞；2. 尺寸要求：关键尺寸偏差≤±0.5mm；3. 表面要求：无凹陷、无划痕、无锈蚀；4. 材质要求：符合设计强度标准,C,1.0,采购件,总装,0.0007,12.0,10.0,10.0
H97A7903007AA,负极滤波器,,,1. 核心防护：防损伤、防污损、防丢失；2. 外观要求：表面无划痕、无锈蚀、无破损；3. 尺寸要求：符合设计图纸要求；4. 通用要求：无明显质量缺陷,C,1.0,采购件,总装,0.028,116.73,82.94,228.67
H97A2912020AC,右后空气弹簧总成,,,1. 核心防护：防变形、防碰撞、防锈蚀；2. 强度要求：符合设计承载标准；3. 外观要求：无裂纹、无变形、无锈蚀；4. 性能要求：减震性能良好，无异常噪音,C,1.0,采购件,总装,3.2,321,235,209
H97A6105012AA,右前门锁体,,,1. 核心防护：防损伤、防污损、防丢失；2. 外观要求：表面无划痕、无锈蚀、无破损；3. 尺寸要求：符合设计图纸要求；4. 通用要求：无明显质量缺陷,C,1.0,采购件,总装,1.62,568.26,518.48,103.49
H97A5515001AAJK05,拉手盒扣盖,,,1. 核心防护：防损伤、防污损、防丢失；2. 外观要求：表面无划痕、无锈蚀、无破损；3. 尺寸要求：符合设计图纸要求；4. 通用要求：无明显质量缺陷,C,1.0,采购件,总装,0.051,255,46,44
H97A6105006AA,锁芯连杆,,,1. 核心防护：防损伤、防污损、防丢失；2. 外观要求：表面无划痕、无锈蚀、无破损；3. 尺寸要求：符合设计图纸要求；4. 通用要求：无明显质量缺陷,C,1.0,采购件,总装,0.011,136.32,48.57,21.48
H97A5001043AB,前排右前拉手支架组件,,,1. 核心防护：防损伤、防污损、防丢失；2. 外观要求：表面无划痕、无锈蚀、无破损；3. 尺寸要求：符合设计图纸要求；4. 通用要求：无明显质量缺陷,C,1.0,采购件,总装,0.0176,20.0,8.0,8.0
H37A1108001AA,加速踏板,,,1. 核心防护：防变形、防划伤、防碰撞；2. 尺寸要求：关键尺寸偏差≤±0.5mm；3. 表面要求：无凹陷、无划痕、无锈蚀；4. 材质要求：符合设计强度标准,C,1.0,采购件,总装,0.426,185.24,117.59,212.06
5205103-RA01,左前刮片总成,,,1. 核心防护：防损伤、防污损、防丢失；2. 外观要求：表面无划痕、无锈蚀、无破损；3. 尺寸要求：符合设计图纸要求；4. 通用要求：无明显质量缺陷,C,1.0,采购件,总装,0.125,694,41,39
H97E5006013AA,泄压阀总成,,,1. 核心防护：防损伤、防污损、防丢失；2. 外观要求：表面无划痕、无锈蚀、无破损；3. 尺寸要求：符合设计图纸要求；4. 通用要求：无明显质量缺陷,C,2.0,采购件,总装,0.081,178.79,46.78,146.87
H97D1303081AA,三通比例阀到chiller水管,,,1. 核心防护：防挤压、防破损、防老化；2. 密封要求：接口密封良好，无泄漏风险；3. 材质要求：无裂纹、无气泡、无破损；4. 尺寸要求：内径、壁厚符合设计要求,C,1.0,采购件,总装,0.459,763,399,333
H97C9340003AA,快充充电插座总成,,,1. 核心防护：防损伤、防污损、防丢失；2. 外观要求：表面无划痕、无锈蚀、无破损；3. 尺寸要求：符合设计图纸要求；4. 通用要求：无明显质量缺陷,C,1.0,采购件,总装,0.13,220.0,69.0,30.0
H97A5505017AABKGB,香氛堵盖,,,1. 核心防护：防损伤、防污损、防丢失；2. 外观要求：表面无划痕、无锈蚀、无破损；3. 尺寸要求：符合设计图纸要求；4. 通用要求：无明显质量缺陷,C,1.0,采购件,总装,0.154,90.0,14.0,14.0
H97D1303074AA,低温散热器出水管总成,,,1. 核心防护：防挤压、防破损、防老化；2. 密封要求：接口密封良好，无泄漏风险；3. 材质要求：无裂纹、无气泡、无破损；4. 尺寸要求：内径、壁厚符合设计要求,C,1.0,采购件,总装,1.294,1500,546,153
H56A8402039AA,发动机罩缓冲块,,,1. 核心防护：防老化、防挤压、防变形；2. 材质要求：无裂纹、无异味、无破损；3. 尺寸要求：关键尺寸偏差≤±1.0mm；4. 性能要求：弹性符合设计标准,C,4.0,采购件,总装,0.11,38,30,25
H97X3629821AB,自动泊车控制器,,,1. 核心防护：防震动、防潮湿、防静电、防冲击；2. 电气要求：绝缘性能良好，无短路风险；3. 外观要求：外壳无破损，接口无变形；4. 存储要求：温度-20~50℃，湿度≤60%,C,1.0,采购件,总装,0.556,200.69,59.65,115.94
H97D1303139AB,发电机进出水管总成,,,1. 核心防护：防挤压、防破损、防老化；2. 密封要求：接口密封良好，无泄漏风险；3. 材质要求：无裂纹、无气泡、无破损；4. 尺寸要求：内径、壁厚符合设计要求,C,1.0,采购件,总装,0.411,3805.0,15.0,20.0
H97C1303014AB,充电机水管总成,,,1. 核心防护：防挤压、防破损、防老化；2. 密封要求：接口密封良好，无泄漏风险；3. 材质要求：无裂纹、无气泡、无破损；4. 尺寸要求：内径、壁厚符合设计要求,C,1.0,采购件,总装,4.8,357.0,250.0,192.0
H97A2941011AC,左后空气弹簧管路,,,1. 核心防护：防挤压、防破损、防老化；2. 密封要求：接口密封良好，无泄漏风险；3. 材质要求：无裂纹、无气泡、无破损；4. 尺寸要求：内径、壁厚符合设计要求,C,1.0,采购件,总装,0.051,700.23,1303.83,202.38
H97D3724117AA,右后门线束总成,,,1. 核心防护：防损伤、防污损、防丢失；2. 外观要求：表面无划痕、无锈蚀、无破损；3. 尺寸要求：符合设计图纸要求；4. 通用要求：无明显质量缺陷,C,1.0,采购件,总装,0.26,693,596,212
H97E5205004AA,后刮臂刮片总成,,,1. 核心防护：防损伤、防污损、防丢失；2. 外观要求：表面无划痕、无锈蚀、无破损；3. 尺寸要求：符合设计图纸要求；4. 通用要求：无明显质量缺陷,C,1.0,采购件,总装,0.18,413.38,60.8,37.06
H97A5001086AA,右后排安全带导向杆总成,,,1. 核心防护：防损伤、防污损、防丢失；2. 外观要求：表面无划痕、无锈蚀、无破损；3. 尺寸要求：符合设计图纸要求；4. 通用要求：无明显质量缺陷,C,1.0,采购件,总装,0.003,34.0,23.0,23.0
H97A7903012AB,后PS天线,,,1. 核心防护：防损伤、防污损、防丢失；2. 外观要求：表面无划痕、无锈蚀、无破损；3. 尺寸要求：符合设计图纸要求；4. 通用要求：无明显质量缺陷,C,2.0,采购件,总装,0.042,36.6,118.5,25
H97A2804021AB,后保险杠左安装座,,,1. 核心防护：防损伤、防污损、防丢失；2. 外观要求：表面无划痕、无锈蚀、无破损；3. 尺寸要求：符合设计图纸要求；4. 通用要求：无明显质量缺陷,C,1.0,采购件,总装,0.159,178.41,62.06,333.78
H973602002,侧碰传感器,,,1. 核心防护：防震动、防潮湿、防静电、防冲击；2. 电气要求：绝缘性能良好，无短路风险；3. 外观要求：外壳无破损，接口无变形；4. 存储要求：温度-20~50℃，湿度≤60%,C,2.0,采购件,总装,0.013,36.94,24.3,35.1
H56B1116002AA,油箱泄漏诊断模块,,,1. 核心防护：防震动、防潮湿、防静电、防冲击；2. 电气要求：绝缘性能良好，无短路风险；3. 外观要求：外壳无破损，接口无变形；4. 存储要求：温度-20~50℃，湿度≤60%,C,1.0,采购件,总装,0.38,126,91,82
H97A8404004AA,充电口盖闭锁器总成,,,1. 核心防护：防损伤、防污损、防丢失；2. 外观要求：表面无划痕、无锈蚀、无破损；3. 尺寸要求：符合设计图纸要求；4. 通用要求：无明显质量缺陷,C,2.0,采购件,总装,0.411,550.0,310.0,90.0
H97A5006050AC,右前门B柱装饰板总成,,,1. 核心防护：防变形、防划伤、防碰撞；2. 尺寸要求：关键尺寸偏差≤±0.5mm；3. 表面要求：无凹陷、无划痕、无锈蚀；4. 材质要求：符合设计强度标准,B,1.0,采购件,总装,3.497,900.0,698.0,285.0
H97D5704005AB,顶盖左行李架总成,,,1. 核心防护：防损伤、防污损、防丢失；2. 外观要求：表面无划痕、无锈蚀、无破损；3. 尺寸要求：符合设计图纸要求；4. 通用要求：无明显质量缺陷,B,1.0,采购件,总装,0.05,853.0,30.0,41.0
H97E6107007AA,左前门框密封条总成,,,1. 核心防护：防损伤、防污损、防丢失；2. 外观要求：表面无划痕、无锈蚀、无破损；3. 尺寸要求：符合设计图纸要求；4. 通用要求：无明显质量缺陷,B,1.0,采购件,总装,1.02,1256.14,975.97,137.54
H97A5512910ABBKGA,左后门槛迎宾护板合件,,,1. 核心防护：防变形、防划伤、防碰撞；2. 尺寸要求：关键尺寸偏差≤±0.5mm；3. 表面要求：无凹陷、无划痕、无锈蚀；4. 材质要求：符合设计强度标准,B,1.0,采购件,总装,0.828,1046,195,162
H97A5300025AE,左A柱内板下部总成,防锈袋,有,1. 核心防护：防变形、防划伤、防碰撞；2. 尺寸要求：关键尺寸偏差≤±0.5mm；3. 表面要求：无凹陷、无划痕、无锈蚀；4. 材质要求：符合设计强度标准,A,1.0,焊装件,焊装件,0.066,70.0,37.0,38.0
H97A2804024AA,后保险杠右上安装座,,,1. 核心防护：防损伤、防污损、防丢失；2. 外观要求：表面无划痕、无锈蚀、无破损；3. 尺寸要求：符合设计图纸要求；4. 通用要求：无明显质量缺陷,C,1.0,采购件,总装,0.468,151.99,189.16,325.35
H97D1303057AA,四通控制阀水管2,,,1. 核心防护：防挤压、防破损、防老化；2. 密封要求：接口密封良好，无泄漏风险；3. 材质要求：无裂纹、无气泡、无破损；4. 尺寸要求：内径、壁厚符合设计要求,C,1.0,采购件,总装,2.54,1.0,1.0,1.0
H97A3718901AC,右前门外开手柄合件,,,1. 核心防护：防损伤、防污损、防丢失；2. 外观要求：表面无划痕、无锈蚀、无破损；3. 尺寸要求：符合设计图纸要求；4. 通用要求：无明显质量缺陷,B,1.0,采购件,总装,0.2,125.0,33.0,33.0
H97A5013002AB,右后侧围吸音棉,,,1. 核心防护：防损伤、防污损、防丢失；2. 外观要求：表面无划痕、无锈蚀、无破损；3. 尺寸要求：符合设计图纸要求；4. 通用要求：无明显质量缺陷,C,1.0,采购件,总装,0.045,347.98,89.92,469.95
H97D1303054AA,蓄水瓶出水软管,,,1. 核心防护：防挤压、防破损、防老化；2. 密封要求：接口密封良好，无泄漏风险；3. 材质要求：无裂纹、无气泡、无破损；4. 尺寸要求：内径、壁厚符合设计要求,C,1.0,采购件,总装,0.121,120.0,12.0,12.0
H97E1104010AB,燃油箱安装带1,,,1. 核心防护：防损伤、防污损、防丢失；2. 外观要求：表面无划痕、无锈蚀、无破损；3. 尺寸要求：符合设计图纸要求；4. 通用要求：无明显质量缺陷,C,1.0,采购件,总装,0.6,500.4,73.55,287.22
H97A5536005AA,风窗下装饰板总成,,,1. 核心防护：防变形、防划伤、防碰撞；2. 尺寸要求：关键尺寸偏差≤±0.5mm；3. 表面要求：无凹陷、无划痕、无锈蚀；4. 材质要求：符合设计强度标准,B,1.0,采购件,总装,0.04,65.0,21.0,21.0
H97B1104006BA,空气过滤器导管1号,,,1. 核心防护：防挤压、防破损、防老化；2. 密封要求：接口密封良好，无泄漏风险；3. 材质要求：无裂纹、无气泡、无破损；4. 尺寸要求：内径、壁厚符合设计要求,C,1.0,采购件,总装,0.034,40.0,10.0,10.0
H97A3716007AA,后组合灯移动侧左侧板,,,1. 核心防护：防变形、防划伤、防碰撞；2. 尺寸要求：关键尺寸偏差≤±0.5mm；3. 表面要求：无凹陷、无划痕、无锈蚀；4. 材质要求：符合设计强度标准,C,1.0,采购件,总装,0.05,172.93,99.94,87.82
H97A6105011AA,左前门锁体,,,1. 核心防护：防损伤、防污损、防丢失；2. 外观要求：表面无划痕、无锈蚀、无破损；3. 尺寸要求：符合设计图纸要求；4. 通用要求：无明显质量缺陷,C,1.0,采购件,总装,0.925,568.26,519.09,117.9
H97A6103011BA,左前门玻璃总成,无,,1. 核心防护：防冲击、防划伤、防破碎；2. 外观要求：无气泡、无划痕、无杂质；,A,1.0,采购件,总装,4.34,1147,963,184
H97B3610800CA,整车控制器总成,,,1. 核心防护：防震动、防潮湿、防静电、防冲击；2. 电气要求：绝缘性能良好，无短路风险；3. 外观要求：外壳无破损，接口无变形；4. 存储要求：温度-20~50℃，湿度≤60%,B,1.0,采购件,总装,0.43,142.22,205.11,82.87
H97A8402038AA,发动机罩锁扣,,,1. 核心防护：防损伤、防污损、防丢失；2. 外观要求：表面无划痕、无锈蚀、无破损；3. 尺寸要求：符合设计图纸要求；4. 通用要求：无明显质量缺陷,C,1.0,采购件,总装,0.2197,98,78,77
H97A8402032AB,右前罩板铰链总成,,,1. 核心防护：防变形、防划伤、防碰撞；2. 尺寸要求：关键尺寸偏差≤±0.5mm；3. 表面要求：无凹陷、无划痕、无锈蚀；4. 材质要求：符合设计强度标准,B,1.0,采购件,焊装件,0.0129,20.0,8.0,8.0
H97A8405015AD,机舱前中装饰板总成,,,1. 核心防护：防变形、防划伤、防碰撞；2. 尺寸要求：关键尺寸偏差≤±0.5mm；3. 表面要求：无凹陷、无划痕、无锈蚀；4. 材质要求：符合设计强度标准,C,1.0,采购件,总装,1.051,1566.32,84.85,338.22
H97E6207014AA,右后门框密封条总成,,,1. 核心防护：防损伤、防污损、防丢失；2. 外观要求：表面无划痕、无锈蚀、无破损；3. 尺寸要求：符合设计图纸要求；4. 通用要求：无明显质量缺陷,B,1.0,采购件,总装,0.0087,30.0,6.0,6.0
H97D3621821AA,前驱动电机总成,防锈袋,,1. 核心防护：防震动、防潮湿、防静电、防冲击；2. 电气要求：绝缘性能良好，无短路风险；3. 外观要求：外壳无破损，接口无变形；4. 存储要求：温度-20~50℃，湿度≤60%,A,1.0,采购件,总装,0.007,20.0,6.0,6.0
H37A6305001AA,背门锁总成,,,1. 核心防护：防损伤、防污损、防丢失；2. 外观要求：表面无划痕、无锈蚀、无破损；3. 尺寸要求：符合设计图纸要求；4. 通用要求：无明显质量缺陷,C,1.0,采购件,总装,0.552,84.15,158.77,120.74
H97D6107011AB,左前门窗台外密封条总成,,,1. 核心防护：防损伤、防污损、防丢失；2. 外观要求：表面无划痕、无锈蚀、无破损；3. 尺寸要求：符合设计图纸要求；4. 通用要求：无明显质量缺陷,C,1.0,采购件,总装,0.55,1058,79,41
H97Z2309002AC,右前驱动轴总成,,,1. 核心防护：防损伤、防污损、防丢失；2. 外观要求：表面无划痕、无锈蚀、无破损；3. 尺寸要求：符合设计图纸要求；4. 通用要求：无明显质量缺陷,B,1.0,采购件,总装,8.05,118.6,619.27,139.77
H97A2941005AB,左前带支架高度传感器总成,,,1. 核心防护：防震动、防潮湿、防静电、防冲击；2. 电气要求：绝缘性能良好，无短路风险；3. 外观要求：外壳无破损，接口无变形；4. 存储要求：温度-20~50℃，湿度≤60%,C,1.0,采购件,总装,0.096,98.21,84.16,126.27
H97A5016023AA,背门排水孔堵盖,,,1. 核心防护：防损伤、防污损、防丢失；2. 外观要求：表面无划痕、无锈蚀、无破损；3. 尺寸要求：符合设计图纸要求；4. 通用要求：无明显质量缺陷,C,3.0,采购件,总装,0.001,8.89,17,7.07
H97Z6120900AC,左前车门防擦条合件,,,1. 核心防护：防损伤、防污损、防丢失；2. 外观要求：表面无划痕、无锈蚀、无破损；3. 尺寸要求：符合设计图纸要求；4. 通用要求：无明显质量缺陷,B,1.0,采购件,总装,0.42,728.0,167.0,88.0
H97C5501105AABEGA,左下护板总成,,,1. 核心防护：防变形、防划伤、防碰撞；2. 尺寸要求：关键尺寸偏差≤±0.5mm；3. 表面要求：无凹陷、无划痕、无锈蚀；4. 材质要求：符合设计强度标准,C,1.0,采购件,总装,0.498,499.09,287.34,166.25
H97A2941009AC,右前空气弹簧管路后段,,,1. 核心防护：防挤压、防破损、防老化；2. 密封要求：接口密封良好，无泄漏风险；3. 材质要求：无裂纹、无气泡、无破损；4. 尺寸要求：内径、壁厚符合设计要求,C,1.0,采购件,总装,0.117,3428.43,287.47,1566.39
H97D3629827BA,行人警示控制器,,,1. 核心防护：防震动、防潮湿、防静电、防冲击；2. 电气要求：绝缘性能良好，无短路风险；3. 外观要求：外壳无破损，接口无变形；4. 存储要求：温度-20~50℃，湿度≤60%,C,1.0,采购件,总装,0.093,97.0,25.0,25.0
H97A5013016AA,左A柱内钣金堵盖,,,1. 核心防护：防变形、防划伤、防碰撞；2. 尺寸要求：关键尺寸偏差≤±0.5mm；3. 表面要求：无凹陷、无划痕、无锈蚀；4. 材质要求：符合设计强度标准,C,1.0,采购件,总装,0.121,120.0,12.0,12.0
H97A7909004AA,重低音扬声器,,,1. 核心防护：防损伤、防污损、防丢失；2. 外观要求：表面无划痕、无锈蚀、无破损；3. 尺寸要求：符合设计图纸要求；4. 通用要求：无明显质量缺陷,B,1.0,采购件,总装,0.06,50.0,10.0,10.0
H97A6201042AB,右后车门防污条总成,,,1. 核心防护：防损伤、防污损、防丢失；2. 外观要求：表面无划痕、无锈蚀、无破损；3. 尺寸要求：符合设计图纸要求；4. 通用要求：无明显质量缺陷,C,1.0,采购件,总装,0.062,68.0,10.0,10.0
HQ32406L1,六角法兰面承面带齿螺母,,,1. 核心防护：防腐蚀、防丢失、防损伤；2. 材质要求：无锈蚀、无裂纹、无变形；,C,7.0,采购件,总装,0.04,65.0,21.0,21.0
H97D5704010AB,顶盖右行李架总成,,,1. 核心防护：防损伤、防污损、防丢失；2. 外观要求：表面无划痕、无锈蚀、无破损；3. 尺寸要求：符合设计图纸要求；4. 通用要求：无明显质量缺陷,B,1.0,采购件,总装,0.034,40.0,10.0,10.0
H97A1307001BB,水泵总成,,,1. 核心防护：防损伤、防污损、防丢失；2. 外观要求：表面无划痕、无锈蚀、无破损；3. 尺寸要求：符合设计图纸要求；4. 通用要求：无明显质量缺陷,C,2.0,采购件,总装,0.0266,58.0,18.0,18.0
H97A3615827BA,香氛出香管总成,,,1. 核心防护：防挤压、防破损、防老化；2. 密封要求：接口密封良好，无泄漏风险；3. 材质要求：无裂纹、无气泡、无破损；4. 尺寸要求：内径、壁厚符合设计要求,C,1.0,采购件,总装,0.024,50.0,8.0,8.0
H97A6107028AA,右前门防水膜,,,1. 核心防护：防损伤、防污损、防丢失；2. 外观要求：表面无划痕、无锈蚀、无破损；3. 尺寸要求：符合设计图纸要求；4. 通用要求：无明显质量缺陷,C,1.0,采购件,总装,0.073,313.65,44.68,428.41
H97X3629809AA,后右角雷达,,,1. 核心防护：防损伤、防污损、防丢失；2. 外观要求：表面无划痕、无锈蚀、无破损；3. 尺寸要求：符合设计图纸要求；4. 通用要求：无明显质量缺陷,C,1.0,采购件,总装,0.092,2524.44,2354.13,271.77
H97C5505008AA,扶手箱胶垫,,,1. 核心防护：防损伤、防污损、防丢失；2. 外观要求：表面无划痕、无锈蚀、无破损；3. 尺寸要求：符合设计图纸要求；4. 通用要求：无明显质量缺陷,C,1.0,采购件,总装,0.0087,30.0,6.0,6.0
H97A6203024AA,右后门玻璃后导轨,,,1. 核心防护：防冲击、防划伤、防破碎；2. 外观要求：无气泡、无划痕、无杂质；,C,1.0,采购件,总装,0.0117,16.0,8.0,8.0
H97A8402021AA,发动机罩锁拉丝,,,1. 核心防护：防震动、防潮湿、防静电、防冲击；2. 电气要求：绝缘性能良好，无短路风险；3. 外观要求：外壳无破损，接口无变形；4. 存储要求：温度-20~50℃，湿度≤60%,C,1.0,采购件,总装,0.0935,1399,745,376
H97D3714001AAJG08,左后顶灯总成,,,1. 核心防护：防损伤、防污损、防丢失；2. 外观要求：表面无划痕、无锈蚀、无破损；3. 尺寸要求：符合设计图纸要求；4. 通用要求：无明显质量缺陷,C,1.0,采购件,总装,0.007,20.0,6.0,6.0
H97X5505023XA,USB盖板,,,1. 核心防护：防变形、防划伤、防碰撞；2. 尺寸要求：关键尺寸偏差≤±0.5mm；3. 表面要求：无凹陷、无划痕、无锈蚀；4. 材质要求：符合设计强度标准,C,1.0,采购件,总装,0.0063,16.0,6.0,6.0
H97A7903011AB,前PS天线,,,1. 核心防护：防损伤、防污损、防丢失；2. 外观要求：表面无划痕、无锈蚀、无破损；3. 尺寸要求：符合设计图纸要求；4. 通用要求：无明显质量缺陷,C,1.0,采购件,总装,0.006,12.0,6.0,6.0
H97C1201011BA,前部消音器隔热板,,,1. 核心防护：防变形、防划伤、防碰撞；2. 尺寸要求：关键尺寸偏差≤±0.5mm；3. 表面要求：无凹陷、无划痕、无锈蚀；4. 材质要求：符合设计强度标准,C,1.0,采购件,总装,0.4,446,199,141
H56A3506008AA,制动管路单管夹,,,1. 核心防护：防挤压、防破损、防老化；2. 密封要求：接口密封良好，无泄漏风险；3. 材质要求：无裂纹、无气泡、无破损；4. 尺寸要求：内径、壁厚符合设计要求,C,12.0,采购件,总装,0.0017,16,23.17,16
H97A6103012BA,右前门玻璃总成,PE袋,,1. 核心防护：防冲击、防划伤、防破碎；2. 外观要求：无气泡、无划痕、无杂质；,A,1.0,采购件,总装,4.34,1148,963,184
H97Y1201005AA,前消声器总成,,,1. 核心防护：防损伤、防污损、防丢失；2. 外观要求：表面无划痕、无锈蚀、无破损；3. 尺寸要求：符合设计图纸要求；4. 通用要求：无明显质量缺陷,C,1.0,采购件,总装,6.5,2026,473,92
H97D3724112AA,左前门饰板线束总成,,,1. 核心防护：防变形、防划伤、防碰撞；2. 尺寸要求：关键尺寸偏差≤±0.5mm；3. 表面要求：无凹陷、无划痕、无锈蚀；4. 材质要求：符合设计强度标准,C,1.0,采购件,总装,1.69,372.0,316.0,217.0
H97D3724305AE,前副车架线束总成,,,1. 核心防护：防损伤、防污损、防丢失；2. 外观要求：表面无划痕、无锈蚀、无破损；3. 尺寸要求：符合设计图纸要求；4. 通用要求：无明显质量缺陷,C,1.0,采购件,总装,0.007,25.0,6.0,6.0
H97X5400005XA,左侧围总成,防锈袋,有,1. 核心防护：防损伤、防污损、防丢失；2. 外观要求：表面无划痕、无锈蚀、无破损；3. 尺寸要求：符合设计图纸要求；4. 通用要求：无明显质量缺陷,A,1.0,焊装自制件,焊装件,0.01,3997,685,1605
H97A5518007AB,左A柱天窗排水管,,,1. 核心防护：防变形、防划伤、防碰撞；2. 尺寸要求：关键尺寸偏差≤±0.5mm；3. 表面要求：无凹陷、无划痕、无锈蚀；4. 材质要求：符合设计强度标准,C,1.0,采购件,总装,0.2,1008,898,312
H97D6207008AA,右后门窗台外密封条总成,,,1. 核心防护：防损伤、防污损、防丢失；2. 外观要求：表面无划痕、无锈蚀、无破损；3. 尺寸要求：符合设计图纸要求；4. 通用要求：无明显质量缺陷,C,1.0,采购件,总装,0.907,160.0,120.0,100.0
H97A8405035AA,右遮缝装饰件,,,1. 核心防护：防损伤、防污损、防丢失；2. 外观要求：表面无划痕、无锈蚀、无破损；3. 尺寸要求：符合设计图纸要求；4. 通用要求：无明显质量缺陷,C,1.0,采购件,总装,0.125,154.0,56.0,50.0
HQY80108,公差调节器,,,1. 核心防护：防损伤、防污损、防丢失；2. 外观要求：表面无划痕、无锈蚀、无破损；3. 尺寸要求：符合设计图纸要求；4. 通用要求：无明显质量缺陷,C,8.0,采购件,总装,0.59,387.0,23.0,132.0
H97D1303041AA,前暖芯出水管,,,1. 核心防护：防挤压、防破损、防老化；2. 密封要求：接口密封良好，无泄漏风险；3. 材质要求：无裂纹、无气泡、无破损；4. 尺寸要求：内径、壁厚符合设计要求,C,1.0,采购件,总装,0.526,783,484,189
H97A5016016AA,橡胶堵盖Φ16,,,1. 核心防护：防老化、防挤压、防变形；2. 材质要求：无裂纹、无异味、无破损；3. 尺寸要求：关键尺寸偏差≤±1.0mm；4. 性能要求：弹性符合设计标准,C,32.0,采购件,总装,0.001,24.99,24.99,8.24
H97A5515010ABJK05,后背门下装饰板总成,,,1. 核心防护：防变形、防划伤、防碰撞；2. 尺寸要求：关键尺寸偏差≤±0.5mm；3. 表面要求：无凹陷、无划痕、无锈蚀；4. 材质要求：符合设计强度标准,B,1.0,采购件,总装,3.047,1340,627,174
H97A5501075AABEGA,仪表板左端盖总成,,,1. 核心防护：防变形、防划伤、防碰撞；2. 尺寸要求：关键尺寸偏差≤±0.5mm；3. 表面要求：无凹陷、无划痕、无锈蚀；4. 材质要求：符合设计强度标准,C,1.0,采购件,总装,0.172,460.93,143.75,93.43
H97X3629806AA,后左角雷达,,,1. 核心防护：防损伤、防污损、防丢失；2. 外观要求：表面无划痕、无锈蚀、无破损；3. 尺寸要求：符合设计图纸要求；4. 通用要求：无明显质量缺陷,C,1.0,采购件,总装,0.092,2523.44,2353.13,270.77
H97E1104011AB,燃油箱安装带2,,,1. 核心防护：防损伤、防污损、防丢失；2. 外观要求：表面无划痕、无锈蚀、无破损；3. 尺寸要求：符合设计图纸要求；4. 通用要求：无明显质量缺陷,C,1.0,采购件,总装,0.65,508.85,73.7,136.89
1201140-RA51,消声器密封垫,,,1. 核心防护：防老化、防挤压、防变形；2. 材质要求：无裂纹、无异味、无破损；3. 尺寸要求：关键尺寸偏差≤±1.0mm；4. 性能要求：弹性符合设计标准,C,2.0,采购件,总装,0.05,54.42,84.28,102.05
H97A5511911BCBKGA,右前门槛迎宾护板合件,,,1. 核心防护：防变形、防划伤、防碰撞；2. 尺寸要求：关键尺寸偏差≤±0.5mm；3. 表面要求：无凹陷、无划痕、无锈蚀；4. 材质要求：符合设计强度标准,B,1.0,采购件,总装,0.547,645,323,114
H97A8405030AA,机舱右后装饰板总成,,,1. 核心防护：防变形、防划伤、防碰撞；2. 尺寸要求：关键尺寸偏差≤±0.5mm；3. 表面要求：无凹陷、无划痕、无锈蚀；4. 材质要求：符合设计强度标准,C,1.0,采购件,总装,0.054,72.0,10.0,10.0
H97A8405033AB,风窗流水槽盖板左密封件,,,1. 核心防护：防变形、防划伤、防碰撞；2. 尺寸要求：关键尺寸偏差≤±0.5mm；3. 表面要求：无凹陷、无划痕、无锈蚀；4. 材质要求：符合设计强度标准,C,1.0,采购件,总装,0.47,1220.0,80.0,50.0
H97A5013003AA,前罩隔音垫,,,1. 核心防护：防损伤、防污损、防丢失；2. 外观要求：表面无划痕、无锈蚀、无破损；3. 尺寸要求：符合设计图纸要求；4. 通用要求：无明显质量缺陷,C,1.0,采购件,总装,0.102,1677.0,133.0,96.0
H97A5016013AA,贴片φ40,,,1. 核心防护：防损伤、防污损、防丢失；2. 外观要求：表面无划痕、无锈蚀、无破损；3. 尺寸要求：符合设计图纸要求；4. 通用要求：无明显质量缺陷,C,8.0,采购件,总装,0.0099,40,40,2
H97A6105008AA,前门外开拉丝总成,,,1. 核心防护：防损伤、防污损、防丢失；2. 外观要求：表面无划痕、无锈蚀、无破损；3. 尺寸要求：符合设计图纸要求；4. 通用要求：无明显质量缺陷,C,2.0,采购件,总装,0.24,986.0,451.0,198.0
H97A2804022AB,后保险杠右安装座,,,1. 核心防护：防损伤、防污损、防丢失；2. 外观要求：表面无划痕、无锈蚀、无破损；3. 尺寸要求：符合设计图纸要求；4. 通用要求：无明显质量缺陷,C,1.0,采购件,总装,0.159,178.41,62.06,333.78
H97C3605872BD,电动背门控制器,,,1. 核心防护：防震动、防潮湿、防静电、防冲击；2. 电气要求：绝缘性能良好，无短路风险；3. 外观要求：外壳无破损，接口无变形；4. 存储要求：温度-20~50℃，湿度≤60%,C,1.0,采购件,总装,0.148,171.08,98.37,42.17
H97A7909006AE,功率放大器,,,1. 核心防护：防损伤、防污损、防丢失；2. 外观要求：表面无划痕、无锈蚀、无破损；3. 尺寸要求：符合设计图纸要求；4. 通用要求：无明显质量缺陷,C,1.0,采购件,总装,1.5,359.56,192.93,90.39
H97C1101003AB,燃油箱带油泵总成,,,1. 核心防护：防损伤、防污损、防丢失；2. 外观要求：表面无划痕、无锈蚀、无破损；3. 尺寸要求：符合设计图纸要求；4. 通用要求：无明显质量缺陷,B,1.0,采购件,总装,18,1248.68,212.45,697.77
6308105-RA01,车门上背门限位块堵盖,,,1. 核心防护：防损伤、防污损、防丢失；2. 外观要求：表面无划痕、无锈蚀、无破损；3. 尺寸要求：符合设计图纸要求；4. 通用要求：无明显质量缺陷,C,4.0,采购件,总装,0.001,18.15,19.46,18.74
H97D5120004AA,后部下防护板支架,,,1. 核心防护：防变形、防划伤、防碰撞；2. 尺寸要求：关键尺寸偏差≤±0.5mm；3. 表面要求：无凹陷、无划痕、无锈蚀；4. 材质要求：符合设计强度标准,C,1.0,采购件,总装,0.121,120.0,12.0,12.0
H97A5300020CK,前围加强梁总成,防锈袋,有,1. 核心防护：防变形、防划伤、防碰撞；2. 尺寸要求：关键尺寸偏差≤±0.5mm；3. 表面要求：无凹陷、无划痕、无锈蚀；4. 材质要求：符合设计强度标准,A,1.0,焊装件,总装,10.87,1339,340,291
H97D1303008BA,中通道出水软管,,,1. 核心防护：防挤压、防破损、防老化；2. 密封要求：接口密封良好，无泄漏风险；3. 材质要求：无裂纹、无气泡、无破损；4. 尺寸要求：内径、壁厚符合设计要求,C,1.0,采购件,总装,0.034,40.0,10.0,10.0
H97A5207003AA,左喷嘴,,,1. 核心防护：防损伤、防污损、防丢失；2. 外观要求：表面无划痕、无锈蚀、无破损；3. 尺寸要求：符合设计图纸要求；4. 通用要求：无明显质量缺陷,C,2.0,采购件,总装,0.0295,35.0,10.0,10.0
H97D3506002AA,制动管路2号总成,,,1. 核心防护：防挤压、防破损、防老化；2. 密封要求：接口密封良好，无泄漏风险；3. 材质要求：无裂纹、无气泡、无破损；4. 尺寸要求：内径、壁厚符合设计要求,C,1.0,采购件,总装,0.026,25.0,10.0,10.0
H97A8404003AB,充电口盖挡板,,,1. 核心防护：防变形、防划伤、防碰撞；2. 尺寸要求：关键尺寸偏差≤±0.5mm；3. 表面要求：无凹陷、无划痕、无锈蚀；4. 材质要求：符合设计强度标准,C,1.0,采购件,总装,0.018,16.0,8.0,8.0
H97A6207023AA,左后门轮眉防污条总成,,,1. 核心防护：防损伤、防污损、防丢失；2. 外观要求：表面无划痕、无锈蚀、无破损；3. 尺寸要求：符合设计图纸要求；4. 通用要求：无明显质量缺陷,C,1.0,采购件,总装,0.0129,20.0,8.0,8.0
H97A3101020AC,右后轮罩挡泥板总成,,,1. 核心防护：防变形、防划伤、防碰撞；2. 尺寸要求：关键尺寸偏差≤±0.5mm；3. 表面要求：无凹陷、无划痕、无锈蚀；4. 材质要求：符合设计强度标准,B,1.0,采购件,总装,0.942,988,716,419
H97B1303004AA,中通道进水硬管,,,1. 核心防护：防挤压、防破损、防老化；2. 密封要求：接口密封良好，无泄漏风险；3. 材质要求：无裂纹、无气泡、无破损；4. 尺寸要求：内径、壁厚符合设计要求,C,1.0,采购件,总装,0.0117,16.0,8.0,8.0
H97A5016017AA,橡胶堵盖Φ20,,,1. 核心防护：防老化、防挤压、防变形；2. 材质要求：无裂纹、无异味、无破损；3. 尺寸要求：关键尺寸偏差≤±1.0mm；4. 性能要求：弹性符合设计标准,C,4.0,采购件,总装,0.0066,18.0,6.0,6.0
H97B5120001AB,前部下防护板,,,1. 核心防护：防变形、防划伤、防碰撞；2. 尺寸要求：关键尺寸偏差≤±0.5mm；3. 表面要求：无凹陷、无划痕、无锈蚀；4. 材质要求：符合设计强度标准,C,1.0,采购件,总装,932,1690,813,52
H56A1300038AA,Ф20尼龙水管双管夹,,,1. 核心防护：防挤压、防破损、防老化；2. 密封要求：接口密封良好，无泄漏风险；3. 材质要求：无裂纹、无气泡、无破损；4. 尺寸要求：内径、壁厚符合设计要求,C,7.0,采购件,总装,0.029,28,72,27.89
H97A7909002BA,高音扬声器,,,1. 核心防护：防损伤、防污损、防丢失；2. 外观要求：表面无划痕、无锈蚀、无破损；3. 尺寸要求：符合设计图纸要求；4. 通用要求：无明显质量缺陷,C,2.0,采购件,总装,0.127,60.23,29.9,60.09
H97A5505006AABKGB,贯穿式储物盒胶垫,,,1. 核心防护：防损伤、防污损、防丢失；2. 外观要求：表面无划痕、无锈蚀、无破损；3. 尺寸要求：符合设计图纸要求；4. 通用要求：无明显质量缺陷,B,1.0,采购件,总装,0.0056,243.95,167.64,26.12
H97C3502014AA,EPB控制器,,,1. 核心防护：防震动、防潮湿、防静电、防冲击；2. 电气要求：绝缘性能良好，无短路风险；3. 外观要求：外壳无破损，接口无变形；4. 存储要求：温度-20~50℃，湿度≤60%,C,1.0,采购件,总装,0.2,147.3,33.35,114.71
H97X3727310AE,车身线束总成合件,,,1. 核心防护：防损伤、防污损、防丢失；2. 外观要求：表面无划痕、无锈蚀、无破损；3. 尺寸要求：符合设计图纸要求；4. 通用要求：无明显质量缺陷,C,1.0,采购件,总装,25.8,4606.78,1561.83,1841.38
H97Z6105013AA,车门锁扣总成,,,1. 核心防护：防损伤、防污损、防丢失；2. 外观要求：表面无划痕、无锈蚀、无破损；3. 尺寸要求：符合设计图纸要求；4. 通用要求：无明显质量缺陷,C,4.0,采购件,总装,0.11,60.34,40.64,46.31
H97E5301101AA,前围横梁组件,,,1. 核心防护：防变形、防划伤、防碰撞；2. 尺寸要求：关键尺寸偏差≤±0.5mm；3. 表面要求：无凹陷、无划痕、无锈蚀；4. 材质要求：符合设计强度标准,B,1.0,采购件,总装,1.85,551,195,111
H97C3101006AA,车轮总成,,,1. 核心防护：防损伤、防污损、防丢失；2. 外观要求：表面无划痕、无锈蚀、无破损；3. 尺寸要求：符合设计图纸要求；4. 通用要求：无明显质量缺陷,B,4.0,采购件,总装,30,774,774,284
H97D3730301AC,蓄电池搭铁线束,,,1. 核心防护：防震动、防潮湿、防静电、防冲击；2. 电气要求：绝缘性能良好，无短路风险；3. 外观要求：外壳无破损，接口无变形；4. 存储要求：温度-20~50℃，湿度≤60%,C,1.0,采购件,总装,0.0062,152.97,138.66,75.11
H97A1174004AA,炭罐脱附管1,,,1. 核心防护：防挤压、防破损、防老化；2. 密封要求：接口密封良好，无泄漏风险；3. 材质要求：无裂纹、无气泡、无破损；4. 尺寸要求：内径、壁厚符合设计要求,C,1.0,采购件,总装,0.11,2106,431,388
H97D1109001AA,空气滤清器进气管总成,,,1. 核心防护：防挤压、防破损、防老化；2. 密封要求：接口密封良好，无泄漏风险；3. 材质要求：无裂纹、无气泡、无破损；4. 尺寸要求：内径、壁厚符合设计要求,C,1.0,采购件,总装,0.36,246.97,174,532.3
H97A6101042AB,右前车门防污条总成,,,1. 核心防护：防损伤、防污损、防丢失；2. 外观要求：表面无划痕、无锈蚀、无破损；3. 尺寸要求：符合设计图纸要求；4. 通用要求：无明显质量缺陷,C,1.0,采购件,总装,0.169,2129,45,25
H97C8405020AB,发动机装饰罩总成,,,1. 核心防护：防损伤、防污损、防丢失；2. 外观要求：表面无划痕、无锈蚀、无破损；3. 尺寸要求：符合设计图纸要求；4. 通用要求：无明显质量缺陷,B,1.0,采购件,总装,1.573,1119,108.23,500.9
H97A2941008AC,右前空气弹簧管路前段,,,1. 核心防护：防挤压、防破损、防老化；2. 密封要求：接口密封良好，无泄漏风险；3. 材质要求：无裂纹、无气泡、无破损；4. 尺寸要求：内径、壁厚符合设计要求,C,1.0,采购件,总装,0.107,1440,460,617
H97A2941002AA,制动管路9号总成,,,1. 核心防护：防挤压、防破损、防老化；2. 密封要求：接口密封良好，无泄漏风险；3. 材质要求：无裂纹、无气泡、无破损；4. 尺寸要求：内径、壁厚符合设计要求,B,1.0,采购件,总装,0.365,2710.7,234.69,1344.65
H97A5533010AA,后吹面风道前段总成,,,1. 核心防护：防损伤、防污损、防丢失；2. 外观要求：表面无划痕、无锈蚀、无破损；3. 尺寸要求：符合设计图纸要求；4. 通用要求：无明显质量缺陷,C,1.0,采购件,总装,0.0356,50.0,31.0,53.0
H97A5207009AA,前管路总成2,,,1. 核心防护：防挤压、防破损、防老化；2. 密封要求：接口密封良好，无泄漏风险；3. 材质要求：无裂纹、无气泡、无破损；4. 尺寸要求：内径、壁厚符合设计要求,C,1.0,采购件,总装,6.05,1060.0,326.0,442.0
H97D3718021AA,行李箱右照明灯,,,1. 核心防护：防损伤、防污损、防丢失；2. 外观要求：表面无划痕、无锈蚀、无破损；3. 尺寸要求：符合设计图纸要求；4. 通用要求：无明显质量缺陷,C,1.0,采购件,总装,0.001,18.0,18.0,17.0
H97C1203001AA,前端排气管总成,,,1. 核心防护：防挤压、防破损、防老化；2. 密封要求：接口密封良好，无泄漏风险；3. 材质要求：无裂纹、无气泡、无破损；4. 尺寸要求：内径、壁厚符合设计要求,C,1.0,采购件,总装,1.61,500,270,153
H97E5016060AA,堵盖20*28,,,1. 核心防护：防损伤、防污损、防丢失；2. 外观要求：表面无划痕、无锈蚀、无破损；3. 尺寸要求：符合设计图纸要求；4. 通用要求：无明显质量缺陷,C,1.0,采购件,总装,0.003,20.0,10.0,10.0
H97A8402017AA,发动机罩气动撑杆,,,1. 核心防护：防损伤、防污损、防丢失；2. 外观要求：表面无划痕、无锈蚀、无破损；3. 尺寸要求：符合设计图纸要求；4. 通用要求：无明显质量缺陷,C,2.0,采购件,总装,0.22,246,155,20
H97A2941012AC,右后空气弹簧管路,,,1. 核心防护：防挤压、防破损、防老化；2. 密封要求：接口密封良好，无泄漏风险；3. 材质要求：无裂纹、无气泡、无破损；4. 尺寸要求：内径、壁厚符合设计要求,C,1.0,采购件,总装,0.05,727.03,710.45,228.38
H97D3724116AA,左后门饰板线束总成,,,1. 核心防护：防变形、防划伤、防碰撞；2. 尺寸要求：关键尺寸偏差≤±0.5mm；3. 表面要求：无凹陷、无划痕、无锈蚀；4. 材质要求：符合设计强度标准,C,1.0,采购件,总装,0.2,125.0,33.0,33.0
H97A3923007AB,制动液加注标签,,,1. 核心防护：防磨损、防脱落、防污损；2. 内容要求：字迹清晰，信息完整准确；3. 粘贴要求：粘贴牢固，无气泡、无起翘；4. 耐久性：符合户外使用要求,C,1.0,采购件,总装,0.093,97.0,25.0,25.0
H97A5205016AA,后雨刮电机及支架总成,,,1. 核心防护：防震动、防潮湿、防静电、防冲击；2. 电气要求：绝缘性能良好，无短路风险；3. 外观要求：外壳无破损，接口无变形；4. 存储要求：温度-20~50℃，湿度≤60%,B,1.0,采购件,总装,0.81,139.58,212.06,143.38
H97A5501011AA,右CCB 连接支架,,,1. 核心防护：防损伤、防污损、防丢失；2. 外观要求：表面无划痕、无锈蚀、无破损；3. 尺寸要求：符合设计图纸要求；4. 通用要求：无明显质量缺陷,C,1.0,采购件,总装,0.04,65.0,21.0,21.0
H97A8402031AB,左前罩板铰链总成,,,1. 核心防护：防变形、防划伤、防碰撞；2. 尺寸要求：关键尺寸偏差≤±0.5mm；3. 表面要求：无凹陷、无划痕、无锈蚀；4. 材质要求：符合设计强度标准,B,1.0,采购件,总装,0.034,40.0,10.0,10.0
H97A3716002AD,右后组合灯固定侧,,,1. 核心防护：防损伤、防污损、防丢失；2. 外观要求：表面无划痕、无锈蚀、无破损；3. 尺寸要求：符合设计图纸要求；4. 通用要求：无明显质量缺陷,B,1.0,采购件,总装,1.18,392.55,252.15,160.55
3505110-RA01,储油壶总成,,,1. 核心防护：防损伤、防污损、防丢失；2. 外观要求：表面无划痕、无锈蚀、无破损；3. 尺寸要求：符合设计图纸要求；4. 通用要求：无明显质量缺陷,C,1.0,采购件,总装,0.026,25.0,10.0,10.0
H97D6107012AB,右前门窗台外密封条总成,,,1. 核心防护：防损伤、防污损、防丢失；2. 外观要求：表面无划痕、无锈蚀、无破损；3. 尺寸要求：符合设计图纸要求；4. 通用要求：无明显质量缺陷,C,1.0,采购件,总装,0.55,1058,79,41
H97B8201008BA,内后视镜前装饰罩,,,1. 核心防护：防损伤、防污损、防丢失；2. 外观要求：表面无划痕、无锈蚀、无破损；3. 尺寸要求：符合设计图纸要求；4. 通用要求：无明显质量缺陷,C,1.0,采购件,总装,0.185,299.21,132.18,228.07
H97A5006125AA,前风窗玻璃左装饰条总成,,,1. 核心防护：防冲击、防划伤、防破碎；2. 外观要求：无气泡、无划痕、无杂质；,C,1.0,采购件,总装,0.268,949,568,122
H97D5013006AA,前围内隔音垫,,,1. 核心防护：防损伤、防污损、防丢失；2. 外观要求：表面无划痕、无锈蚀、无破损；3. 尺寸要求：符合设计图纸要求；4. 通用要求：无明显质量缺陷,C,1.0,采购件,总装,12.072,1494,827,532
H97A7903006AA,正极滤波器,,,1. 核心防护：防损伤、防污损、防丢失；2. 外观要求：表面无划痕、无锈蚀、无破损；3. 尺寸要求：符合设计图纸要求；4. 通用要求：无明显质量缺陷,C,1.0,采购件,总装,0.055,139.43,64.91,107.47
H97D9322001BA,前舱高压盒总成,,,1. 核心防护：防震动、防潮湿、防静电、防冲击；2. 电气要求：绝缘性能良好，无短路风险；3. 外观要求：外壳无破损，接口无变形；4. 存储要求：温度-20~50℃，湿度≤60%,C,1.0,采购件,总装,0.007,20.0,6.0,6.0
H97A1104024AA,燃油间隙管夹,,,1. 核心防护：防挤压、防破损、防老化；2. 密封要求：接口密封良好，无泄漏风险；3. 材质要求：无裂纹、无气泡、无破损；4. 尺寸要求：内径、壁厚符合设计要求,C,1.0,采购件,总装,0.0063,16.0,6.0,6.0
H97A3506007AA,制动管路7号总成,,,1. 核心防护：防挤压、防破损、防老化；2. 密封要求：接口密封良好，无泄漏风险；3. 材质要求：无裂纹、无气泡、无破损；4. 尺寸要求：内径、壁厚符合设计要求,B,1.0,采购件,总装,0.297,2715,455,248
H97A5001021AB,副仪表板中安装支架总成,防锈袋,,1. 核心防护：防变形、防划伤、防碰撞；2. 尺寸要求：关键尺寸偏差≤±0.5mm；3. 表面要求：无凹陷、无划痕、无锈蚀；4. 材质要求：符合设计强度标准,B,1.0,采购件,总装,0.361,211,205,137
H97C5013010AB,行李箱地板内隔音垫,,,1. 核心防护：防变形、防划伤、防碰撞；2. 尺寸要求：关键尺寸偏差≤±0.5mm；3. 表面要求：无凹陷、无划痕、无锈蚀；4. 材质要求：符合设计强度标准,C,1.0,采购件,总装,3.9,1070,724,200
H97X5006018XA,前端模块总成,PE袋,,1. 核心防护：防震动、防潮湿、防静电、防冲击；2. 电气要求：绝缘性能良好，无短路风险；3. 外观要求：外壳无破损，接口无变形；4. 存储要求：温度-20~50℃，湿度≤60%,A,1.0,自制件,总装,0.0177,1390,515,750
H97D2312005AA,前电机左悬置支架,,,1. 核心防护：防震动、防潮湿、防静电、防冲击；2. 电气要求：绝缘性能良好，无短路风险；3. 外观要求：外壳无破损，接口无变形；4. 存储要求：温度-20~50℃，湿度≤60%,C,1.0,采购件,总装,2.88,323.0,223.0,36.0
H97C8212011BA,后排单带扣组件,,,1. 核心防护：防损伤、防污损、防丢失；2. 外观要求：表面无划痕、无锈蚀、无破损；3. 尺寸要求：符合设计图纸要求；4. 通用要求：无明显质量缺陷,C,1.0,采购件,总装,0.102,500.0,200.0,100.0
H97A5300030AE,右A柱内板下部总成,防锈袋,有,1. 核心防护：防变形、防划伤、防碰撞；2. 尺寸要求：关键尺寸偏差≤±0.5mm；3. 表面要求：无凹陷、无划痕、无锈蚀；4. 材质要求：符合设计强度标准,A,1.0,焊装件,焊装件,0.008,9.0,18.0,18.0
H97A5006149AA,导水板,,,1. 核心防护：防变形、防划伤、防碰撞；2. 尺寸要求：关键尺寸偏差≤±0.5mm；3. 表面要求：无凹陷、无划痕、无锈蚀；4. 材质要求：符合设计强度标准,C,1.0,采购件,总装,0.1,232,130,100
H97C3619812AG,车载充电机总成6.6KW,,,1. 核心防护：防震动、防潮湿、防静电、防冲击；2. 电气要求：绝缘性能良好，无短路风险；3. 外观要求：外壳无破损，接口无变形；4. 存储要求：温度-20~50℃，湿度≤60%,B,1.0,采购件,总装,4.7,526.0,314.0,290.0
H97A7903003AB,鲨鱼鳍天线,,,,,,,总装,0.13,220.0,69.0,30.0
