零件名称,零件重量,零件尺寸L,零件尺寸W,零件尺寸H,零件分类,来料包装L,来料包装W,来料包装H,是否需防锈,CKD包装类型,Unnamed: 11,Unnamed: 12,Unnamed: 13,Unnamed: 14,Unnamed: 15,Unnamed: 16,Unnamed: 17,Unnamed: 18
快充充电插座总成,2.4,1060.0,90.0,90.0,小尺寸件（来料塑料箱）,550.0,365.0,210.0,,纸箱,,,,,,,,
慢充充电插座总成,1.69,1800.0,80.0,80.0,小尺寸件（来料塑料箱）,550.0,365.0,210.0,,纸箱,,,,,,,,
电池包后高压线束总成,1.65,2445.0,90.0,45.0,线束类,550.0,365.0,210.0,,纸箱,,,,,,,,
前管路总成,0.135,0.0,0.0,0.0,小尺寸件（来料塑料箱）,650.0,435.0,260.0,,纸箱,,,,,,,,
电池包总成,,1213.0,1354.0,147.0,DKD件,2330.0,1330.0,450.0,,木箱,,,,,,,,
仪表板左端盖总成,,420.0,250.0,100.0,DKD件,650.0,435.0,330.0,,纸箱,,,,,,,,
仪表板左下底板总成,,570.0,380.0,125.0,DKD件,650.0,435.0,260.0,,纸箱,,,,,,,,160.0
仪表板左端盖总成,,420.0,150.0,100.0,DKD件,650.0,435.0,330.0,,纸箱,,,,,,,,
左下护板总成,,519.0,273.0,157.0,DKD件,650.0,435.0,330.0,,纸箱,,,,,,,,
左下护板总成,,519.0,273.0,157.0,DKD件,650.0,435.0,330.0,,纸箱,,,,,,,,
车架左前段总成,,2440.0,1440.0,1010.0,焊装件,2440.0,1440.0,1000.0,是,,,,,,,,,
前围焊接分总成,,1480.0,650.0,309.0,焊装件,1600.0,1150.0,850.0,是,,,,,,,,,
车架右前段总成,,2440.0,1440.0,1010.0,焊装件,2440.0,1440.0,1000.0,是,,,,,,,,,
水泵总成,,135.0,92.0,132.0,DKD件,550.0,365.0,210.0,,纸箱,,,,,,,,
空调进气道风管总成,,350.0,400.0,150.0,DKD件,1200.0,1000.0,590.0,,天地盖纸箱,,,,,,,,
清洗剂储液罐总成,,1.0,1.0,1.0,DKD件,650.0,435.0,260.0,,纸箱,,,,,,,,
前围加强梁总成,,1138.0,490.0,317.0,焊装件,1330.0,1140.0,765.0,是,,,,,,,,,
后部下防护板支架,,544.0,324.0,81.0,DKD件,650.0,435.0,260.0,,纸箱,,,,,,,,
前地板后地毯总成,5.178,1510.0,990.0,311.0,内外饰件类,1650.0,1550.0,1150.0,,天地盖纸箱,,,,,,,,
后消声器总成,,1280.0,1018.0,354.0,DKD件,1920.0,1140.0,1200.0,,天地盖纸箱,,,,,,,,
智能助力器总成,4.8,357.0,250.0,192.0,来料纸箱件,1140.0,974.0,1020.0,,天地盖纸箱,,,,,,,,
左前门内饰板合件,3.497,973.0,660.0,340.0,内外饰板类,1950.0,1150.0,2200.0,,天地盖纸箱,,,,,,,,
右前门内饰板合件,3.497,973.0,660.0,340.0,内外饰板类,1950.0,1150.0,2200.0,,天地盖纸箱,,,,,,,,
左后门内饰板合件,3.497,900.0,698.0,285.0,内外饰板类,1950.0,1150.0,2200.0,,天地盖纸箱,,,,,,,,
右前门玻璃总成,4.072,948.0,553.0,5.0,玻璃类,1140.0,1140.0,800.0,,天地盖纸箱,,,,,,,,
左前门玻璃总成,4.072,948.0,553.0,5.0,玻璃类,1140.0,1140.0,800.0,,天地盖纸箱,,,,,,,,
燃油箱带油泵总成,16,1095.0,462.0,305.0,大尺寸件（金属箱/围板箱来料）,1600.0,1140.0,1200.0,,纸箱,,,,,,,,
右纵梁前段外板焊接总成,,1100.0,500.0,300.0,焊装件,1330.0,1140.0,760.0,是,,,,,,,,,
纵梁前段外板焊接总成（左）,,1100.0,500.0,300.0,焊装件,1330.0,1140.0,760.0,是,,,,,,,,,
前围横梁组件,,382.0,180.0,59.0,焊装件,650.0,435.0,210.0,是,,,,,,,,,
前端排气管总成,3.45,,,,,1200.0,1150.0,1150.0,,纸箱,,,,,,,,
发动机装饰罩总成,,1257.0,665.0,81.0,DKD件,1400.0,1140.0,1150.0,,天地盖纸箱,,,,,,,,
随车工具总成,,250.0,155.0,95.0,DKD件,650.0,435.0,210.0,,纸箱,,,,,,,,
前地板前地毯总成,3.44,1650.0,1550.0,1050.0,内外饰件类,1650.0,1550.0,1050.0,,天地盖纸箱,,,,,,,,
随车工具盒,,335.0,218.0,101.0,DKD件,650.0,435.0,330.0,,纸箱,,,,,,,,
前围下板总成,,1204.0,220.0,268.0,焊装件,1600.0,1150.0,1200.0,是,,,,,,,,,
前电机左前悬置总成,3.14,,,,,435.0,325.0,210.0,,纸箱,,,,,,,,
行李箱地板内隔音垫,3,1083.0,1066.0,167.0,大尺寸件（金属箱/围板箱来料）,1600.0,1120.0,1020.0,,天地盖纸箱,,,,,,,,
前电机右前悬置总成,2.77,,,,,435.0,325.0,210.0,,纸箱,,,,,,,,
左后空气弹簧总成,2.7,,,,,1330.0,1140.0,1090.0,,纸箱,,,,,,,,
右后空气弹簧总成,2.7,,,,,1330.0,1140.0,1090.0,,纸箱,,,,,,,,
前连接轴总成,2.59,,,,,1100.0,900.0,940.0,,纸箱,,,,,,,,
发动机右悬置总成,2.54,1.0,1.0,1.0,小尺寸件（来料塑料箱）,435.0,325.0,210.0,,纸箱,,,,,,,,
前机舱封板加强板总成（左）,,800.0,480.0,100.0,焊装件,1200.0,1000.0,1150.0,是,,,,,,,,,
前机舱封板加强板总成（右）,,800.0,480.0,100.0,焊装件,1200.0,1000.0,1150.0,是,,,,,,,,,
后围板焊接总成,,1500.0,450.0,200.0,焊装件,1600.0,1150.0,1150.0,是,,,,,,,,,
门槛内板总成（右）,,2000.0,110.0,310.0,焊装件,2300.0,1150.0,545.0,是,,,,,,,,,
ESC执行机构总成,2.2,144.0,105.0,124.0,小尺寸件（来料塑料箱）,400.0,300.0,148.0,,纸箱,,,,,,,,
后防撞梁焊接总成,,1184.0,170.0,198.0,焊装件,1330.0,1140.0,545.0,是,,,,,,,,,
左后轮眉装饰件总成后段,,554.0,421.0,65.0,DKD件,800.0,600.0,280.0,,天地盖纸箱,,,,,,,,
右后轮眉装饰件总成后段,,554.0,421.0,65.0,DKD件,800.0,600.0,280.0,,天地盖纸箱,,,,,,,,
前排座椅左侧安全带主体总成,1.753,180.0,120.0,110.0,小尺寸件（来料塑料箱）,550.0,365.0,160.0,,纸箱,,,,,,,,
前排座椅右侧安全带主体总成,1.753,180.0,120.0,110.0,小尺寸件（来料塑料箱）,550.0,365.0,160.0,,纸箱,,,,,,,,
转向下轴,1.73,260.0,200.0,150.0,大尺寸件（金属箱/围板箱来料）,1200.0,1140.0,1150.0,,天地盖纸箱,,,,,,,,
方向盘总成,1.718,361.0,382.0,141.0,小尺寸件（来料塑料箱）,650.0,435.0,440.0,,纸箱,,,,,,,,
左前门玻璃升降器总成,1.55,0.0,0.0,0.0,小尺寸件（来料塑料箱）,600.0,400.0,280.0,,纸箱,,,,,,,,
右前门玻璃升降器总成,1.55,0.0,0.0,0.0,小尺寸件（来料塑料箱）,600.0,400.0,280.0,,纸箱,,,,,,,,
背门框密封条总成,1.54,3860.0,18.0,34.0,密封条类,640.0,435.0,260.0,,纸箱,,,,,,,,
左侧气帘总成,1.4975,2400.0,60.0,60.0,小尺寸件（来料塑料箱）,650.0,435.0,210.0,,纸箱,,,,,,,,
右侧气帘总成,1.4975,2400.0,60.0,60.0,小尺寸件（来料塑料箱）,650.0,435.0,210.0,,纸箱,,,,,,,,
炭罐带附件总成,1.459,240.0,102.0,300.0,小尺寸件（来料塑料箱）,600.0,400.0,280.0,,纸箱,,,,,,,,
左前制动器总成,,603.0,422.0,260.0,DKD件,1140.0,980.0,1100.0,,木箱,,,,,,,,
右前制动器总成,,603.0,422.0,260.0,DKD件,1140.0,980.0,1100.0,,木箱,,,,,,,,
左前罩板铰链总成,,260.0,160.0,80.0,焊装件,550.0,365.0,210.0,是,,,,,,,,,
右前罩板铰链总成,,260.0,160.0,80.0,焊装件,550.0,365.0,210.0,是,,,,,,,,,
右前门玻璃导槽总成,1.14,1230.0,892.0,35.0,大尺寸件（金属箱/围板箱来料）,1450.0,1130.0,1050.0,,天地盖纸箱,,,,,,,,
左前门玻璃导槽总成,1.14,1230.0,892.0,35.0,大尺寸件（金属箱/围板箱来料）,1450.0,1130.0,1050.0,,天地盖纸箱,,,,,,,,
后盖板总成,0.695,388.0,222.0,153.0,小尺寸件（来料塑料箱）,650.0,435.0,260.0,,纸箱,,,,,,,,
车轮装饰盖,,220.0,220.0,55.0,DKD件,600.0,400.0,230.0,,纸箱,,,,,,,,
顶盖后横梁焊接总成,,980.0,260.0,85.0,焊装件,1200.0,1000.0,790.0,是,,,,,,,,,
驾驶位安全气囊模块,1.04,135.0,135.0,135.0,小尺寸件（来料塑料箱）,650.0,435.0,160.0,,纸箱,,,,,,,,
燃油加油管,1.037,940.0,160.0,200.0,来料纸箱件,960.0,600.0,240.0,,纸箱,,,,,,,,
顶盖前横梁焊接总成,,1115.0,290.0,115.0,焊装件,1330.0,1140.0,545.0,是,,,,,,,,,
副仪表板中安装支架总成,1.005（±8%）,395.0,170.0,85.0,小尺寸件（来料塑料箱）,1140.0,1140.0,545.0,,纸箱,,,,,,,,
三通比例阀到三通水管,,520.0,340.0,280.0,DKD件,620.0,420.0,290.0,,纸箱,,,,,,,,
电机副水箱总成,0.965,255.0,240.0,320.0,小尺寸件（来料塑料箱）,1100.0,550.0,330.0,,纸箱,,,,,,,,
上面板总成,0.9445,553.0,275.0,200.0,大尺寸件（金属箱/围板箱来料）,1300.0,900.0,1150.0,,天地盖纸箱,,,,,,,,
第二排座椅侧安全带主体总成,0.907,160.0,120.0,100.0,小尺寸件（来料塑料箱）,550.0,365.0,160.0,,纸箱,,,,,,,,
左后组合灯固定侧,0.9,405.0,153.0,100.0,灯类,650.0,435.0,210.0,,天地盖纸箱,,,,,,,,
右后组合灯固定侧,0.9,405.0,153.0,100.0,灯类,650.0,435.0,210.0,,天地盖纸箱,,,,,,,,
后电机进水软管,,360.0,400.0,250.0,DKD件,620.0,420.0,290.0,,纸箱,,,,,,,,
左后门玻璃导槽总成,0.898,850.0,620.0,35.0,大尺寸件（金属箱/围板箱来料）,1450.0,1130.0,1050.0,,天地盖纸箱,,,,,,,,
右后门玻璃导槽总成,0.898,850.0,620.0,35.0,大尺寸件（金属箱/围板箱来料）,1450.0,1130.0,1050.0,,天地盖纸箱,,,,,,,,
电机水泵总成,0.85,134.0,93.0,132.0,小尺寸件（来料塑料箱）,550.0,365.0,210.0,,纸箱,,,,,,,,
左C柱下饰板总成,0.84,856.0,238.0,220.0,内外饰板类,1330.0,1140.0,1150.0,,天地盖纸箱,,,,,,,,
右C柱下饰板总成,0.84,856.0,238.0,220.0,内外饰板类,1330.0,1140.0,1150.0,,天地盖纸箱,,,,,,,,
车轮总成,,760.0,255.0,760.0,DKD件,2300.0,1600.0,1000.0,,木箱,,,,,,,,
三角警告牌,0.785,440.0,45.0,33.0,小尺寸件（来料塑料箱）,550.0,365.0,160.0,,纸箱,,,,,,,,
右后侧围下部安装支架,0.76,832.0,149.0,89.0,小尺寸件（来料塑料箱）,1100.0,550.0,330.0,,纸箱,,,,,,,,
左后侧围下部安装支架,0.749,832.0,149.0,89.0,小尺寸件（来料塑料箱）,1100.0,550.0,330.0,,纸箱,,,,,,,,
前保险杠中间支架,0.689,1058.0,171.0,114.0,大尺寸件（金属箱/围板箱来料）,1200.0,1000.0,790.0,,天地盖纸箱,,,,,,,,
左前门外开手柄合件,0.678,430.0,170.0,65.0,小尺寸件（来料塑料箱）,650.0,435.0,210.0,,纸箱,,,,,,,,
右后门外开手柄合件,0.678,430.0,170.0,65.0,小尺寸件（来料塑料箱）,650.0,435.0,210.0,,纸箱,,,,,,,,
左后门外开手柄合件,0.678,430.0,170.0,65.0,小尺寸件（来料塑料箱）,650.0,435.0,210.0,,纸箱,,,,,,,,
右前门外开手柄合件,0.678,430.0,170.0,65.0,小尺寸件（来料塑料箱）,650.0,435.0,210.0,,纸箱,,,,,,,,
车辆控制屏总成,0.65,215.0,183.0,65.0,小尺寸件（来料塑料箱）,650.0,435.0,260.0,,纸箱,,,,,,,,
背门门槛护板总成,0.63,1000.0,192.0,118.0,大尺寸件（金属箱/围板箱来料）,1330.0,1140.0,1150.0,,天地盖纸箱,,,,,,,,
门槛内板总成（左）,,2000.0,110.0,310.0,焊装件,2300.0,1150.0,545.0,是,,,,,,,,,
机舱右后装饰板总成,,500.0,260.0,150.0,DKD件,650.0,435.0,260.0,,纸箱,,,,,,,,
机舱左后装饰板总成,,500.0,260.0,150.0,DKD件,650.0,435.0,260.0,,纸箱,,,,,,,,
左B柱上饰板总成,0.593,461.0,267.0,83.0,内外饰板类,1100.0,550.0,330.0,,纸箱,,,,,,,,
右B柱上饰板总成,0.375,461.0,267.0,83.0,内外饰板类,1100.0,550.0,330.0,,纸箱,,,,,,,,
前电机左悬置支架,0.58,,,,,435.0,325.0,210.0,,纸箱,,,,,,,,
左D柱上饰板总成,0.54,897.0,347.0,207.0,内外饰板类,1330.0,1140.0,1200.0,,天地盖纸箱,,,,,,,,
背门锁总成,0.552,158.0,109.0,83.0,小尺寸件（来料塑料箱）,650.0,435.0,260.0,,纸箱,,,,,,,,
车轮总成,,760.0,255.0,760.0,DKD件,2300.0,1600.0,1000.0,,木箱,,,,,,,,
右前门槛迎宾护板合件,0.434,872.0,309.0,122.0,大尺寸件（金属箱/围板箱来料）,1330.0,1140.0,1150.0,,纸箱,,,,,,,,
ESC执行机构托架总成,0.53,,,,,600.0,400.0,214.0,,纸箱,,,,,,,,
左前空气弹簧支柱总成,,780.0,350.0,250.0,DKD件,1330.0,1140.0,1090.0,,纸箱,,,,,,,,
发动机前悬置支架,0.45,1.0,1.0,1.0,小尺寸件（来料塑料箱）,435.0,325.0,210.0,,纸箱,,,,,,,,
前置蒸发器流出管总成,0.488,938.0,583.0,378.0,大尺寸件（金属箱/围板箱来料）,1600.0,1150.0,780.0,,纸箱,,,,,,,,
仪表板右下底板总成,0.411,550.0,310.0,90.0,小尺寸件（来料塑料箱）,650.0,435.0,260.0,,纸箱,,,,,,,,
前电机右悬置支架,0.47,,,,,435.0,325.0,210.0,,纸箱,,,,,,,,
左后轮毂包下消声垫,0.46,362.0,213.0,351.0,小尺寸件（来料塑料箱）,650.0,435.0,260.0,,纸箱,,,,,,,,
加速踏板,0.426,270.0,60.0,183.0,小尺寸件（来料塑料箱）,650.0,435.0,260.0,,纸箱,,,,,,,,
ECU支架组件,0.421（±8%）,252.0,223.0,17.0,小尺寸件（来料塑料箱）,435.0,325.0,210.0,,纸箱,,,,,,,,
左A柱上饰板总成,0.42,728.0,167.0,88.0,内外饰板类,1330.0,900.0,1150.0,,天地盖纸箱,,,,,,,,
右A柱上饰板总成,0.42,728.0,167.0,88.0,内外饰板类,1330.0,900.0,1150.0,,天地盖纸箱,,,,,,,,
水箱上横梁左安装板,0.414（±8%）,435.0,325.0,210.0,小尺寸件（来料塑料箱）,435.0,325.0,210.0,,纸箱,,,,,,,,
中通道出水硬管,0.4,2300.0,200.0,100.0,大尺寸件（金属箱/围板箱来料）,2300.0,1150.0,590.0,,纸箱,,,,,,,,
中通道进水硬管,0.4,2300.0,200.0,200.0,大尺寸件（金属箱/围板箱来料）,2300.0,1150.0,590.0,,纸箱,,,,,,,,
空气过滤器导管1号,0.4,473.0,285.0,260.0,小尺寸件（来料塑料箱）,650.0,435.0,260.0,,纸箱,,,,,,,,
右前空气弹簧支柱总成,,780.0,350.0,250.0,DKD件,1330.0,1140.0,1090.0,,纸箱,,,,,,,,
四通控制阀总成,0.245,109.0,109.0,88.0,总成件,650.0,435.0,210.0,,,,,,,,,,
三通比例阀总成,0.207,109.0,92.0,88.0,STD,650.0,435.0,210.0,,,,,,,,,,
左前门锁体,0.385,140.0,110.0,90.0,小尺寸件（来料塑料箱）,650.0,435.0,210.0,,纸箱,,,,,,,,
左A柱内板下部总成,,1200.0,90.0,60.0,焊装件,1330.0,1140.0,730.0,是,,,,,,,,,
左前延伸板总成,0.365,920.0,272.0,109.0,内外饰件类,1330.0,1140.0,1150.0,,纸箱,,,,,,,,
右前门锁体,0.363,140.0,110.0,90.0,小尺寸件（来料塑料箱）,650.0,435.0,210.0,,纸箱,,,,,,,,
右A柱内板下部总成,,1200.0,90.0,60.0,焊装件,1330.0,1140.0,730.0,是,,,,,,,,,
拖钩,,230.0,56.0,28.0,DKD件,280.0,230.0,100.0,,纸箱,,,,,,,,
右前延伸板总成,0.365,920.0,272.0,109.0,内外饰件类,1330.0,1140.0,1150.0,,纸箱,,,,,,,,
压缩机排出管总成,,450.0,200.0,10.0,DKD件,600.0,400.0,314.0,,纸箱,,,,,,,,
散热器导流框,,600.0,200.0,800.0,DKD件,1330.0,1140.0,1800.0,,纸箱,,,,,,,,
机罩后沿装饰条,0.316,0.0,0.0,0.0,大尺寸件（金属箱/围板箱来料）,1700.0,750.0,1150.0,,天地盖纸箱,,,,,,,,
制动管路9号总成,0.3,2620.0,590.0,140.0,大尺寸件（金属箱/围板箱来料）,3000.0,1150.0,1200.0,,天地盖纸箱,,,,,,,,
左前雨刮臂总成,,776.0,111.0,66.0,DKD件,670.0,272.0,220.0,,纸箱,,,,,,,,
右前雨刮臂总成,,776.0,111.0,66.0,DKD件,840.0,272.0,220.0,,纸箱,,,,,,,,
后电机出水软管,,510.0,280.0,350.0,DKD件,620.0,420.0,290.0,,纸箱,,,,,,,,
左C柱上饰板总成,0.278,416.0,211.0,92.0,内外饰板类,1100.0,550.0,330.0,,天地盖纸箱,,,,,,,,
右C柱上饰板总成,0.278,416.0,211.0,92.0,内外饰板类,1100.0,550.0,330.0,,天地盖纸箱,,,,,,,,
发电机进出水管总成,,410.0,410.0,530.0,DKD件,410.0,410.0,530.0,,纸箱,,,,,,,,
左前轮眉装饰件总成,,1052.0,575.0,69.0,DKD件,1330.0,1140.0,1140.0,,天地盖纸箱,,,,,,,,
左前轮眉装饰件总成,,1062.0,575.0,69.0,DKD件,1330.0,1140.0,1140.0,,天地盖纸箱,,,,,,,,
左前轮眉装饰件总成,,1052.0,575.0,69.0,DKD件,1330.0,1140.0,1140.0,,天地盖纸箱,,,,,,,,
后保险杠左上安装座,0.271,175.0,220.0,190.0,小尺寸件（来料塑料箱）,650.0,435.0,260.0,,纸箱,,,,,,,,
后保险杠右上安装座,0.27,175.0,220.0,190.0,小尺寸件（来料塑料箱）,650.0,435.0,260.0,,纸箱,,,,,,,,
左前门框上装饰件总成,0.24,986.0,451.0,198.0,内外饰板类,1330.0,1140.0,545.0,,纸箱,,,,,,,,
右前门框上装饰件总成,0.24,986.0,451.0,198.0,内外饰板类,1330.0,1140.0,545.0,,纸箱,,,,,,,,
行人警示控制器,0.265,134.0,90.0,61.0,小尺寸件（来料塑料箱）,550.0,365.0,160.0,,纸箱,,,,,,,,
左后门槛迎宾护板合件,0.25,483.0,197.0,125.0,小尺寸件（来料塑料箱）,1100.0,550.0,330.0,,纸箱,,,,,,,,
右后门槛迎宾护板合件,0.25,483.0,197.0,125.0,小尺寸件（来料塑料箱）,1100.0,550.0,330.0,,纸箱,,,,,,,,
左前轮眉装饰件总成,,1052.0,575.0,69.0,DKD件,1330.0,1140.0,1140.0,,天地盖纸箱,,,,,,,,
右前轮眉装饰件总成,,1052.0,575.0,69.0,DKD件,1330.0,1140.0,1140.0,,天地盖纸箱,,,,,,,,
右前轮眉装饰件总成,,1052.0,575.0,69.0,DKD件,1330.0,1140.0,1140.0,,天地盖纸箱,,,,,,,,
低音喇叭,0.243,124.0,96.0,82.0,小尺寸件（来料塑料箱）,650.0,435.0,210.0,,纸箱,,,,,,,,
高音喇叭,0.243,124.0,96.0,82.0,小尺寸件（来料塑料箱）,650.0,435.0,210.0,,纸箱,,,,,,,,
香氛发生器,0.239,93.0,125.0,95.0,小尺寸件（来料塑料箱）,550.0,365.0,160.0,,纸箱,,,,,,,,
右前轮眉装饰件总成,,1052.0,575.0,69.0,DKD件,1330.0,1140.0,1140.0,,天地盖纸箱,,,,,,,,
左后门框上装饰件总成,0.232,986.0,451.0,198.0,内外饰板类,1330.0,1140.0,545.0,,天地盖纸箱,,,,,,,,
右后门框上装饰件总成,0.232,986.0,451.0,198.0,内外饰板类,1330.0,1140.0,545.0,,天地盖纸箱,,,,,,,,
右前轮眉装饰件总成,,1052.0,575.0,69.0,DKD件,1330.0,1140.0,1140.0,,天地盖纸箱,,,,,,,,
右CCB 连接支架,0.205,132.0,62.0,23.0,小尺寸件（来料塑料箱）,550.0,365.0,210.0,,纸箱,,,,,,,,
左CCB 连接支架,0.205,132.0,62.0,23.0,小尺寸件（来料塑料箱）,550.0,365.0,210.0,,纸箱,,,,,,,,
右后吹足管道中段总成,2.88,323.0,223.0,36.0,小尺寸件（来料塑料箱）,650.0,435.0,260.0,,纸箱,,,,,,,,
左后吹足管道中段总成,0.195,323.0,223.0,36.0,小尺寸件（来料塑料箱）,650.0,435.0,260.0,,纸箱,,,,,,,,
右后门B柱装饰板总成,0.211,515.0,115.0,37.0,内外饰板类,650.0,435.0,260.0,,纸箱,,,,,,,,
副仪表板小储物盒,0.3,295.0,210.0,56.0,小尺寸件（来料塑料箱）,650.0,435.0,260.0,,纸箱,,,,,,,,
左后门B柱装饰板总成,0.211,515.0,115.0,37.0,内外饰板类,650.0,435.0,260.0,,纸箱,,,,,,,,
内后视镜后装饰罩,,171.0,145.0,115.0,DKD件,650.0,435.0,260.0,,纸箱,,,,,,,,
EPB控制器,0.2,146.0,117.0,35.0,小尺寸件（来料塑料箱）,600.0,400.0,150.0,,纸箱,,,,,,,,
前机舱封板分总成（左）,,887.0,432.0,154.0,焊装件,1330.0,1140.0,810.0,是,,,,,,,,,
低音扬声器,0.191,203.0,200.0,84.0,小尺寸件（来料塑料箱）,730.0,365.0,210.0,,纸箱,,,,,,,,
后门限位器总成,0.194,320.0,91.0,54.0,小尺寸件（来料塑料箱）,550.0,365.0,160.0,,纸箱,,,,,,,,
前门限位器总成,0.194,332.0,91.0,56.0,小尺寸件（来料塑料箱）,550.0,365.0,160.0,,纸箱,,,,,,,,
中护板总成,0.185,471.0,239.0,193.0,小尺寸件（来料塑料箱）,650.0,435.0,330.0,,纸箱,,,,,,,,
右后门轮眉防污条总成,0.185,597.0,23.0,29.0,小尺寸件（来料塑料箱）,730.0,365.0,210.0,,纸箱,,,,,,,,
左后门轮眉防污条总成,0.185,597.0,23.0,29.0,小尺寸件（来料塑料箱）,730.0,365.0,210.0,,纸箱,,,,,,,,
后吹面风道后部,0.19,225.0,198.0,227.0,小尺寸件（来料塑料箱）,650.0,435.0,330.0,,纸箱,,,,,,,,
前机舱右封板分总成,,887.0,426.0,154.0,焊装件,1330.0,1140.0,810.0,是,,,,,,,,,
前电机隔热板,0.18,,,,,600.0,400.0,230.0,,纸箱,,,,,,,,
低音扬声器,0.172,179.0,175.0,76.0,小尺寸件（来料塑料箱）,650.0,435.0,210.0,,纸箱,,,,,,,,
右前带支架高度传感器总成,,237.0,98.0,56.0,DKD件,550.0,365.0,160.0,,纸箱,,,,,,,,
左前带支架高度传感器总成,,237.0,98.0,56.0,DKD件,550.0,365.0,160.0,,纸箱,,,,,,,,
清洁空气导管,0.17,500.0,100.0,50.0,小尺寸件（来料塑料箱）,800.0,600.0,280.0,,纸箱,,,,,,,,
左后组合灯固定侧侧板,,160.0,110.0,135.0,DKD件,650.0,435.0,210.0,,纸箱,,,,,,,,
右后组合灯固定侧侧板,,140.0,105.0,75.0,DKD件,650.0,435.0,210.0,,纸箱,,,,,,,,
空气滤清器进气管总成,,327.0,218.0,164.0,DKD件,800.0,600.0,280.0,,纸箱,,,,,,,,
右后门C柱装饰板总成,0.168,433.0,193.0,33.0,内外饰板类,650.0,435.0,260.0,,纸箱,,,,,,,,
左后门C柱装饰板总成,0.168,433.0,193.0,33.0,内外饰板类,650.0,435.0,260.0,,纸箱,,,,,,,,
行李箱地板外隔音垫,0.3,1083.0,1066.0,167.0,大尺寸件（金属箱/围板箱来料）,1600.0,1120.0,1020.0,,纸箱,,,,,,,,
前消声器总成,,165.0,608.0,2092.0,DKD件,2300.0,1400.0,2300.0,,纸箱,,,,,,,,
顶盖天窗加强环组件,,1883.0,1097.0,44.0,焊装件,1600.0,1150.0,2300.0,是,,,,,,,,,
充电指示灯,0.148,182.0,37.0,123.0,灯类,550.0,365.0,210.0,,纸箱,,,,,,,,
燃油箱维修口盖,0.146,245.0,245.0,19.0,小尺寸件（来料塑料箱）,600.0,400.0,280.0,,纸箱,,,,,,,,
发动机罩后密封条总成,,1175.0,18.0,34.0,DKD件,1400.0,400.0,230.0,,纸箱,,,,,,,,
充电口盖闭锁器总成,0.139,108.0,80.0,37.0,小尺寸件（来料塑料箱）,650.0,435.0,160.0,,纸箱,,,,,,,,
左前门窗台内密封条总成,0.137,800.0,36.0,32.0,密封条类,1000.0,400.0,280.0,,纸箱,,,,,,,,
右前门窗台内密封条总成,0.137,800.0,36.0,32.0,密封条类,1000.0,400.0,280.0,,纸箱,,,,,,,,
锁芯及机械钥匙合件,0.1,50.0,45.0,30.0,小尺寸件（来料塑料箱）,365.0,275.0,210.0,,纸箱,,,,,,,,
燃油加油管软管,0.135,199.0,47.0,350.0,小尺寸件（来料塑料箱）,620.0,420.0,300.0,,纸箱,,,,,,,,
机舱右前装饰板总成 (视图),,600.0,100.0,600.0,DKD件,1920.0,800.0,1200.0,,天地盖纸箱,,,,,,,,
右后门窗台内密封条总成,0.132,770.0,32.0,26.0,密封条类,1000.0,400.0,280.0,,纸箱,,,,,,,,
左后门窗台内密封条总成,0.132,770.0,32.0,26.0,密封条类,1000.0,400.0,280.0,,纸箱,,,,,,,,
内后视镜总成,,264.0,116.0,69.0,DKD件,650.0,435.0,330.0,,纸箱,,,,,,,,
前防撞梁连接板（右）,,275.0,155.0,25.0,焊装件,435.0,325.0,210.0,是,,,,,,,,,
后底护板安装支架组件,,220.0,85.0,36.0,DKD件,435.0,325.0,210.0,,纸箱,,,,,,,,
副仪表板组合开关,0.12,156.0,54.0,65.0,小尺寸件（来料塑料箱）,550.0,365.0,210.0,,纸箱,,,,,,,,
USB充电器,0.12,36.0,82.0,95.0,小尺寸件（来料塑料箱）,400.0,300.0,280.0,,纸箱,,,,,,,,
炭罐脱附管3,0.1,675.0,433.0,330.0,小尺寸件（来料塑料箱）,1100.0,550.0,330.0,,纸箱,,,,,,,,
前防撞梁连接板（左）,,275.0,155.0,25.0,焊装件,435.0,325.0,210.0,是,,,,,,,,,
门槛连接梁总成,,1039.0,242.0,77.0,DKD件,1600.0,1150.0,590.0,,木箱,,,,,,,,
前排左前拉手支架组件,0.116（±8%）,108.0,102.0,50.0,小尺寸件（来料塑料箱）,435.0,325.0,210.0,,纸箱,,,,,,,,
前排右前拉手支架组件,0.116,108.0,102.0,50.0,小尺寸件（来料塑料箱）,435.0,325.0,210.0,,纸箱,,,,,,,,
右后侧围安装支架,0.115,323.0,115.0,53.0,小尺寸件（来料塑料箱）,550.0,360.0,210.0,,纸箱,,,,,,,,
加液管总成,0.1136,0.0,0.0,0.0,小尺寸件（来料塑料箱）,650.0,435.0,260.0,,纸箱,,,,,,,,
空气滤清器总成,,395.0,281.0,248.0,DKD件,1200.0,1000.0,950.0,,天地盖纸箱,,,,,,,,
中部下防护板,,1027.0,643.0,40.0,DKD件,1140.0,790.0,760.0,,纸箱,,,,,,,,
车门锁扣总成,0.106,62.0,47.0,35.0,小尺寸件（来料塑料箱）,550.0,365.0,160.0,,纸箱,,,,,,,,
发动机罩锁拉丝,0.105,2210.0,15.0,15.0,小尺寸件（来料塑料箱）,650.0,435.0,210.0,,纸箱,,,,,,,,
燃油蒸汽管总成,0.102,500.0,200.0,100.0,小尺寸件（来料塑料箱）,600.0,400.0,220.0,,纸箱,,,,,,,,
蓄水瓶衬套,0.005,30.0,20.0,10.0,小尺寸件（来料塑料箱）,600.0,400.0,230.0,,纸箱,,,,,,,,
四通接头,0.095,66.0,37.0,35.0,小尺寸件（来料塑料箱）,365.0,275.0,160.0,,纸箱,,,,,,,,
天线电缆,0.096,450.0,120.0,15.0,小尺寸件（来料塑料箱）,550.0,365.0,160.0,,纸箱,,,,,,,,
前排右后拉手支架组件,0.094,102.0,90.0,40.0,小尺寸件（来料塑料箱）,435.0,325.0,210.0,,纸箱,,,,,,,,
前排左后拉手支架组件,0.094（±10%）,102.0,90.0,40.0,小尺寸件（来料塑料箱）,435.0,325.0,210.0,,纸箱,,,,,,,,
右后门玻璃后导轨,0.084,299.0,68.0,64.0,小尺寸件（来料塑料箱）,650.0,435.0,260.0,,纸箱,,,,,,,,
左后门玻璃后导轨,0.09,299.0,68.0,64.0,小尺寸件（来料塑料箱）,650.0,435.0,260.0,,纸箱,,,,,,,,
前部消音器隔热板,,669.0,534.0,148.0,DKD件,1330.0,1140.0,730.0,,纸箱,,,,,,,,
油箱泄漏诊断模块支架,0.066,70.0,37.0,38.0,小尺寸件（来料塑料箱）,435.0,325.0,210.0,,纸箱,,,,,,,,
发动机罩前密封条总成,,1937.0,23.0,17.0,DKD件,1100.0,550.0,330.0,,纸箱,,,,,,,,
前风窗玻璃右装饰条总成,,853.0,30.0,41.0,DKD件,900.0,400.0,230.0,,纸箱,,,,,,,,
制动管路4号总成,0.082,560.0,270.0,105.0,小尺寸件（来料塑料箱）,730.0,365.0,210.0,,纸箱,,,,,,,,
前风窗玻璃左装饰条总成,,853.0,30.0,41.0,DKD件,900.0,400.0,230.0,,纸箱,,,,,,,,
风窗流水槽盖板左密封件,,310.0,100.0,150.0,DKD件,650.0,435.0,260.0,,纸箱,,,,,,,,
扶手箱胶垫,0.078,156.0,119.0,14.0,小尺寸件（来料塑料箱）,650.0,435.0,260.0,,纸箱,,,,,,,,
风窗流水槽盖板右密封件,,310.0,100.0,150.0,DKD件,650.0,435.0,260.0,,纸箱,,,,,,,,
PTC1到暖芯水管,,500.0,160.0,160.0,DKD件,620.0,420.0,290.0,,纸箱,,,,,,,,
高温散热器进水管,,260.0,200.0,100.0,DKD件,620.0,420.0,290.0,,纸箱,,,,,,,,
空气过滤器,0.061,98.0,72.0,111.0,小尺寸件（来料塑料箱）,650.0,435.0,260.0,,纸箱,,,,,,,,
电机副水箱通气管,0.061,277.0,117.0,157.0,小尺寸件（来料塑料箱）,600.0,400.0,280.0,,纸箱,,,,,,,,
后组合灯移动侧右侧板,0.06,140.0,105.0,75.0,小尺寸件（来料塑料箱）,650.0,435.0,210.0,,纸箱,,,,,,,,
后组合灯移动侧左侧板,0.06,140.0,105.0,75.0,小尺寸件（来料塑料箱）,650.0,435.0,210.0,,纸箱,,,,,,,,
USB盖板,0.06,232.0,84.0,34.0,小尺寸件（来料塑料箱）,650.0,435.0,260.0,,纸箱,,,,,,,,
油箱盖总成,0.06,221.0,75.0,75.0,来料纸箱件,650.0,240.0,150.0,,纸箱,,,,,,,,
制动管路5号总成,0.06,420.0,226.0,57.0,小尺寸件（来料塑料箱）,730.0,365.0,210.0,,纸箱,,,,,,,,
燃油管路支架,0.06,125.0,45.0,22.0,小尺寸件（来料塑料箱）,365.0,275.0,210.0,,纸箱,,,,,,,,
前暖芯出水管,,590.0,120.0,90.0,DKD件,620.0,420.0,290.0,,纸箱,,,,,,,,
四通到发动机软管,,250.0,120.0,240.0,DKD件,620.0,420.0,290.0,,纸箱,,,,,,,,
炭罐脱附管1,0.055,500.0,100.0,100.0,小尺寸件（来料塑料箱）,600.0,400.0,220.0,,纸箱,,,,,,,,
油箱泄漏诊断模块安装支架Ⅰ组件,0.06（±10%）,70.0,85.0,29.0,小尺寸件（来料塑料箱）,365.0,275.0,210.0,,纸箱,,,,,,,,
制动管路6号总成,0.052,375.0,229.0,140.0,小尺寸件（来料塑料箱）,730.0,365.0,210.0,,纸箱,,,,,,,,
反光背心,0.05,620.0,600.0,1.0,来料纸箱件,580.0,240.0,350.0,,纸箱,,,,,,,,
左后侧围安装支架,0.05,550.0,360.0,160.0,小尺寸件（来料塑料箱）,365.0,275.0,160.0,,纸箱,,,,,,,,
低温散热器出水管后段,,310.0,250.0,240.0,DKD件,620.0,420.0,290.0,,纸箱,,,,,,,,
电机水泵进水管总成,,370.0,300.0,230.0,DKD件,620.0,420.0,290.0,,纸箱,,,,,,,,
电池冷却器吸入管路总成,,254.0,112.0,112.0,DKD件,600.0,400.0,314.0,,纸箱,,,,,,,,
底护板固定支架Ⅰ组件,0.049（±15%）,117.0,37.0,49.0,小尺寸件（来料塑料箱）,365.0,275.0,210.0,,纸箱,,,,,,,,
油箱隔离阀导管,0.046,300.0,100.0,50.0,小尺寸件（来料塑料箱）,600.0,400.0,220.0,,纸箱,,,,,,,,
充电口盖挡板,0.044,203.0,131.0,11.0,小尺寸件（来料塑料箱）,650.0,435.0,260.0,,纸箱,,,,,,,,
蓄水瓶总成及附件,,250.0,240.0,230.0,DKD件,1200.0,1000.0,1050.0,,纸箱,,,,,,,,
车门上背门限位器,0.045,72.0,57.0,29.0,小尺寸件（来料塑料箱）,400.0,300.0,230.0,,纸箱,,,,,,,,
左C柱下装饰盖板,0.031,152.0,75.0,27.0,小尺寸件（来料塑料箱）,365.0,275.0,160.0,,纸箱,,,,,,,,
背门锁护套,0.031,127.0,107.0,37.0,小尺寸件（来料塑料箱）,650.0,435.0,260.0,,纸箱,,,,,,,,
充电口盖排水管,0.03,650.0,8.0,8.0,小尺寸件（来料塑料箱）,650.0,435.0,260.0,,纸箱,,,,,,,,
中冷低温散热器进水管,,241.0,286.0,369.0,DKD件,600.0,400.0,280.0,,纸箱,,,,,,,,
六角法兰面螺栓和带齿垫圈组合件,,265.0,14.0,14.0,总成件,365.0,275.0,160.0,,,,,,,,,,
水泵出水软管,,500.0,100.0,230.0,DKD件,650.0,436.0,260.0,,纸箱,,,,,,,,
背门限位器,0.028,78.0,50.0,24.0,小尺寸件（来料塑料箱）,400.0,300.0,230.0,,纸箱,,,,,,,,
催化器密封垫2,0.02,124.0,74.0,2.0,小尺寸件（来料塑料箱）,435.0,325.0,210.0,,纸箱,,,,,,,,
减振软垫1,0.025,26.0,26.0,20.0,小尺寸件（来料塑料箱）,400.0,300.0,250.0,,纸箱,,,,,,,,
智能遥控钥匙合件,0.0227,37.0,17.0,76.0,小尺寸件（来料塑料箱）,600.0,400.0,170.0,,纸箱,,,,,,,,
PM2.5传感器,,100.0,40.0,40.0,DKD件,600.0,400.0,150.0,,纸箱,,,,,,,,
插销式尼龙双管夹,0.02,90.0,16.0,55.0,来料纸箱件,487.0,252.0,240.0,,纸箱,,,,,,,,
门压力传感器,0.02,45.0,45.0,30.0,小尺寸件（来料塑料箱）,435.0,325.0,210.0,,纸箱,,,,,,,,
前保险杠左上安装座,0.02,22.0,75.0,61.0,小尺寸件（来料塑料箱）,400.0,300.0,220.0,,纸箱,,,,,,,,
前保险杠右上安装座,0.02,22.0,75.0,61.0,小尺寸件（来料塑料箱）,400.0,300.0,220.0,,纸箱,,,,,,,,
前碰传感器,0.013（±1%）,43.0,24.0,18.0,小尺寸件（来料塑料箱）,435.0,325.0,210.0,,纸箱,,,,,,,,
侧碰传感器,0.013（±1%）,43.0,24.0,18.0,小尺寸件（来料塑料箱）,435.0,325.0,210.0,,纸箱,,,,,,,,
三通到chiller2水管,,460.0,110.0,80.0,DKD件,620.0,420.0,290.0,,纸箱,,,,,,,,
右A柱内钣金堵盖,0.017,84.0,15.0,95.0,小尺寸件（来料塑料箱）,650.0,435.0,260.0,,纸箱,,,,,,,,
左A柱内钣金堵盖,0.017,84.0,15.0,95.0,小尺寸件（来料塑料箱）,650.0,435.0,260.0,,纸箱,,,,,,,,
发动机副水箱通气管,,600.0,270.0,260.0,DKD件,620.0,420.0,290.0,,纸箱,,,,,,,,
油管双管夹Ⅱ,0.016,58.0,27.0,14.0,小尺寸件（来料塑料箱）,550.0,365.0,210.0,,纸箱,,,,,,,,
六角法兰面螺栓,0.2,125.0,33.0,33.0,STD,365.0,275.0,160.0,,,,,,,,,,
左前刮片总成,,625.0,45.0,25.0,DKD件,780.0,400.0,230.0,,纸箱,,,,,,,,
右前刮片总成,,455.0,40.0,32.0,DKD件,600.0,400.0,230.0,,纸箱,,,,,,,,
后部下防护板,2.3,1690.0,1583.0,176.0,DKD件,1850.0,1750.0,750.0,,纸箱,,,,,,,,
低温散热器进水管,,210.0,80.0,60.0,DKD件,620.0,420.0,290.0,,纸箱,,,,,,,,
空气滤清器出气管总成,,154.0,135.0,87.0,DKD件,800.0,600.0,280.0,,纸箱,,,,,,,,
前管路总成2,,0.0,0.0,0.0,DKD件,650.0,435.0,260.0,,纸箱,,,,,,,,
燃油管单管夹,0.005,39.0,26.0,12.0,小尺寸件（来料塑料箱）,365.0,275.0,210.0,,纸箱,,,,,,,,
麦克风,0.004,28.0,27.0,16.0,小尺寸件（来料塑料箱）,365.0,275.0,210.0,,纸箱,,,,,,,,
车轮装饰盖,,69.0,69.0,29.0,DKD件,600.0,400.0,230.0,,纸箱,,,,,,,,
燃油间隙管夹,0.003,35.0,31.0,11.0,小尺寸件（来料塑料箱）,365.0,275.0,210.0,,纸箱,,,,,,,,
车门缓冲块,0.003,20.0,10.0,10.0,小尺寸件（来料塑料箱）,650.0,436.0,260.0,,纸箱,,,,,,,,
三通比例阀安装支架,,102.0,102.0,11.0,DKD件,435.0,325.0,210.0,,纸箱,,,,,,,,
水管三管夹,,1.0,1.0,1.0,DKD件,435.0,325.0,210.0,,STD,,,,,,,,
带导向六角法兰面螺栓,0.131,123.0,12.0,12.0,STD,365.0,275.0,160.0,,,,,,,,,,
带导向六角法兰面螺栓和带齿垫圈组合件,0.128,100.0,12.0,12.0,STD,365.0,275.0,160.0,,,,,,,,,,
六角法兰面承面带齿螺栓,0.156,152.0,12.0,12.0,STD,365.0,275.0,160.0,,,,,,,,,,
带导向六角法兰面螺栓,0.154,90.0,14.0,14.0,STD,365.0,275.0,160.0,,,,,,,,,,
空滤器支撑1,,94.0,46.0,39.0,DKD件,650.0,435.0,160.0,,纸箱,,,,,,,,
六角法兰面螺栓,0.093,97.0,25.0,25.0,STD,300.0,200.0,148.0,,,,,,,,,,
空滤器支撑2,,105.0,67.0,11.0,DKD件,365.0,275.0,210.0,,纸箱,,,,,,,,
车门上背门限位块堵盖,0.001,23.0,16.0,5.0,小尺寸件（来料塑料箱）,400.0,300.0,230.0,,纸箱,,,,,,,,
背门排水孔堵盖,0.001,12.0,5.0,4.0,小尺寸件（来料塑料箱）,365.0,275.0,160.0,,纸箱,,,,,,,,
仪表板前端毛毡,0.001,6.0,4.0,1.0,小尺寸件（来料塑料箱）,400.0,300.0,220.0,,纸箱,,,,,,,,
后电机搭铁线束,,860.0,4.0,4.0,DKD件,650.0,435.0,260.0,,纸箱,,,,,,,,
电池包搭铁线束,,155.0,10.0,10.0,DKD件,650.0,435.0,260.0,,纸箱,,,,,,,,
前部下防护板,0.83,1700.0,757.0,50.0,DKD件,1900.0,1400.0,1150.0,,天地盖纸箱,,,,,,,,
六角法兰面螺栓,0.121,120.0,12.0,12.0,STD,365.0,275.0,160.0,,,,,,,,,,
带导向六角法兰面螺栓和平垫圈组合件,,80.0,12.0,12.0,总成件,365.0,275.0,160.0,,,,,,,,,,
空滤器支撑3,,81.0,48.0,8.0,DKD件,365.0,275.0,210.0,,纸箱,,,,,,,,
B型蜗杆传动式软管环箍,0.0203,14.0,38.0,45.0,STD,435.0,325.0,210.0,,,,,,,,,,
内后视镜前装饰罩,,80.0,80.0,80.0,DKD件,650.0,435.0,260.0,,纸箱,,,,,,,,
带导向六角法兰面螺栓,0.081,110.0,10.0,10.0,STD,365.0,275.0,160.0,,,,,,,,,,
方螺母,0.05,32.0,12.0,12.0,STD,300.0,200.0,148.0,,,,,,,,,,
Ф20尼龙水管双管夹,0.029,72.0,28.0,28.0,STD,550.0,365.0,210.0,,,,,,,,,,
Ф23橡胶水管双管夹,0.016,73.0,32.0,20.0,STD,550.0,365.0,210.0,,,,,,,,,,
带导向六角法兰面螺栓,0.056,60.0,10.0,10.0,STD,365.0,275.0,160.0,,,,,,,,,,
六角法兰面螺栓,0.06,50.0,10.0,10.0,STD,365.0,275.0,160.0,,,,,,,,,,
右前门框密封条总成,1.27,3577.0,30.0,30.0,密封条类,1600.0,1150.0,590.0,,天地盖纸箱,,,,,,,,
右后门框密封条总成,1.194,3353.0,30.0,30.0,密封条类,1600.0,1150.0,590.0,,天地盖纸箱,,,,,,,,
碳罐脱附管2号,0.102,1677.0,133.0,96.0,大尺寸件（金属箱/围板箱来料）,1920.0,1140.0,545.0,,纸箱,,,,,,,,
左外后视镜合件,1.69,372.0,316.0,217.0,小尺寸件（来料塑料箱）,650.0,435.0,260.0,,纸箱,,,,,,,,
右B柱下饰板总成,1,1000.0,500.0,100.0,内外饰板类,1330.0,900.0,1150.0,,天地盖纸箱,,,,,,,,
左下裙板总成,1.104,2084.0,154.0,128.0,大尺寸件（金属箱/围板箱来料）,2350.0,780.0,1190.0,,天地盖纸箱,,,,,,,,
带导向六角法兰面螺栓,0.054,72.0,10.0,10.0,STD,365.0,275.0,160.0,,,,,,,,,,
右后门内饰板合件,3.497,900.0,698.0,285.0,内外饰板类,1950.0,1150.0,2200.0,,天地盖纸箱,,,,,,,,
右外后视镜合件,1.69,372.0,316.0,217.0,小尺寸件（来料塑料箱）,650.0,435.0,260.0,,纸箱,,,,,,,,
六角法兰面螺栓,0.062,68.0,10.0,10.0,STD,365.0,275.0,160.0,,,,,,,,,,
副仪表板,6.05,1060.0,326.0,442.0,大尺寸件（金属箱/围板箱来料）,1650.0,1180.0,1400.0,,天地盖纸箱,,,,,,,,
油箱隔热板,,547.0,412.0,128.0,DKD件,1140.0,1140.0,730.0,,纸箱,,,,,,,,
六角法兰面螺栓,0.04,65.0,21.0,21.0,STD,365.0,275.0,160.0,,,,,,,,,,
左前门槛迎宾护板合件,0.525,872.0,309.0,122.0,大尺寸件（金属箱/围板箱来料）,1330.0,1140.0,1150.0,,纸箱,,,,,,,,
右前轮罩挡泥板总成,1,1330.0,1140.0,1050.0,大尺寸件（金属箱/围板箱来料）,1330.0,1140.0,1050.0,,天地盖纸箱,,,,,,,,
左后侧围内饰板总成,1.814,,,,内外饰板类,,,,,天地盖纸箱,,,,,,,,
右后车门防擦条总成,0.917,1136.0,86.0,120.0,大尺寸件（金属箱/围板箱来料）,1900.0,1000.0,1200.0,,天地盖纸箱,,,,,,,,
非金属嵌件六角法兰面锁紧螺母,,18.0,30.0,30.0,总成件,365.0,275.0,160.0,,,,,,,,,,
钢带式弹性软管夹箍-预张开式,0.0145,1.0,1.0,1.0,STD,435.0,325.0,210.0,,,,,,,,,,
六角法兰面螺栓和带齿垫圈组合件,0.047,35.0,10.0,10.0,STD,365.0,275.0,160.0,,,,,,,,,,
进油管2号总成,0.045,1863.0,157.0,53.0,大尺寸件（金属箱/围板箱来料）,1920.0,1140.0,545.0,,天地盖纸箱,,,,,,,,
仪表板右端盖总成,,420.0,250.0,100.0,小尺寸件（来料塑料箱）,650.0,435.0,330.0,,纸箱,,,,,,,,
左B柱下饰板总成,0.772,1000.0,500.0,100.0,内外饰板类,1330.0,900.0,1150.0,,天地盖纸箱,,,,,,,,
钢带式弹性软管夹箍-预张开式,0.0145,50.0,50.0,12.0,STD,435.0,325.0,210.0,,,,,,,,,,
制动踏板总成,2,400.0,240.0,310.0,小尺寸件（来料塑料箱）,650.0,435.0,330.0,,纸箱,,,,,,,,
右下裙板总成,1.104,2084.0,154.0,128.0,大尺寸件（金属箱/围板箱来料）,2350.0,780.0,1190.0,,天地盖纸箱,,,,,,,,
六角头螺栓、弹簧垫圈和平垫圈组合件,0.04,40.0,24.0,24.0,STD,365.0,275.0,160.0,,,,,,,,,,
钢带式弹性软管夹箍-预张开式,0.0145,50.0,51.0,12.0,STD,435.0,325.0,210.0,,,,,,,,,,
遮物帘总成,1.73,1202.0,253.0,44.0,大尺寸件（金属箱/围板箱来料）,1330.0,1140.0,1100.0,,天地盖纸箱,,,,,,,,
加速踏板螺栓堵盖2,0.009,33.0,24.0,20.0,STD,365.0,275.0,160.0,,,,,,,,,,
电池冷却器总成,1.62,205.0,119.0,140.0,小尺寸件（来料塑料箱）,550.0,365.0,210.0,,纸箱,,,,,,,,
加速踏板螺栓堵盖1,0.008,33.0,24.0,20.0,STD,365.0,275.0,160.0,,,,,,,,,,
防撞卡扣,,5.0,5.0,5.0,STD,400.0,300.0,230.0,,,,,,,,,,
右翼子板装饰板,0.233,,,,内外饰板类,,,,,天地盖纸箱,,,,,,,,
六角法兰面锁紧螺母和平垫圈组合件,,15.0,24.0,24.0,总成件,365.0,275.0,160.0,,,,,,,,,,
六角法兰面螺栓,0.034,40.0,10.0,10.0,STD,365.0,275.0,160.0,,,,,,,,,,
六角头螺栓、弹簧垫圈和平垫圈组合件,0.0145,35.0,10.0,10.0,STD,365.0,275.0,160.0,,,,,,,,,,
座垫卡扣,0.007,44.0,29.0,27.0,STD,400.0,300.0,230.0,,,,,,,,,,
点光源,,48.0,22.0,18.0,DKD件,365.0,275.0,210.0,,纸箱,,,,,,,,
六角法兰面螺栓,0.0266,58.0,18.0,18.0,STD,365.0,275.0,160.0,,,,,,,,,,
六角法兰面螺栓和平垫圈组合件,0.022,48.0,22.0,22.0,STD,365.0,275.0,160.0,,,,,,,,,,
车体上背门限位器,,44.0,44.0,34.0,DKD件,400.0,300.0,230.0,,STD,,,,,,,,
六角法兰面螺栓,0.024,50.0,8.0,8.0,STD,365.0,275.0,160.0,,,,,,,,,,
功率放大器总成,0.891,209.0,188.0,53.0,小尺寸件（来料塑料箱）,365.0,275.0,210.0,,纸箱,,,,,,,,
消声器密封垫,,124.0,74.0,2.0,DKD件,435.0,325.0,210.0,,STD,,,,,,,,
六角法兰面螺栓,0.0295,35.0,10.0,10.0,STD,365.0,275.0,160.0,,,,,,,,,,
7/16英制螺栓（25）,0.033,25.0,12.0,12.0,STD,365.0,275.0,160.0,,,,,,,,,,
左遮缝装饰件,0.064,158.0,74.0,66.0,内外饰板类,650.0,435.0,260.0,,纸箱,,,,,,,,
副仪表板后安装支架总成,0.653,203.0,177.0,110.0,大尺寸件（金属箱/围板箱来料）,1140.0,1140.0,545.0,,纸箱,,,,,,,,
低压线束支架1,,86.0,27.0,10.0,DKD件,365.0,275.0,210.0,,STD,,,,,,,,
MP5音响主机总成,1.4,192.0,62.0,181.0,小尺寸件（来料塑料箱）,650.0,435.0,260.0,,纸箱,,,,,,,,
制动软管螺栓,0.024,22.0,10.0,10.0,STD,365.0,275.0,160.0,,,,,,,,,,
右后门玻璃升降器总成,1.5,474.0,344.0,67.0,小尺寸件（来料塑料箱）,600.0,400.0,280.0,,纸箱,,,,,,,,
左后门玻璃升降器总成,1.5,474.0,344.0,67.0,小尺寸件（来料塑料箱）,600.0,400.0,280.0,,纸箱,,,,,,,,
发动机左悬置总成,1.739,168.0,115.0,137.0,小尺寸件（来料塑料箱）,435.0,325.0,210.0,,纸箱,,,,,,,,
车型编码标牌,0.0052,178.0,37.0,5.0,STD,435.0,325.0,210.0,,,,,,,,,,
前罩隔音垫,0.527,1326.0,586.0,88.0,大尺寸件（金属箱/围板箱来料）,1600.0,1140.0,1150.0,,天地盖纸箱,,,,,,,,
六角法兰面螺栓,0.026,25.0,10.0,10.0,STD,365.0,275.0,160.0,,,,,,,,,,
后吹面风道前段总成,0.325,761.0,171.0,183.0,小尺寸件（来料塑料箱）,800.0,600.0,280.0,,纸箱,,,,,,,,
钢带式弹性软管夹箍,0.0112,27.0,27.0,12.0,STD,400.0,300.0,148.0,,,,,,,,,,
右前门B柱装饰板总成,0.202,541.0,111.0,38.0,内外饰板类,650.0,435.0,260.0,,纸箱,,,,,,,,
左前门B柱装饰板总成,0.202,,,,内外饰板类,,,,,纸箱,,,,,,,,
贴片20*24,0.002,24.0,20.0,2.0,STD,365.0,275.0,160.0,,,,,,,,,,
六角头螺栓和平垫圈组合件,0.019,44.0,23.0,23.0,STD,365.0,275.0,160.0,,,,,,,,,,
Φ50孔贴,0.005,50.0,2.0,2.0,STD,365.0,275.0,160.0,,,,,,,,,,
六角头螺栓和大平垫圈组合件,0.0202,18.0,8.0,8.0,STD,365.0,275.0,160.0,,,,,,,,,,
功率放大器,1.12,209.0,194.0,51.0,小尺寸件（来料塑料箱）,650.0,435.0,260.0,,纸箱,,,,,,,,
充电口盖本体,0.421,312.0,168.0,90.0,小尺寸件（来料塑料箱）,650.0,435.0,330.0,,纸箱,,,,,,,,
加油口盖本体,0.357,312.0,168.0,90.0,小尺寸件（来料塑料箱）,650.0,435.0,330.0,,纸箱,,,,,,,,
燃油箱安装带1,0.86,582.0,52.0,131.0,小尺寸件（来料塑料箱）,600.0,380.0,330.0,,纸箱,,,,,,,,
钢带式弹性软管夹箍,0.008,24.0,24.0,12.0,STD,400.0,300.0,148.0,,,,,,,,,,
燃油箱安装带2,0.83,582.0,52.0,131.0,小尺寸件（来料塑料箱）,600.0,380.0,330.0,,纸箱,,,,,,,,
橡胶堵盖Φ20,0.0021,28.0,28.0,8.0,STD,400.0,300.0,230.0,,,,,,,,,,
发动机罩锁总成,0.456,110.0,94.0,30.0,来料纸箱件,425.0,350.0,130.0,,纸箱,,,,,,,,
六角头螺栓和平垫圈组合件,0.0176,20.0,8.0,8.0,STD,365.0,275.0,160.0,,,,,,,,,,
空气悬架控制器,0.564,198.0,143.0,40.0,小尺寸件（来料塑料箱）,550.0,365.0,160.0,,纸箱,,,,,,,,
背门电动撑杆总成,0.948,930.0,40.0,40.0,小尺寸件（来料塑料箱）,1100.0,365.0,160.0,,纸箱,,,,,,,,
发动机罩锁扣,0.16,98.0,76.0,56.0,来料纸箱件,340.0,245.0,180.0,,纸箱,,,,,,,,
鲨鱼鳍天线,0.483,220.0,83.0,88.0,小尺寸件（来料塑料箱）,550.0,365.0,210.0,,纸箱,,,,,,,,
B型钢带式弹性软管夹箍,0.009,39.0,12.0,23.0,STD,435.0,325.0,210.0,,,,,,,,,,
快慢充插座安装螺栓,0.011,25.0,10.0,10.0,STD,550.0,360.0,210.0,,,,,,,,,,
后背门左侧扰流板总成,0.211,301.0,139.0,27.0,小尺寸件（来料塑料箱）,600.0,400.0,280.0,,纸箱,,,,,,,,
空气悬架管路接头,,55.0,30.0,30.0,DKD件,650.0,435.0,210.0,,STD,,,,,,,,
后背门右侧扰流板总成,,301.0,139.0,37.0,小尺寸件（来料塑料箱）,600.0,400.0,280.0,,纸箱,,,,,,,,
后雨刮电机及支架总成,0.616,220.0,140.0,150.0,小尺寸件（来料塑料箱）,650.0,435.0,260.0,,纸箱,,,,,,,,
密封贴片Φ18,0.0007,18.0,18.0,1.0,STD,365.0,275.0,160.0,,,,,,,,,,
贯穿式储物盒胶垫,0.179,401.0,227.0,79.0,小尺寸件（来料塑料箱）,650.0,435.0,260.0,,纸箱,,,,,,,,
整车控制器总成,0.55,204.0,154.0,37.0,小尺寸件（来料塑料箱）,650.0,435.0,210.0,,纸箱,,,,,,,,
六角法兰面螺栓,0.018,16.0,8.0,8.0,STD,365.0,275.0,160.0,,,,,,,,,,
后排双带扣组件,0.364,168.0,80.0,60.0,小尺寸件（来料塑料箱）,550.0,365.0,160.0,,纸箱,,,,,,,,
左后排座椅靠背总成固定锁销,0.258,0.0,0.0,0.0,小尺寸件（来料塑料箱）,550.0,365.0,160.0,,纸箱,,,,,,,,
右后排座椅靠背总成固定锁销,,0.0,0.0,0.0,小尺寸件（来料塑料箱）,550.0,365.0,160.0,,纸箱,,,,,,,,
左后门锁体,0.405,140.0,110.0,90.0,小尺寸件（来料塑料箱）,650.0,435.0,210.0,,纸箱,,,,,,,,
六角法兰面承面带齿锁紧螺母,0.011,10.0,22.0,22.0,STD,365.0,275.0,160.0,,,,,,,,,,
六角法兰面螺栓,0.0102,42.0,14.0,14.0,STD,300.0,200.0,148.0,,,,,,,,,,
六角法兰面螺母,0.0117,22.0,22.0,10.0,STD,400.0,300.0,148.0,,,,,,,,,,
副气囊安装支架组件,0.92,305.0,260.0,40.0,小尺寸件（来料塑料箱）,435.0,325.0,210.0,,纸箱,,,,,,,,
内十二齿花形法兰面螺栓,0.018,25.0,8.0,8.0,STD,365.0,275.0,160.0,,,,,,,,,,
六角法兰面螺栓,0.0129,20.0,8.0,8.0,STD,365.0,275.0,160.0,,,,,,,,,,
右后门锁体,0.405,140.0,110.0,90.0,小尺寸件（来料塑料箱）,650.0,435.0,210.0,,纸箱,,,,,,,,
贴片φ40,0.0001,40.0,40.0,2.0,STD,365.0,275.0,160.0,,,,,,,,,,
右前门照地灯,0.068,101.0,46.0,62.0,灯类,550.0,365.0,160.0,,纸箱,,,,,,,,
充电指示标签,0.008,100.0,40.0,1.0,STD,365.0,275.0,160.0,,,,,,,,,,
水箱上横梁右安装板组件,0.41,381.0,102.0,18.0,小尺寸件（来料塑料箱）,435.0,325.0,210.0,,纸箱,,,,,,,,
堵盖Φ20,0.002,28.0,28.0,8.0,STD,400.0,300.0,230.0,,,,,,,,,,
六角法兰面螺栓,0.0087,30.0,6.0,6.0,STD,365.0,275.0,160.0,,,,,,,,,,
六角法兰面螺栓,0.0117,16.0,8.0,8.0,STD,365.0,275.0,160.0,,,,,,,,,,
A型钢带式弹性软管夹箍,0.001,50.0,50.0,30.0,STD,435.0,325.0,210.0,,,,,,,,,,
前雨刮臂端盖,,28.0,28.0,10.0,DKD件,400.0,300.0,147.0,,STD,,,,,,,,
钢带式弹性软管夹箍,0.0089,36.0,22.0,12.0,STD,435.0,325.0,210.0,,,,,,,,,,
六角法兰面螺栓,,25.0,6.0,6.0,总成件,365.0,275.0,160.0,,,,,,,,,,
六角法兰面螺栓,0.0087,30.0,6.0,6.0,STD,365.0,275.0,160.0,,,,,,,,,,
后排座椅靠背总成中间支架,0.682,190.0,120.0,90.0,小尺寸件（来料塑料箱）,650.0,435.0,210.0,,纸箱,,,,,,,,
六角法兰面螺栓,0.0078,25.0,6.0,6.0,STD,365.0,275.0,160.0,,,,,,,,,,
发动机左悬置支架,0.616,210.0,100.0,50.0,小尺寸件（来料塑料箱）,435.0,325.0,210.0,,纸箱,,,,,,,,
内六角花形大半圆头螺栓和平垫圈组合件,0.01,18.0,6.0,6.0,STD,365.0,275.0,160.0,,,,,,,,,,
制动管隔离扎带,0.0013,140.0,10.0,13.0,STD,487.0,252.0,305.0,,STD,,,,,,,,
左喷嘴,,0.0,0.0,0.0,STD,365.0,275.0,160.0,,STD,,,,,,,,
堵盖Φ25,0.0015,34.0,34.0,7.0,STD,400.0,300.0,230.0,,,,,,,,,,
电池冷却模块空调管总成,0.595,450.0,259.0,144.0,小尺寸件（来料塑料箱）,600.0,400.0,314.0,,纸箱,,,,,,,,
橡胶堵盖Φ16,0.001,25.0,25.0,8.0,STD,400.0,300.0,230.0,,,,,,,,,,
左后侧围吸音棉,0.06,343.0,150.0,312.0,小尺寸件（来料塑料箱）,650.0,435.0,260.0,,纸箱,,,,,,,,
右后轮毂包下消声垫,0.329,894.0,262.0,508.0,小尺寸件（来料塑料箱）,650.0,435.0,210.0,,纸箱,,,,,,,,
右后侧围吸音棉,0.06,343.0,150.0,312.0,小尺寸件（来料塑料箱）,650.0,435.0,260.0,,纸箱,,,,,,,,
卡扣,0.002,20.0,20.0,20.0,STD,400.0,300.0,230.0,,,,,,,,,,
后排单带扣组件,0.26,150.0,75.0,60.0,小尺寸件（来料塑料箱）,550.0,365.0,160.0,,纸箱,,,,,,,,
钢带式弹性软管夹箍,0.0035,31.0,18.0,12.0,STD,435.0,325.0,210.0,,,,,,,,,,
右后吹足管道前段总成,0.13,219.0,160.0,119.0,小尺寸件（来料塑料箱）,650.0,435.0,260.0,,纸箱,,,,,,,,
钢带式弹性软管夹箍,0.002,50.0,50.0,30.0,STD,435.0,325.0,210.0,,,,,,,,,,
六角法兰面螺母,0.007,18.0,18.0,8.0,STD,400.0,300.0,148.0,,,,,,,,,,
空气滤清器安装橡胶块,0.006,30.0,30.0,15.0,STD,800.0,600.0,270.0,,STD,,,,,,,,
密封卡扣,0.001,18.0,18.0,17.0,STD,400.0,300.0,230.0,,,,,,,,,,
钢带式弹性软管夹箍,0.0036,21.0,23.0,12.0,STD,435.0,325.0,210.0,,,,,,,,,,
贴片 Φ30,0.0001,30.0,1.0,2.0,STD,365.0,275.0,160.0,,,,,,,,,,
六角法兰面螺栓,0.0066,18.0,6.0,6.0,STD,365.0,275.0,160.0,,,,,,,,,,
左后吹足管道前段总成,0.11,219.0,160.0,119.0,小尺寸件（来料塑料箱）,650.0,435.0,260.0,,纸箱,,,,,,,,
六角法兰面螺栓,0.007,20.0,6.0,6.0,STD,365.0,275.0,160.0,,,,,,,,,,
内六角花形盘头螺钉,0.007,25.0,6.0,6.0,STD,365.0,275.0,160.0,,,,,,,,,,
全金属六角法兰面锁紧螺母,0.008,9.0,18.0,18.0,STD,365.0,275.0,160.0,,,,,,,,,,
六角头螺栓、弹簧垫圈和平垫圈组合件,0.008,20.0,6.0,6.0,STD,365.0,275.0,160.0,,,,,,,,,,
A型通孔式嵌装塑料螺母,0.001,14.0,14.0,9.0,STD,365.0,275.0,160.0,,,,,,,,,,
右遮缝装饰件,0.06,158.0,74.0,66.0,内外饰板类,650.0,435.0,260.0,,纸箱,,,,,,,,
六角法兰面螺母,0.007,8.0,17.0,17.0,STD,365.0,275.0,160.0,,,,,,,,,,
六角法兰面螺栓,0.0063,16.0,6.0,6.0,STD,365.0,275.0,160.0,,,,,,,,,,
副仪表板组合开关,0.12,156.0,54.0,65.0,小尺寸件（来料塑料箱）,550.0,365.0,210.0,,纸箱,,,,,,,,
卡扣,0.0013,36.0,20.0,20.0,STD,400.0,300.0,230.0,,,,,,,,,,
六角平头铆螺母,0.0045,15.0,14.0,14.0,STD,400.0,300.0,148.0,,,,,,,,,,
车窗防夹控制器,0.23,218.0,64.0,50.0,小尺寸件（来料塑料箱）,730.0,365.0,210.0,,纸箱,,,,,,,,
E-mark标签,0.0011,80.0,40.0,1.0,STD,365.0,275.0,160.0,,,,,,,,,,
内六角圆柱头螺钉,0.006,18.0,6.0,6.0,STD,365.0,275.0,160.0,,,,,,,,,,
六角法兰面螺栓,0.006,12.0,6.0,6.0,STD,365.0,275.0,160.0,,,,,,,,,,
塑料螺母,0.0007,12.0,10.0,10.0,STD,400.0,300.0,230.0,,,,,,,,,,
十字槽盘头自攻螺钉与平垫圈组合件,0.01,10.0,10.0,17.0,STD,356.0,275.0,160.0,,,,,,,,,,
电动背门控制器,0.13,142.0,40.0,95.0,小尺寸件（来料塑料箱）,650.0,435.0,160.0,,纸箱,,,,,,,,
贴片 Φ18,0.0001,14.0,14.0,2.0,STD,365.0,275.0,160.0,,,,,,,,,,
堵盖Φ10,0.0006,18.0,18.0,7.0,STD,400.0,300.0,230.0,,,,,,,,,,
六角法兰面承面带齿锁紧螺母,0.0034,15.0,15.0,6.0,STD,400.0,300.0,148.0,,,,,,,,,,
六角法兰面螺母,0.0032,14.0,14.0,6.0,STD,400.0,300.0,148.0,,,,,,,,,,
前视单目摄像头,0.273,149.0,70.0,40.0,小尺寸件（来料塑料箱）,550.0,365.0,160.0,,纸箱,,,,,,,,
左后排安全带导向杆总成,0.362,250.0,200.0,120.0,小尺寸件（来料塑料箱）,650.0,435.0,260.0,,纸箱,,,,,,,,
子母扣,0.0017,23.0,20.0,20.0,STD,400.0,300.0,230.0,,,,,,,,,,
六角法兰面螺母,0.0032,14.0,14.0,6.0,STD,400.0,300.0,148.0,,,,,,,,,,
密封卡扣,,21.0,17.0,17.0,STD,487.0,252.0,240.0,,,,,,,,,,
风扇警示标签,0.002,84.0,45.0,1.0,STD,365.0,275.0,160.0,,STD,,,,,,,,
空调制冷剂标签,0.001,64.0,45.0,1.0,STD,365.0,275.0,160.0,,STD,,,,,,,,
塑料螺母,0.0008,22.0,22.0,9.0,STD,400.0,300.0,230.0,,,,,,,,,,
簧片螺母,0.001,14.0,11.0,5.0,STD,365.0,275.0,160.0,,,,,,,,,,
卡扣,0.0013,25.0,2.0,20.0,STD,487.0,252.0,240.0,,,,,,,,,,
塑料螺母,0.002,28.0,28.0,11.0,STD,487.0,252.0,305.0,,,,,,,,,,
内六角花型大平头自攻螺钉,0.003,18.0,10.0,10.0,STD,400.0,300.0,148.0,,,,,,,,,,
右后排安全带导向杆总成,0.4,250.0,200.0,120.0,小尺寸件（来料塑料箱）,650.0,435.0,260.0,,纸箱,,,,,,,,
A型通孔式嵌装塑料螺母,0.0008,13.0,13.0,10.0,STD,400.0,300.0,230.0,,,,,,,,,,
加油警示标签,0.0008,55.0,40.0,1.0,STD,365.0,275.0,160.0,,STD,,,,,,,,
胎压警示标签,0.0012,75.0,50.0,1.0,STD,365.0,275.0,160.0,,,,,,,,,,
球头卡扣,,18.0,16.0,18.0,STD,487.0,252.0,240.0,,,,,,,,,,
六角法兰面螺母,0.0019,12.0,12.0,5.0,STD,400.0,300.0,148.0,,,,,,,,,,
后吹足管道分风器总成,0.06,189.0,174.0,73.0,小尺寸件（来料塑料箱）,650.0,435.0,210.0,,纸箱,,,,,,,,
制动液加注标签,0.0008,55.0,40.0,1.0,STD,365.0,275.0,160.0,,STD,,,,,,,,
六角法兰面自攻螺钉,0.0018,20.0,8.0,8.0,STD,365.0,275.0,160.0,,,,,,,,,,
前端模块锁支架组件,0.463,435.0,325.0,210.0,小尺寸件（来料塑料箱）,435.0,325.0,210.0,,纸箱,,,,,,,,
顶盖外板,9.191,2210.0,1200.0,190.0,焊装件,,,,是,,,,,,,,,
左后吹足管道后段,0.135,327.0,236.0,71.0,小尺寸件（来料塑料箱）,650.0,435.0,330.0,,纸箱,,,,,,,,
后车体总成,,,,,焊装件,,,,是,,,,,,,,,
前地板总成,,,,,焊装件,,,,是,,,,,,,,,
左侧围总成,,,,,焊装件,,,,是,,,,,,,,,
右侧围总成,,,,,焊装件,,,,是,,,,,,,,,
发动机罩焊接总成,,,,,焊装件,,,,是,,,,,,,,,
行李箱盖焊接总成,,,,,焊装件,,,,是,,,,,,,,,
右后吹足管道后段,0.137,327.0,236.0,71.0,小尺寸件（来料塑料箱）,650.0,435.0,330.0,,纸箱,,,,,,,,
左前门焊接总成,,1293.45,319.44,1240.15,焊装件,,,,是,,,,,,,,,
右前门焊接总成,,1293.45,319.44,1240.15,焊装件,,,,是,,,,,,,,,
左后门焊接总成,,1217.48,348.84,1233.57,焊装件,,,,是,,,,,,,,,
右后门焊接总成,,1217.48,348.84,1233.57,焊装件,,,,是,,,,,,,,,
背门锁扣总成,0.19,100.0,60.0,50.0,小尺寸件（来料塑料箱）,435.0,325.0,210.0,,纸箱,,,,,,,,
翼子板总成左,,1098.8,205.56,822.62,焊装件,,,,是,,,,,,,,,
翼子板总成右,,1098.8,205.56,822.62,焊装件,,,,是,,,,,,,,,
虹软驾驶员安全及车内辅助软件V1.0,,,,,其他,,,,,STD,,,,,,,,
左前轮眉装饰件总成,,,,,DKD件,,,,,天地盖纸箱,,,,,,,,
右前轮眉装饰件总成,,,,,DKD件,,,,,天地盖纸箱,,,,,,,,
前排安全带高度调节器,0.248,185.0,35.0,43.0,小尺寸件（来料塑料箱）,550.0,365.0,160.0,,纸箱,,,,,,,,
蓄水瓶出水软管,0.286,500.0,110.0,320.0,小尺寸件（来料塑料箱）,620.0,420.0,290.0,,纸箱,,,,,,,,
后左角雷达,0.085,90.0,82.0,17.0,小尺寸件（来料塑料箱）,550.0,365.0,160.0,,纸箱,,,,,,,,
前电驱覆盖标签,,,,,STD,,,,,,,,,,,,,
后右角雷达,1.085,90.0,82.0,17.0,小尺寸件（来料塑料箱）,550.0,365.0,160.0,,纸箱,,,,,,,,
后天线电缆合件,0.1563,220.0,120.0,30.0,小尺寸件（来料塑料箱）,550.0,365.0,160.0,,纸箱,,,,,,,,
后电驱覆盖标签,,,,,STD,,,,,,,,,,,,,
前保险杠总成,,,,,DKD件,,,,,天地盖纸箱,,,,,,,,
前保险杠总成,,,,,DKD件,,,,,天地盖纸箱,,,,,,,,
前保险杠总成,,,,,DKD件,,,,,天地盖纸箱,,,,,,,,
前保险杠总成,,,,,DKD件,,,,,天地盖纸箱,,,,,,,,
前保险杠总成,,,,,DKD件,,,,,天地盖纸箱,,,,,,,,
后保险杠总成,,,,,DKD件,,,,,天地盖纸箱,,,,,,,,
后保险杠总成,,,,,DKD件,,,,,天地盖纸箱,,,,,,,,
后保险杠总成,,,,,DKD件,,,,,天地盖纸箱,,,,,,,,
安全气囊控制器,0.233,140.0,114.0,40.0,小尺寸件（来料塑料箱）,650.0,435.0,210.0,,纸箱,,,,,,,,
左A柱天窗排水管,0.165,1380.0,10.0,10.0,小尺寸件（来料塑料箱）,650.0,435.0,260.0,,纸箱,,,,,,,,
左C柱天窗排水管,0.195,1380.0,10.0,10.0,小尺寸件（来料塑料箱）,650.0,435.0,260.0,,纸箱,,,,,,,,
右C柱天窗排水管,0.25,1380.0,10.0,10.0,小尺寸件（来料塑料箱）,650.0,435.0,260.0,,纸箱,,,,,,,,
后保险杠总成,,,,,DKD件,,,,,天地盖纸箱,,,,,,,,
后保险杠总成,,,,,DKD件,,,,,天地盖纸箱,,,,,,,,
白车身总成(含四门两盖),,,,,其他,,,,,STD,,,,,,,,
全有机型变速箱油,,,,,,,,,,STD,,,,,,,,
粘接胶,,,,,,,,,,STD,,,,,,,,
玻璃胶活化剂,,,,,,,,,,STD,,,,,,,,
玻璃胶-清洗液,,,,,,,,,,STD,,,,,,,,
油漆表面活性剂,,,,,,,,,,STD,,,,,,,,
拓印纸,,,,,,,,,,STD,,,,,,,,
六角法兰面螺栓,,,,,总成件,365.0,275.0,85.0,,,,,,,,,,
包装信封,,,,,,,,,,STD,,,,,,,,
左前门照地灯,0.068,101.0,46.0,62.0,灯类,550.0,365.0,160.0,,纸箱,,,,,,,,
底盘防锈修补涂料,,,,,,,,,,STD,,,,,,,,
手机无线充电控制器,0.257,154.0,36.0,78.0,小尺寸件（来料塑料箱）,600.0,400.0,230.0,,纸箱,,,,,,,,
泡沫垫块,,,,,,,,,,STD,,,,,,,,
自喷防锈蜡,,,,,,,,,,STD,,,,,,,,
仪表横梁,,,,,总成件,,,,,,,,,,,,,
压缩机总成,,,,,总成件,,,,,,,,,,,,,
仪表板总成,,,,,总成件,,,,,,,,,,,,,
前稳定杆总成,,,,,总成件,,,,,,,,,,,,,
后悬架右后下控制臂总成,,,,,总成件,,,,,,,,,,,,,
后悬架左后下控制臂总成,,,,,总成件,,,,,,,,,,,,,
左前车门防污条总成,0.106,1076.0,18.0,18.0,小尺寸件（来料塑料箱）,1200.0,400.0,230.0,,纸箱,,,,,,,,
右前车门防污条总成,0.106,1076.0,18.0,18.0,小尺寸件（来料塑料箱）,1200.0,400.0,230.0,,纸箱,,,,,,,,
转向管柱总成,,,,,总成件,,,,,,,,,,,,,
多媒体显示屏,,,,,总成件,,,,,,,,,,,,,
左后车门防污条总成,0.066,732.0,18.0,18.0,小尺寸件（来料塑料箱）,1100.0,365.0,210.0,,纸箱,,,,,,,,
前悬架左下控制臂总成,,,,,总成件,,,,,,,,,,,,,
左后车门防擦条总成,0.917,837.0,84.0,164.0,大尺寸件（金属箱/围板箱来料）,1900.0,1000.0,1200.0,,天地盖纸箱,,,,,,,,
右后车门防污条总成,0.066,732.0,18.0,18.0,小尺寸件（来料塑料箱）,1100.0,365.0,210.0,,纸箱,,,,,,,,
左翼子板装饰板,0.233,,,,内外饰板类,,,,,天地盖纸箱,,,,,,,,
三通比例阀到chiller水管,0.262,380.0,110.0,100.0,小尺寸件（来料塑料箱）,620.0,420.0,290.0,,纸箱,,,,,,,,
前悬架右下控制臂总成,,,,,总成件,,,,,,,,,,,,,
香氛堵盖,0.046,131.0,110.0,53.0,小尺寸件（来料塑料箱）,650.0,435.0,260.0,,纸箱,,,,,,,,
发动机罩气动撑杆,0.188,375.0,20.0,20.0,小尺寸件（来料塑料箱）,435.0,325.0,160.0,,纸箱,,,,,,,,
后悬架右后上控制臂,,,,,总成件,,,,,,,,,,,,,
后保险杠上安装座,0.466,935.0,120.0,95.0,尺寸件（金属箱）,1200.0,1000.0,790.0,,天地盖纸箱,,,,,,,,
右C柱下装饰盖板,0.031,152.0,75.0,27.0,小尺寸件（来料塑料箱）,365.0,275.0,160.0,,纸箱,,,,,,,,
后悬架左后上控制臂,,,,,总成件,,,,,,,,,,,,,
左C柱下装饰盖板,0.031,152.0,75.0,27.0,小尺寸件（来料塑料箱）,365.0,275.0,160.0,,纸箱,,,,,,,,
中冷低温散热器总成,,,,,总成件,,,,,,,,,,,,,
右C柱下装饰盖板,0.031,152.0,75.0,27.0,小尺寸件（来料塑料箱）,365.0,275.0,160.0,,纸箱,,,,,,,,
后排右安全拉手,0.13,220.0,69.0,30.0,小尺寸件（来料塑料箱）,650.0,435.0,260.0,,纸箱,,,,,,,,
风窗下装饰板总成,,,,,DKD件,,,,,天地盖纸箱,,,,,,,,
手套箱总成,,,,,总成件,,,,,,,,,,,,,
发动机前悬置总成,,,,,总成件,,,,,,,,,,,,,
前悬架右前下控制臂总成,,,,,总成件,,,,,,,,,,,,,
后排左安全拉手,0.13,220.0,69.0,30.0,小尺寸件（来料塑料箱）,650.0,435.0,260.0,,纸箱,,,,,,,,
前排安全拉手,0.11,220.0,69.0,30.0,小尺寸件（来料塑料箱）,650.0,435.0,260.0,,纸箱,,,,,,,,
前排安全拉手,0.11,220.0,69.0,30.0,小尺寸件（来料塑料箱）,650.0,435.0,260.0,,纸箱,,,,,,,,
后排左安全拉手,0.13,220.0,69.0,30.0,小尺寸件（来料塑料箱）,650.0,435.0,260.0,,纸箱,,,,,,,,
前悬架左前下控制臂总成,,,,,总成件,,,,,,,,,,,,,
右侧装饰面板合件,,,,,总成件,,,,,,,,,,,,,
中冷水泵总成,,,,,总成件,,,,,,,,,,,,,
后排右安全拉手,0.13,220.0,69.0,30.0,小尺寸件（来料塑料箱）,650.0,435.0,260.0,,纸箱,,,,,,,,
左前门防水膜,0.043,400.0,280.0,20.0,小尺寸件（来料塑料箱）,650.0,435.0,260.0,,纸箱,,,,,,,,
右前门防水膜,0.043,400.0,280.0,20.0,小尺寸件（来料塑料箱）,650.0,435.0,260.0,,纸箱,,,,,,,,
后稳定杆接头总成,,,,,总成件,,,,,,,,,,,,,
前悬架下摆臂球头座,,,,,总成件,,,,,,,,,,,,,
前悬架下摆臂球头座,,,,,总成件,,,,,,,,,,,,,
储油壶总成,0.13,62.0,42.0,51.0,来料纸箱件,620.0,420.0,520.0,,纸箱,,,,,,,,
前雨刮电机及支架总成,2.135,562.0,208.0,140.0,来料纸箱件,1140.0,980.0,900.0,,天地盖纸箱,,,,,,,,
中冷水泵到中冷器水管,,,,,总成件,,,,,,,,,,,,,
碳罐控制阀,,,,,总成件,,,,,,,,,,,,,
右后带支架高度传感器总成,,,,,总成件,,,,,,,,,,,,,
左后带支架高度传感器总成,,,,,总成件,,,,,,,,,,,,,
左侧装饰面板总成,,,,,总成件,,,,,,,,,,,,,
中冷水泵进水管总成,,,,,总成件,,,,,,,,,,,,,
左后门防水膜,0.044,405.0,250.0,10.0,小尺寸件（来料塑料箱）,650.0,435.0,260.0,,纸箱,,,,,,,,
高温散热器出水管,,,,,总成件,,,,,,,,,,,,,
右后门防水膜,0.044,405.0,250.0,10.0,小尺寸件（来料塑料箱）,650.0,435.0,260.0,,纸箱,,,,,,,,
转向柱下护罩总成,,,,,总成件,,,,,,,,,,,,,
油箱泄漏诊断模块,0.38,122.0,80.0,90.0,来料纸箱件,600.0,400.0,235.0,,纸箱,,,,,,,,
前罩板释放拉索手柄总成,,,,,总成件,,,,,,,,,,,,,
电池包流入管总成,0.274,320.0,150.0,170.0,小尺寸件（来料塑料箱）,620.0,420.0,290.0,,纸箱,,,,,,,,
电动气泵带支架及附件总成,7.3,414.0,364.0,222.0,大尺寸件（金属箱/围板箱来料）,1330.0,1140.0,1090.0,,天地盖纸箱,,,,,,,,
主储气筒总成,2.47,774.0,182.0,120.0,大尺寸件（金属箱/围板箱来料）,1200.0,1000.0,1000.0,,天地盖纸箱,,,,,,,,
前保险杠左安装座,0.06,,,,,400.0,300.0,220.0,,纸箱,,,,,,,,
前保险杠右安装座,0.06,,,,,400.0,300.0,220.0,,纸箱,,,,,,,,
左翼子板摄像头防护板总成,0.046,160.0,50.0,40.0,小尺寸件（来料塑料箱）,600.0,400.0,230.0,,纸箱,,,,,,,,
右翼子板摄像头防护板总成,0.05,160.0,50.0,40.0,小尺寸件（来料塑料箱）,600.0,400.0,230.0,,纸箱,,,,,,,,
导水板,0.167,500.0,160.0,290.0,小尺寸件（来料塑料箱）,1100.0,550.0,330.0,,纸箱,,,,,,,,
左后轮罩挡泥板总成,1.2425,1330.0,1140.0,1050.0,,1380.0,1140.0,1050.0,,天地盖纸箱,,,,,,,,
右后轮罩挡泥板总成,1,1330.0,1140.0,1050.0,,1380.0,1140.0,1050.0,,天地盖纸箱,,,,,,,,
四通控制阀总成,,,,,总成件,,,,,,,,,,,,,
低温散热器出水管,,,,,总成件,,,,,,,,,,,,,
后保险杠左安装座,0.466,430.0,170.0,500.0,小尺寸件（来料塑料箱）,1200.0,1000.0,590.0,,纸箱,,,,,,,,
制动管路7号总成,0.297,2640.0,725.0,155.0,大尺寸件（金属箱/围板箱来料）,3000.0,1150.0,1200.0,,天地盖纸箱,,,,,,,,
蓄电池传感器,0.07,65.0,63.0,26.0,来料纸箱件,580.0,400.0,130.0,,纸箱,,,,,,,,
隐藏式门把手控制器,0.414,94.0,68.0,20.0,小尺寸件（来料塑料箱）,600.0,400.0,280.0,,纸箱,,,,,,,,
后保险杠右安装座,0.466,430.0,170.0,500.0,小尺寸件（来料塑料箱）,1200.0,1000.0,590.0,,纸箱,,,,,,,,
蓄电池,12.3,201.0,135.0,224.0,大尺寸件（金属箱/围板箱来料）,1210.0,1010.0,472.0,,纸箱,,,,,,,,
左前照灯,4.7,526.0,314.0,290.0,灯类,1100.0,550.0,330.0,,天地盖纸箱,,,,,,,,
右前照灯,4.7,526.0,314.0,290.0,灯类,1100.0,550.0,330.0,,天地盖纸箱,,,,,,,,
后组合灯移动侧,3.2,1365.0,230.0,90.0,灯类,1470.0,1140.0,1150.0,,天地盖纸箱,,,,,,,,
行李箱左照明灯,0.026,203.0,22.0,19.0,灯类,400.0,300.0,148.0,,纸箱,,,,,,,,
后下控制臂安装衬管,,,,,总成件,,,,,,,,,,,,,
前稳定杆支架,,,,,总成件,,,,,,,,,,,,,
前稳定杆支架,,,,,总成件,,,,,,,,,,,,,
左前空气弹簧管路前段,0.102,2070.0,6.0,6.0,小尺寸件（来料塑料箱）,640.0,435.0,210.0,,天地盖纸箱,,,,,,,,
后下控制臂安装衬管,,,,,总成件,,,,,,,,,,,,,
底护板固定支架Ⅰ组件,,,,,总成件,,,,,,,,,,,,,
右前空气弹簧管路前段,0.102,2087.0,6.0,6.0,小尺寸件（来料塑料箱）,1100.0,550.0,330.0,,纸箱,,,,,,,,
左后空气弹簧管路,0.066,1230.0,6.0,6.0,小尺寸件（来料塑料箱）,1100.0,550.0,330.0,,纸箱,,,,,,,,
后侧装饰条总成,,,,,总成件,,,,,,,,,,,,,
后制动软管（左）,,,,,总成件,,,,,,,,,,,,,
右后空气弹簧管路,0.027,571.0,104.0,83.0,小尺寸件（来料塑料箱）,1100.0,550.0,330.0,,纸箱,,,,,,,,
chiller2到四通水管,0.107,290.0,140.0,90.0,小尺寸件（来料塑料箱）,620.0,420.0,290.0,,纸箱,,,,,,,,
蓄电池固定带总成,0.257,216.0,83.0,27.0,小尺寸件（来料塑料箱）,365.0,275.0,210.0,,纸箱,,,,,,,,
正极滤波器,0.055,252.0,39.0,30.0,小尺寸件（来料塑料箱）,435.0,325.0,210.0,,纸箱,,,,,,,,
左前门电动车窗开关,0.125,154.0,56.0,50.0,小尺寸件（来料塑料箱）,650.0,435.0,260.0,,纸箱,,,,,,,,
左前门电动车窗开关,0.125,154.0,56.0,50.0,小尺寸件（来料塑料箱）,650.0,435.0,260.0,,纸箱,,,,,,,,
后刮臂刮片总成,0.152,345.0,50.0,30.0,小尺寸件（来料塑料箱）,650.0,435.0,260.0,,纸箱,,,,,,,,
后背门上装饰板总成,0.35,754.0,104.0,68.0,内外饰板类,1100.0,550.0,330.0,,纸箱,,,,,,,,
后背门下装饰板总成,2.506,1134.0,493.0,204.0,内外饰板类,1600.0,1200.0,1500.0,,天地盖纸箱,,,,,,,,
后背门左侧装饰板总成,0.259,501.0,274.0,193.0,内外饰板类,1100.0,550.0,330.0,,纸箱,,,,,,,,
后背门右侧装饰板总成,0.305,501.0,274.0,193.0,内外饰板类,1100.0,550.0,330.0,,纸箱,,,,,,,,
天窗密封条,0.47,4300.0,20.0,18.0,密封条类,1600.0,1140.0,1140.0,,纸箱,,,,,,,,
右A柱天窗排水管,0.25,,,,,650.0,435.0,260.0,,纸箱,,,,,,,,
右遮阳板挂钩,0.037,54.0,40.0,40.0,小尺寸件（来料塑料箱）,365.0,275.0,160.0,,纸箱,,,,,,,,
右D柱上饰板总成,0.54,897.0,347.0,207.0,内外饰板类,1330.0,1140.0,1200.0,,纸箱,,,,,,,,
行李箱地毯总成,2.9,1180.0,1150.0,60.0,内外饰件类,1330.0,1140.0,1050.0,,天地盖纸箱,,,,,,,,
左遮阳板,0.36,387.0,23.0,132.0,内外饰件类,600.0,400.0,280.0,,纸箱,,,,,,,,
左前空气弹簧管路后段,0.168,1705.0,6.0,6.0,小尺寸件（来料塑料箱）,1100.0,1100.0,545.0,,天地盖纸箱,,,,,,,,
右前空气弹簧管路后段,0.094,1483.0,6.0,6.0,小尺寸件（来料塑料箱）,1100.0,1100.0,545.0,,天地盖纸箱,,,,,,,,
左遮阳板挂钩,0.019,54.0,40.0,40.0,小尺寸件（来料塑料箱）,365.0,275.0,160.0,,纸箱,,,,,,,,
左遮阳板挂钩,0.019,54.0,40.0,40.0,小尺寸件（来料塑料箱）,365.0,275.0,160.0,,纸箱,,,,,,,,
右遮阳板挂钩,0.037,54.0,40.0,40.0,小尺寸件（来料塑料箱）,365.0,275.0,160.0,,纸箱,,,,,,,,
右遮阳板挂钩,0.037,54.0,40.0,40.0,小尺寸件（来料塑料箱）,365.0,275.0,160.0,,纸箱,,,,,,,,
右遮阳板底座盖板,0.005,76.0,39.0,9.0,小尺寸件（来料塑料箱）,365.0,275.0,160.0,,纸箱,,,,,,,,
制动管路1号总成,0.096,620.0,156.0,12.0,小尺寸件（来料塑料箱）,730.0,365.0,210.0,,纸箱,,,,,,,,
制动管路2号总成,0.104,620.0,195.0,23.0,小尺寸件（来料塑料箱）,730.0,365.0,210.0,,纸箱,,,,,,,,
电池包流出管总成,0.274,260.0,120.0,70.0,小尺寸件（来料塑料箱）,620.0,420.0,290.0,,纸箱,,,,,,,,
高音扬声器,0.149,62.0,59.0,39.0,小尺寸件（来料塑料箱）,550.0,365.0,210.0,,纸箱,,,,,,,,
香氛出香管总成,0.01,80.0,35.0,26.0,小尺寸件（来料塑料箱）,550.0,365.0,120.0,,纸箱,,,,,,,,
进油管3号总成,0.08,695.0,552.0,372.0,小尺寸件（来料塑料箱）,1100.0,550.0,300.0,,纸箱,,,,,,,,
左前制动软管,0.13,419.0,17.0,17.0,小尺寸件（来料塑料箱）,600.0,400.0,220.0,,纸箱,,,,,,,,
右前制动软管,0.09,419.0,17.0,17.0,小尺寸件（来料塑料箱）,600.0,400.0,220.0,,纸箱,,,,,,,,
水管支架3,0.079,125.0,50.0,30.0,小尺寸件（来料塑料箱）,435.0,325.0,210.0,,纸箱,,,,,,,,
蓄电池排气管,0.02,64.0,100.0,137.0,小尺寸件（来料塑料箱）,600.0,400.0,280.0,,纸箱,,,,,,,,
车载充电机搭铁线,0.13,280.0,25.0,25.0,小尺寸件（来料塑料箱）,650.0,435.0,260.0,,纸箱,,,,,,,,
左前车门上装饰条,0.013,160.0,30.0,5.0,小尺寸件（来料塑料箱）,400.0,300.0,150.0,,纸箱,,,,,,,,
右前车门上装饰条,0.013,160.0,30.0,5.0,小尺寸件（来料塑料箱）,400.0,300.0,150.0,,纸箱,,,,,,,,
背门右撑杆下支架总成-带球头销,0.08,55.0,38.0,32.0,小尺寸件（来料塑料箱）,650.0,435.0,110.0,,纸箱,,,,,,,,
背门左撑杆上支架总成－带球头销,0.12,76.0,46.0,33.0,小尺寸件（来料塑料箱）,650.0,435.0,110.0,,纸箱,,,,,,,,
背门左撑杆下支架总成-带球头销,0.08,55.0,38.0,32.0,小尺寸件（来料塑料箱）,650.0,435.0,110.0,,纸箱,,,,,,,,
前PS天线,0.025,105.0,20.0,12.0,来料纸箱件,390.0,280.0,285.0,,纸箱,,,,,,,,
后PS天线,0.042,117.0,25.0,19.0,来料纸箱件,390.0,280.0,285.0,,纸箱,,,,,,,,
背门右撑杆上支架总成－带球头销,0.12,76.0,46.0,33.0,小尺寸件（来料塑料箱）,650.0,435.0,110.0,,纸箱,,,,,,,,
副驾驶位安全气囊模块,2.226,250.0,288.0,56.0,小尺寸件（来料塑料箱）,650.0,435.0,260.0,,纸箱,,,,,,,,
左遮阳板挂钩,0.019,54.0,40.0,40.0,小尺寸件（来料塑料箱）,365.0,275.0,160.0,,纸箱,,,,,,,,
制动开关,0.021,72.0,28.0,24.0,小尺寸件（来料塑料箱）,435.0,325.0,210.0,,纸箱,,,,,,,,
左前部装饰条,,,,,总成件,,,,,,,,,,,,,
防异响毛毡,0.001,40.0,20.0,1.0,来料纸箱件,650.0,750.0,220.0,,纸箱,,,,,,,,
左前轮罩挡泥板总成,1.339,986.0,564.0,733.0,大尺寸件（金属箱/围板箱来料）,1330.0,1140.0,1090.0,,天地盖纸箱,,,,,,,,
左后顶灯总成,0.032,,,,灯类,,,,,纸箱,,,,,,,,
右后顶灯总成,0.032,,,,灯类,,,,,纸箱,,,,,,,,
气泵主储气罐连接管路,0.044,813.0,277.0,268.0,小尺寸件（来料塑料箱）,1100.0,550.0,330.0,,纸箱,,,,,,,,
中间支架盖板,0.088,0.0,0.0,0.0,小尺寸件（来料塑料箱）,435.0,325.0,210.0,,纸箱,,,,,,,,
电池冷却器出水管总成,0.073,120.0,150.0,110.0,小尺寸件（来料塑料箱）,620.0,420.0,290.0,,纸箱,,,,,,,,
12V电源插座,0.022,63.0,38.0,32.0,小尺寸件（来料塑料箱）,365.0,275.0,260.0,,纸箱,,,,,,,,
转向柱上护罩总成,,,,,总成件,,,,,,,,,,,,,
后左角雷达安装支架,0.15,106.0,98.0,58.0,小尺寸件（来料塑料箱）,730.0,365.0,210.0,,纸箱,,,,,,,,
右前部装饰条,,,,,总成件,,,,,,,,,,,,,
后右角雷达安装支架,0.15,112.0,107.0,58.0,小尺寸件（来料塑料箱）,730.0,365.0,210.0,,纸箱,,,,,,,,
雨量光照传感器,0.02,71.0,53.0,23.0,小尺寸件（来料塑料箱）,400.0,300.0,280.0,,纸箱,,,,,,,,
负极滤波器,0.028,279.0,16.0,27.0,小尺寸件（来料塑料箱）,550.0,365.0,210.0,,纸箱,,,,,,,,
玻璃升降器开关,0.0356,50.0,31.0,53.0,小尺寸件（来料塑料箱）,550.0,365.0,210.0,,纸箱,,,,,,,,
玻璃升降器开关,0.0356,50.0,31.0,53.0,小尺寸件（来料塑料箱）,550.0,365.0,210.0,,纸箱,,,,,,,,
天线放大器,0.036,91.0,32.0,17.0,小尺寸件（来料塑料箱）,435.0,325.0,210.0,,纸箱,,,,,,,,
左前门前防水膜,0.018,170.0,155.0,10.0,小尺寸件（来料塑料箱）,650.0,435.0,260.0,,纸箱,,,,,,,,
车载充电机总成6.6KW,10.5,429.0,357.0,114.0,大尺寸件（金属箱/围板箱来料）,1200.0,1000.0,760.0,,天地盖纸箱,,,,,,,,
右侧出风口总成,,,,,总成件,,,,,,,,,,,,,
右前门前防水膜,0.02,170.0,155.0,10.0,小尺寸件（来料塑料箱）,650.0,435.0,260.0,,纸箱,,,,,,,,
中冷水泵支架,,,,,总成件,,,,,,,,,,,,,
中冷低温散热器出水管,,,,,总成件,,,,,,,,,,,,,
加油口盖排水管总成,0.03,650.0,8.0,8.0,小尺寸件（来料塑料箱）,650.0,435.0,260.0,,纸箱,,,,,,,,
高音喇叭罩总成,,,,,总成件,,,,,,,,,,,,,
散热器上支架,,,,,总成件,,,,,,,,,,,,,
右遮阳板底座盖板,0.005,76.0,39.0,9.0,小尺寸件（来料塑料箱）,365.0,275.0,160.0,,纸箱,,,,,,,,
空气过滤器支架,0.072,60.0,44.0,52.0,小尺寸件（来料塑料箱）,435.0,325.0,210.0,,纸箱,,,,,,,,
左遮阳板底座盖板,0.005,76.0,39.0,9.0,小尺寸件（来料塑料箱）,365.0,275.0,160.0,,纸箱,,,,,,,,
散热器上支架,,,,,总成件,,,,,,,,,,,,,
发动机燃油管路支架,,,,,总成件,,,,,,,,,,,,,
左后轮速传感器总成,,,,,总成件,,,,,,,,,,,,,
右后轮速传感器总成,,,,,总成件,,,,,,,,,,,,,
右侧装饰条,,,,,总成件,,,,,,,,,,,,,
左侧装饰条,,,,,总成件,,,,,,,,,,,,,
转向器隔热板,,,,,总成件,,,,,,,,,,,,,
蓄电池撑杆,0.046,211.0,17.0,6.0,小尺寸件（来料塑料箱）,365.0,275.0,210.0,,纸箱,,,,,,,,
散热器下减振垫,,,,,总成件,,,,,,,,,,,,,
散热器下减振垫,,,,,总成件,,,,,,,,,,,,,
遮蔽帘面板,,,,,总成件,,,,,,,,,,,,,
发动机线束支架,,,,,总成件,,,,,,,,,,,,,
冷凝器右侧密封垫,,,,,总成件,,,,,,,,,,,,,
制动管路双管夹,0.0032,,,,STD,,,,,,,,,,,,,
储油壶进油管,0.04,198.0,17.0,17.0,小尺寸件（来料塑料箱）,650.0,435.0,260.0,,纸箱,,,,,,,,
制动管路单管夹,0.002,,,,STD,,,,,,,,,,,,,
内六角花形螺栓,0.03,,,,STD,,,,,,,,,,,,,
拉手盒扣盖,0.01,100.0,40.0,20.0,小尺寸件（来料塑料箱）,650.0,435.0,260.0,,纸箱,,,,,,,,
车轮螺栓,0.1,,,,STD,,,,,,,,,,,,,
左遮阳板底座盖板,0.005,76.0,39.0,9.0,小尺寸件（来料塑料箱）,365.0,275.0,160.0,,纸箱,,,,,,,,
六角法兰面螺栓,0.0056,,,,STD,,,,,,,,,,,,,
六角法兰面螺栓,0.0063,,,,STD,,,,,,,,,,,,,
六角法兰面螺栓,0.0091,,,,STD,,,,,,,,,,,,,
六角法兰面承面带齿螺母,0.0032,,,,STD,,,,,,,,,,,,,
十字槽盘头自攻螺钉-C型,0.01,,,,STD,,,,,,,,,,,,,
十字槽六角头法兰面螺栓,0.0062,,,,STD,,,,,,,,,,,,,
内六角花形自攻螺钉,,,,,总成件,,,,,,,,,,,,,
六角头螺栓和平垫圈组合件,0.0068,,,,STD,,,,,,,,,,,,,
开口型平圆头抽芯铆钉,0.0009,,,,STD,,,,,,,,,,,,,
十字槽盘头自攻螺钉和大垫圈组合件,0.01,,,,STD,,,,,,,,,,,,,
内六角花形大半圆头自攻螺钉,0.01,,,,STD,,,,,,,,,,,,,
六角头螺栓和平垫圈组合件,0.008,,,,STD,,,,,,,,,,,,,
带导向六角法兰面螺栓和带齿垫圈组合件,0.06,,,,STD,,,,,,,,,,,,,
搭铁螺母,0.0046,,,,STD,,,,,,,,,,,,,
六角头螺栓和平垫圈组合件,0.0068,,,,STD,,,,,,,,,,,,,
左后轮眉装饰件总成前段,0.199,517.0,165.0,52.0,内外饰板类,650.0,435.0,260.0,,纸箱,,,,,,,,
右后轮眉装饰件总成前段,0.199,517.0,165.0,52.0,内外饰板类,650.0,435.0,260.0,,纸箱,,,,,,,,
六角头螺栓和平垫圈组合件,0.006,,,,STD,,,,,,,,,,,,,
偏心螺栓,,,,,总成件,,,,,,,,,,,,,
左遮阳板底座盖板,0.005,76.0,39.0,9.0,小尺寸件（来料塑料箱）,365.0,275.0,160.0,,纸箱,,,,,,,,
右遮阳板底座盖板,0.005,76.0,39.0,9.0,小尺寸件（来料塑料箱）,365.0,275.0,160.0,,纸箱,,,,,,,,
前风窗玻璃右装饰卡条,0.05,853.0,30.0,41.0,小尺寸件（来料塑料箱）,900.0,400.0,120.0,,纸箱,,,,,,,,
前风窗玻璃左装饰卡条,0.05,853.0,30.0,41.0,小尺寸件（来料塑料箱）,900.0,400.0,120.0,,纸箱,,,,,,,,
带数据传输USB充电器,0.04,67.0,23.0,50.0,小尺寸件（来料塑料箱）,650.0,435.0,260.0,,纸箱,,,,,,,,
六角法兰面螺栓,0.006,,,,STD,,,,,,,,,,,,,
六角法兰面螺栓,0.0295,,,,STD,,,,,,,,,,,,,
电动后背门关闭开关,0.0187,54.0,28.0,41.0,小尺寸件（来料塑料箱）,365.0,275.0,210.0,,纸箱,,,,,,,,
前门外开拉丝总成,0.0409,990.0,20.0,20.0,小尺寸件（来料塑料箱）,1100.0,365.0,210.0,,纸箱,,,,,,,,
后门外开拉丝总成,0.0377,920.0,20.0,20.0,小尺寸件（来料塑料箱）,1100.0,365.0,210.0,,纸箱,,,,,,,,
中控锁开关,0.019,43.0,25.0,40.0,小尺寸件（来料塑料箱）,550.0,365.0,210.0,,纸箱,,,,,,,,
中控锁开关,0.019,42.0,25.0,48.0,小尺寸件（来料塑料箱）,550.0,365.0,210.0,,纸箱,,,,,,,,
油管双管夹Ⅰ,0.012,43.0,39.0,14.0,小尺寸件（来料塑料箱）,365.0,275.0,210.0,,纸箱,,,,,,,,
副仪表台线束总成,,955.0,30.0,50.0,线束类,650.0,435.0,260.0,,纸箱,,,,,,,,
左前门饰板线束总成,,945.0,50.0,50.0,线束类,650.0,435.0,260.0,,纸箱,,,,,,,,
右前门饰板线束总成,,945.0,50.0,50.0,线束类,650.0,435.0,260.0,,纸箱,,,,,,,,
左后门线束总成,,1610.0,80.0,50.0,线束类,650.0,435.0,260.0,,纸箱,,,,,,,,
左后门饰板线束总成,,945.0,50.0,50.0,线束类,650.0,435.0,260.0,,纸箱,,,,,,,,
右后门线束总成,,1610.0,80.0,50.0,线束类,650.0,435.0,260.0,,纸箱,,,,,,,,
右后门饰板线束总成,,945.0,50.0,50.0,线束类,650.0,435.0,260.0,,纸箱,,,,,,,,
后背门转接线束总成,,1020.0,80.0,50.0,线束类,650.0,435.0,260.0,,纸箱,,,,,,,,
十字槽盘头自攻螺钉和大垫圈组合件,0.01,,,,STD,,,,,,,,,,,,,
制动管路3号总成,0.14,885.0,455.0,185.0,大尺寸件（来料金属箱）,1200.0,1150.0,1200.0,,纸箱,,,,,,,,
蓄电池搭铁线束,,351.0,20.0,20.0,线束类,650.0,435.0,260.0,,纸箱,,,,,,,,
六角加大法兰面螺母,0.0454,,,,STD,,,,,,,,,,,,,
遮阳板挂钩盖板,0.0015,23.0,22.0,7.0,小尺寸件（来料塑料箱）,365.0,275.0,160.0,,纸箱,,,,,,,,
遮阳板挂钩盖板,0.0015,23.0,22.0,7.0,小尺寸件（来料塑料箱）,365.0,275.0,160.0,,纸箱,,,,,,,,
电动后背门开启关闭开关,0.025,42.0,25.0,48.0,小尺寸件（来料塑料箱）,550.0,365.0,210.0,,纸箱,,,,,,,,
非金属嵌件六角法兰面锁紧螺母,0.0224,,,,STD,,,,,,,,,,,,,
机舱组合杆总成,4.094,1100.0,400.0,100.0,大尺寸件（金属箱/围板箱来料）,1185.0,1185.0,650.0,,天地盖纸箱,,,,,,,,
电动后背门开启关闭开关,0.025,42.0,25.0,47.0,小尺寸件（来料塑料箱）,365.0,275.0,210.0,,纸箱,,,,,,,,
十字槽盘头自攻螺钉-C型,0.01,,,,STD,,,,,,,,,,,,,
泄压阀总成,0.105,123.0,158.0,103.0,来料纸箱件,570.0,380.0,350.0,,纸箱,,,,,,,,
锁芯连杆,0.007,88.0,19.0,19.0,小尺寸件（来料塑料箱）,365.0,275.0,160.0,,纸箱,,,,,,,,
制动管路三管夹,0.007,48.0,17.0,13.0,小尺寸件（来料塑料箱）,365.0,275.0,210.0,,纸箱,,,,,,,,
前围内隔音垫,5.4,1452.0,749.0,140.0,大尺寸件（金属箱/围板箱来料）,1600.0,1140.0,1150.0,,天地盖纸箱,,,,,,,,
前围外隔音垫,0.35,900.0,453.0,125.0,大尺寸件（金属箱/围板箱来料）,1600.0,1140.0,1090.0,,纸箱,,,,,,,,
六角法兰面螺栓,0.0171,,,,STD,,,,,,,,,,,,,
六角法兰面螺母,0.0119,,,,STD,,,,,,,,,,,,,
六角螺母和锥形弹性垫圈组合件,0.0046,,,,STD,,,,,,,,,,,,,
前风窗玻璃总成,4.249,1502.0,967.0,4.0,玻璃类,1700.0,1150.0,1300.0,,铁架,,,,,,,,
左后角窗玻璃总成,1.2275,430.0,395.0,4.0,玻璃类,1200.0,760.0,1120.0,,纸箱,,,,,,,,
右后角窗玻璃总成,1.2275,430.0,395.0,4.0,玻璃类,1200.0,760.0,1120.0,,纸箱,,,,,,,,
天窗总成,22.3,1675.0,945.0,110.0,天窗类,1800.0,1130.0,1210.0,,天地盖纸箱,,,,,,,,
右后侧围内饰板总成,2.046,1110.0,554.0,315.0,内外饰板类,1600.0,1200.0,1500.0,,天地盖纸箱,,,,,,,,
顶盖左行李架总成,1.421,1838.0,102.0,112.0,大尺寸件（金属箱/围板箱来料）,2100.0,1150.0,900.0,,天地盖纸箱,,,,,,,,
顶盖右行李架总成,1.421,1838.0,102.0,112.0,大尺寸件（金属箱/围板箱来料）,2100.0,1150.0,900.0,,天地盖纸箱,,,,,,,,
左前门窗台外密封条总成,0.323,1057.0,35.0,30.0,密封条类,1200.0,400.0,230.0,,纸箱,,,,,,,,
右前门窗台外密封条总成,0.323,1057.0,35.0,30.0,密封条类,1200.0,400.0,230.0,,纸箱,,,,,,,,
左后门玻璃总成,4,834.0,654.0,5.0,玻璃类,1140.0,1140.0,900.0,,铁架,,,,,,,,
右后门玻璃总成,4,834.0,654.0,5.0,玻璃类,1140.0,1140.0,900.0,,铁架,,,,,,,,
左后门窗台外密封条总成,0.371,926.0,32.0,30.0,密封条类,1200.0,400.0,230.0,,纸箱,,,,,,,,
右后门窗台外密封条总成,0.371,926.0,32.0,30.0,密封条类,1200.0,400.0,230.0,,纸箱,,,,,,,,
前排主驾驶员座椅合件,,,,,座椅类,,,,,天地盖纸箱,,,,,,,,
前排副驾驶员座椅合件,,,,,座椅类,,,,,天地盖纸箱,,,,,,,,
第二排座椅60%靠背合件,,,,,座椅类,,,,,天地盖纸箱,,,,,,,,
后排座椅坐垫合件,,,,,座椅类,,,,,天地盖纸箱,,,,,,,,
右后排座椅靠背总成,,,,,座椅类,,,,,天地盖纸箱,,,,,,,,
燃油管单管夹,0.003,34.0,23.0,23.0,小尺寸件（来料塑料箱）,365.0,275.0,210.0,,纸箱,,,,,,,,
前置蒸发器流入管总成,0.605,1121.0,709.0,327.0,大尺寸件（金属箱/围板箱来料）,1600.0,1150.0,780.0,,纸箱,,,,,,,,
轮毂锁紧螺母,,,,,总成件,,,,,,,,,,,,,
行李箱右照明灯,0.01,68.0,25.0,18.0,小尺寸件（来料塑料箱）,365.0,275.0,160.0,,纸箱,,,,,,,,
燃油管单管夹,0.003,22.0,20.0,14.0,小尺寸件（来料塑料箱）,365.0,275.0,210.0,,纸箱,,,,,,,,
十字槽六角头法兰面螺栓,0.0068,,,,STD,,,,,,,,,,,,,
堵盖20*28,0.005,35.0,7.0,27.0,小尺寸件（来料塑料箱）,600.0,400.0,148.0,,纸箱,,,,,,,,
压缩机高压线束总成,0.47,1220.0,80.0,50.0,线束类,550.0,365.0,210.0,,纸箱,,,,,,,,
前PDU高压线束总成,3.47,1580.0,80.0,50.0,线束类,550.0,365.0,210.0,,纸箱,,,,,,,,
单麦克风,0.0023,18.0,14.0,15.0,小尺寸件（来料塑料箱）,365.0,275.0,160.0,,纸箱,,,,,,,,
遮阳板挂钩盖板,0.0015,23.0,22.0,7.0,小尺寸件（来料塑料箱）,365.0,275.0,160.0,,纸箱,,,,,,,,
六角头螺栓和平垫圈组合件,0.0059,,,,STD,,,,,,,,,,,,,
金属卡子,0.002,,,,STD,,,,,,,,,,,,,
后导流板总成合件,3.689,332.0,1326.0,200.0,大尺寸件（金属箱/围板箱来料）,1650.0,1140.0,1150.0,,天地盖纸箱,,,,,,,,
发动机罩缓冲块,0.11,25.0,13.0,10.0,小尺寸件（来料塑料箱）,650.0,436.0,260.0,,纸箱,,,,,,,,
左前门框密封条总成,1.27,3577.0,30.0,30.0,密封条类,1600.0,1150.0,590.0,,天地盖纸箱,,,,,,,,
左前门密封条总成,0.411,3805.0,15.0,20.0,密封条类,1200.0,1000.0,780.0,,天地盖纸箱,,,,,,,,
右前门密封条总成,0.411,3805.0,15.0,20.0,密封条类,1200.0,1000.0,780.0,,天地盖纸箱,,,,,,,,
左后门框密封条总成,1.194,3353.0,30.0,30.0,密封条类,1600.0,1150.0,590.0,,天地盖纸箱,,,,,,,,
左后门密封条总成,0.4,3698.0,15.0,20.0,密封条类,1200.0,1000.0,780.0,,天地盖纸箱,,,,,,,,
右后门密封条总成,0.4,3698.0,15.0,20.0,密封条类,1200.0,1000.0,780.0,,天地盖纸箱,,,,,,,,
背门饰条,0.261,,,,大尺寸件（金属箱/围板箱来料）,,,,,天地盖纸箱,,,,,,,,
排水管护套,0.0015,13.0,5.0,5.0,小尺寸件（来料塑料箱）,650.0,435.0,260.0,,纸箱,,,,,,,,
紧急开启把手,0.002,13.0,5.0,5.0,小尺寸件（来料塑料箱）,650.0,435.0,260.0,,纸箱,,,,,,,,
发动机控制器,0.62,210.0,200.0,46.0,来料纸箱件,516.0,345.0,213.0,,纸箱,,,,,,,,
发动机控制器合件,,,,,,,,,,纸箱,,,,,,,,
整车控制器合件,,,,,,,,,,纸箱,,,,,,,,
自动泊车控制器,0.571,237.0,32.0,112.0,小尺寸件（来料塑料箱）,600.0,400.0,230.0,,纸箱,,,,,,,,
左前门线束总成,,1835.0,80.0,50.0,线束类,650.0,435.0,260.0,,纸箱,,,,,,,,
右前门线束总成,,1835.0,80.0,50.0,线束类,650.0,435.0,260.0,,纸箱,,,,,,,,
后背门线束总成,,1020.0,80.0,50.0,线束类,650.0,435.0,260.0,,纸箱,,,,,,,,
左前舱线束,,2680.0,80.0,50.0,线束类,650.0,435.0,260.0,,纸箱,,,,,,,,
车身线束总成合件,/,6875.0,80.0,50.0,线束类,650.0,435.0,260.0,,纸箱,,,,,,,,
后风窗玻璃总成合件,5.96,1321.0,503.0,4.0,玻璃类,1500.0,1140.0,800.0,,纸箱,,,,,,,,
顶棚合件,2.7,2700.0,1200.0,2200.0,内外饰件类,2700.0,1200.0,2200.0,,铁架,,,,,,,,
右遮阳板,0.59,387.0,23.0,132.0,内外饰件类,600.0,400.0,280.0,,纸箱,,,,,,,,
带导向六角法兰面螺栓和带齿垫圈组合件,0.237,,,,STD,,,,,,,,,,,,,
六角螺母和锥形弹性垫圈组合件,0.0047,,,,STD,,,,,,,,,,,,,
十字槽六角头法兰面螺栓,0.007,,,,STD,,,,,,,,,,,,,
内六角花形盘头螺钉,0.01,,,,STD,,,,,,,,,,,,,
散热器支架总成,4.2,636.0,460.0,136.0,大尺寸件（金属箱/围板箱来料）,1140.0,1140.0,545.0,,纸箱,,,,,,,,
内六角花形盘头自攻螺钉,0.01,,,,STD,,,,,,,,,,,,,
六角法兰面螺栓,0.0116,,,,STD,,,,,,,,,,,,,
六角头螺栓和平垫圈组合件,0.0111,,,,STD,,,,,,,,,,,,,
偏心垫圈,,,,,DKD件,,,,,STD,,,,,,,,
非金属嵌件六角法兰面锁紧螺母,,,,,总成件,,,,,,,,,,,,,
平垫圈,,,,,DKD件,,,,,STD,,,,,,,,
搭铁螺栓,0.0128,,,,STD,,,,,,,,,,,,,
十字槽六角头法兰面螺栓,0.0053,,,,STD,,,,,,,,,,,,,
内六角花形盘头螺钉,0.0059,,,,STD,,,,,,,,,,,,,
内六角花形盘头螺钉,0.01,,,,STD,,,,,,,,,,,,,
内六花形半沉头螺钉,0.01,,,,STD,,,,,,,,,,,,,
六角法兰面螺栓,0.0085,,,,STD,,,,,,,,,,,,,
搭铁螺栓,0.01,,,,STD,,,,,,,,,,,,,
六角法兰面螺栓,0.0129,,,,STD,,,,,,,,,,,,,
六角法兰面螺栓,0.0107,,,,STD,,,,,,,,,,,,,
内六角盘头螺钉和平垫圈组合件,0.01,,,,STD,,,,,,,,,,,,,
单管管夹,,0.0,0.0,0.0,小尺寸件（来料塑料箱）,365.0,275.0,160.0,,纸箱,,,,,,,,
前顶灯总成,0.77,,,,灯类,,,,,纸箱,,,,,,,,
E型环,,,,,DKD件,,,,,STD,,,,,,,,
六角法兰面螺母,0.0117,,,,STD,,,,,,,,,,,,,
前排安全拉手,0.11,220.0,69.0,30.0,小尺寸件（来料塑料箱）,650.0,435.0,260.0,,纸箱,,,,,,,,
后排左安全拉手,0.13,220.0,69.0,30.0,小尺寸件（来料塑料箱）,650.0,435.0,260.0,,纸箱,,,,,,,,
后排右安全拉手,0.13,220.0,69.0,30.0,小尺寸件（来料塑料箱）,650.0,435.0,260.0,,纸箱,,,,,,,,
左前驱动轴总成,8.03,695.0,110.0,110.0,大尺寸件（金属箱/围板箱来料）,1200.0,1000.0,740.0,,天地盖纸箱,,,,,,,,
右前驱动轴总成,8.26,695.0,110.0,110.0,大尺寸件（金属箱/围板箱来料）,1200.0,1000.0,740.0,,天地盖纸箱,,,,,,,,
T-BOX,0.35,225.0,132.0,26.0,小尺寸件（来料塑料箱）,650.0,435.0,160.0,,纸箱,,,,,,,,
左前车门防擦条合件,1.2106,1136.0,82.0,120.0,大尺寸件（金属箱/围板箱来料）,1430.0,1000.0,1180.0,,天地盖纸箱,,,,,,,,
右前车门防擦条合件,1.05,1136.0,82.0,120.0,大尺寸件（金属箱/围板箱来料）,1430.0,1000.0,1180.0,,天地盖纸箱,,,,,,,,
六角螺母和锥形大垫圈组合件,0.0105,,,,STD,,,,,,,,,,,,,
六角头螺栓和平垫圈组合件,0.0068,,,,STD,,,,,,,,,,,,,
十字槽盘头自攻螺钉-C型,0.01,,,,STD,,,,,,,,,,,,,
内六角花形沉头螺钉,0.0097,,,,STD,,,,,,,,,,,,,
十字槽大半圆头自攻螺钉-C型,0.01,,,,STD,,,,,,,,,,,,,
六角头螺栓和大平垫圈组合件,0.0072,,,,STD,,,,,,,,,,,,,
十字槽六角头法兰面螺栓,0.0062,,,,STD,,,,,,,,,,,,,
六角头螺栓、弹簧垫圈和平垫圈组合件,0.0078,,,,STD,,,,,,,,,,,,,
非金属嵌件六角法兰面锁紧螺母,,,,,总成件,,,,,,,,,,,,,
内六角花型盘头螺钉,0.0056,,,,STD,,,,,,,,,,,,,
大垫圈,0.0319,,,,STD,,,,,,,,,,,,,
六角头螺栓、弹簧垫圈和大垫圈组合件,0.009,,,,STD,,,,,,,,,,,,,
六角头螺栓和平垫圈组合件,0.0153,,,,STD,,,,,,,,,,,,,
非金属嵌件六角法兰面锁紧螺母,,,,,总成件,,,,,,,,,,,,,
内六角花形大半圆头螺钉和平垫圈组合件,0.0046,,,,STD,,,,,,,,,,,,,
内六角花形大盘头螺钉,0.0073,,,,STD,,,,,,,,,,,,,
机舱左前装饰板总成,,,,,DKD件,,,,,天地盖纸箱,,,,,,,,
六角法兰面螺栓和平垫圈组合件,0.07,,,,STD,,,,,,,,,,,,,
内六角花型大盘头螺栓,0.03,,,,STD,,,,,,,,,,,,,
十字槽大半圆头自攻螺钉-C型,0.01,,,,STD,,,,,,,,,,,,,
内六角花形六角法兰面螺栓,0.01,,,,STD,,,,,,,,,,,,,
六角法兰面螺栓,0.0177,,,,STD,,,,,,,,,,,,,
碰卡,0.0012,,,,STD,,,,,,,,,,,,,
车轮螺栓装饰盖及拆卸夹,0.0603,,,,STD,,,,,,,,,,,,,
机舱前中装饰板总成,,,,,DKD件,,,,,天地盖纸箱,,,,,,,,
六角法兰面螺栓,0.0612,,,,STD,,,,,,,,,,,,,
六角法兰面螺栓,0.0086,,,,STD,,,,,,,,,,,,,
六角法兰面螺栓和平垫圈组合件,0.0591,,,,STD,,,,,,,,,,,,,
带导向六角法兰面螺栓和平垫圈组合件,0.07,,,,STD,,,,,,,,,,,,,
搭铁螺栓,0.007,,,,STD,,,,,,,,,,,,,
六角法兰面螺栓和垫片组合件,0.0235,,,,STD,,,,,,,,,,,,,
内六角花形盘头螺钉,0.0072,,,,STD,,,,,,,,,,,,,
全金属六角法兰面锁紧螺母,0.038,,,,STD,,,,,,,,,,,,,
前制动软管安装垫圈,,,,,总成件,,,,,,,,,,,,,
平垫圈,,,,,DKD件,,,,,STD,,,,,,,,
前悬总成,,,,,总成件,,,,,铁架,,,,,,,,
三通比例阀出水管总成,,,,,总成件,,,,,,,,,,,,,
前副车架合件,,,,,总成件,,,,,,,,,,,,,
EPS电机线束支架,,,,,总成件,,,,,,,,,,,,,
水管支架7,,,,,总成件,,,,,,,,,,,,,
转向器隔热垫,,,,,总成件,,,,,,,,,,,,,
转向器带横拉杆总成,,,,,总成件,,,,,,,,,,,,,
仪表板总成,,,,,总成件,,,,,铁架,,,,,,,,
右除霜风管总成,,,,,总成件,,,,,,,,,,,,,
自动空调控制面板,,,,,总成件,,,,,,,,,,,,,
左侧出风口总成,,,,,总成件,,,,,,,,,,,,,
HVAC总成,,,,,总成件,,,,,,,,,,,,,
车身控制器支架,,,,,总成件,,,,,,,,,,,,,
转向柱开关总成,,,,,总成件,,,,,,,,,,,,,
手套箱右侧装饰,,,,,总成件,,,,,,,,,,,,,
高音扬声器,,,,,总成件,,,,,,,,,,,,,
中央出风口总成,,,,,总成件,,,,,,,,,,,,,
屏幕上盖板骨架总成,,,,,总成件,,,,,,,,,,,,,
无线电信号控制盒,,,,,总成件,,,,,,,,,,,,,
右侧吹脚风管总成,,,,,总成件,,,,,,,,,,,,,
屏幕上盖板装饰件,,,,,总成件,,,,,,,,,,,,,
屏幕上盖板总成,,,,,总成件,,,,,,,,,,,,,
点光源,,,,,总成件,,,,,,,,,,,,,
左除霜风管总成,,,,,总成件,,,,,,,,,,,,,
座舱中央控制盒,,,,,总成件,,,,,,,,,,,,,
自动空调控制器,,,,,总成件,,,,,,,,,,,,,
仪表线束总成,,,,,总成件,,,,,,,,,,,,,
左侧吹脚风管总成,,,,,总成件,,,,,,,,,,,,,
室温传感器,,,,,总成件,,,,,,,,,,,,,
中置扬声器,,,,,总成件,,,,,,,,,,,,,
网关,,,,,总成件,,,,,,,,,,,,,
大屏升降机构,,,,,总成件,,,,,,,,,,,,,
后悬总成,,,,,总成件,,,,,铁架,,,,,,,,
后稳定杆支架,,,,,总成件,,,,,,,,,,,,,
后前束控制臂总成,,,,,总成件,,,,,,,,,,,,,
左后高度传感器线束支架,,,,,总成件,,,,,,,,,,,,,
右后驱动轴总成,,,,,总成件,,,,,,,,,,,,,
右后制动器总成,,,,,总成件,,,,,,,,,,,,,
后副车架合件,,,,,总成件,,,,,,,,,,,,,
后电机前悬置总成,,,,,总成件,,,,,,,,,,,,,
后电机右悬置支架,,,,,总成件,,,,,,,,,,,,,
后减振器支柱总成,4.5,,,,,1080.0,920.0,800.0,,纸箱,,,,,,,,
右后高度传感器线束支架,,,,,总成件,,,,,,,,,,,,,
后制动软管（右）,,,,,总成件,,,,,,,,,,,,,
左后驱动轴总成,,,,,总成件,,,,,,,,,,,,,
后电驱系统合件,,,,,总成件,,,,,,,,,,,,,
后稳定杆总成,,,,,总成件,,,,,,,,,,,,,
连接轴总成,,,,,总成件,,,,,,,,,,,,,
后电机左悬置支架,,,,,总成件,,,,,,,,,,,,,
左后制动器总成,,,,,总成件,,,,,,,,,,,,,
发动机总成,,,,,总成件,,,,,铁架,,,,,,,,
增程控制器进水软管,,,,,总成件,,,,,,,,,,,,,
四通控制阀水管3,,,,,总成件,,,,,,,,,,,,,
暖芯水泵总成,,,,,总成件,,,,,,,,,,,,,
前驱动电机总成,86.5,,,,,1200.0,1150.0,600.0,,天地盖纸箱,,,,,,,,
GCU搭铁线束总成,,,,,总成件,,,,,,,,,,,,,
水管支架2,,,,,总成件,,,,,,,,,,,,,
PTC2进水软管,0.151,,,,,620.0,420.0,290.0,,纸箱,,,,,,,,
蓄水瓶进水软管,0.465,,,,,600.0,400.0,270.0,,纸箱,,,,,,,,
水加热PTC总成,3.75,,,,,550.0,365.0,210.0,,纸箱,,,,,,,,
前电机搭铁线束,0.12,,,,,650.0,435.0,260.0,,纸箱,,,,,,,,
高压发电机总成,,,,,总成件,,,,,,,,,,,,,
GCU安装托盘总成,1.931,,,,,1330.0,1140.0,545.0,,纸箱,,,,,,,,
前舱高压盒总成,2,,,,,550.0,365.0,210.0,,纸箱,,,,,,,,
水泵安装支架1,0.101,,,,,435.0,325.0,210.0,,纸箱,,,,,,,,
四通控制阀水管2,0.268,,,,,620.0,420.0,290.0,,纸箱,,,,,,,,
发动机总成,,,,,总成件,,,,,,,,,,,,,
中通道出水软管,0.479,,,,,600.0,400.0,280.0,,纸箱,,,,,,,,
低温散热器出水管总成,0.344,,,,,620.0,420.0,290.0,,纸箱,,,,,,,,
发动机搭铁线束,,,,,总成件,,,,,,,,,,,,,
水管支架1,,,,,总成件,,,,,,,,,,,,,
发动机线束总成,,,,,总成件,,,,,,,,,,,,,
前副车架线束总成,0.335,,,,,650.0,435.0,260.0,,纸箱,,,,,,,,
高压盒搭铁线束,,,,,总成件,,,,,,,,,,,,,
前端模块总成,,,,,总成件,,,,,纸箱,,,,,,,,
散热器下支架,,,,,总成件,,,,,,,,,,,,,
散热器上减振垫,,,,,总成件,,,,,,,,,,,,,
冷凝器总成,,,,,总成件,,,,,,,,,,,,,
散热器上减振垫,,,,,总成件,,,,,,,,,,,,,
散热器下支架,,,,,总成件,,,,,,,,,,,,,
冷凝器左侧密封垫,,,,,总成件,,,,,,,,,,,,,
散热器电子风扇模块总成,,,,,总成件,,,,,,,,,,,,,
前端模块框架,,,,,总成件,,,,,,,,,,,,,
油箱隔离阀总成,0.45,,,,,550.0,365.0,210.0,,纸箱,,,,,,,,
前悬架左前上控制臂总成,0.465,,,,,600.0,400.0,148.0,,纸箱,,,,,,,,
前悬架右前上控制臂总成,0.47,,,,,600.0,400.0,148.0,,纸箱,,,,,,,,
前悬架左后上控制臂总成,0.45,,,,,600.0,400.0,148.0,,纸箱,,,,,,,,
前悬架右后上控制臂总成,0.5,,,,,600.0,400.0,148.0,,纸箱,,,,,,,,
前稳定杆接头总成,0.568,,,,,600.0,400.0,148.0,,纸箱,,,,,,,,
左前轮速传感器总成,0.06,,,,,550.0,365.0,160.0,,纸箱,,,,,,,,
右前轮速传感器总成,0.123,,,,,550.0,365.0,160.0,,纸箱,,,,,,,,
行李箱左后绳钩装饰件,0.016,,,,,365.0,275.0,160.0,,纸箱,,,,,,,,
行李箱右后绳钩装饰件,0.016,,,,,365.0,275.0,160.0,,纸箱,,,,,,,,
左前门导轨总成,0.214,,,,,650.0,435.0,210.0,,纸箱,,,,,,,,
右前门导轨总成,0.2174,,,,,650.0,435.0,210.0,,纸箱,,,,,,,,
前门内开拉丝总成,0.0347,,,,,650.0,435.0,210.0,,纸箱,,,,,,,,
后门内开拉丝总成,0.038,,,,,650.0,435.0,210.0,,纸箱,,,,,,,,
重低音扬声器,2.605,,,,,1100.0,550.0,330.0,,纸箱,,,,,,,,
充电机水管总成,0.65,,,,,,,,,纸箱,,,,,,,,
后出风口总成,0.206,,,,,650.0,435.0,260.0,,纸箱,,,,,,,,
后出风口总成,0.206,,,,,650.0,435.0,260.0,,纸箱,,,,,,,,
内十二齿花形盘头螺栓,,,,,总成件,,,,,,,,,,,,,
公差调节器,0.036,,,,,365.0,275.0,160.0,,STD,,,,,,,,
十字槽盘头自攻螺钉-F型,,,,,总成件,,,,,,,,,,,,,
